// AUTO-GENERATED from data/bpp9000.task by cmake/EmbedBinary.cmake.
// SHA-256: 1d4dfbdf620325737ef940bb0ade7e73546bb5d72cd1b4b8141f82e5e096936c
#pragma once

alignas(64) inline constexpr unsigned char BPP9000_TASK_BYTES[] = {
    0x4c, 0x55, 0x54, 0x54, 0x01, 0x00, 0x00, 0x00, 0x12, 0x00, 0x00, 0x00, 0x01, 0x00, 0x00, 0x00,
    0xe1, 0x22, 0x00, 0x00, 0x00, 0x00, 0x00, 0x00, 0x40, 0x00, 0x00, 0x00, 0x03, 0x00, 0x00, 0x00,
    0x1d, 0xcc, 0x19, 0x94, 0x1b, 0xb5, 0x25, 0xe8, 0xa8, 0x1f, 0xbd, 0xac, 0x61, 0x2d, 0x3d, 0xa9,
    0x2a, 0xba, 0x06, 0xe8, 0x75, 0x3a, 0xfb, 0x29, 0x74, 0xbc, 0xbe, 0xa6, 0xa6, 0x86, 0xd5, 0xda,
    0xe8, 0x35, 0x13, 0x0d, 0x75, 0x54, 0x6c, 0xa3, 0xe7, 0xcb, 0xfc, 0x12, 0x80, 0xe7, 0x34, 0x5d,
    0x6f, 0x92, 0xb9, 0x1d, 0x0f, 0x6e, 0x7b, 0xb1, 0xa3, 0xed, 0xf7, 0x45, 0xd3, 0xef, 0x03, 0xb3,
    0x32, 0x00, 0x00, 0x00, 0x08, 0x00, 0x00, 0x00, 0x00, 0x00, 0x00, 0x00, 0x2a, 0x00, 0x00, 0x00,
    0x25, 0x00, 0x00, 0x00, 0x2b, 0x00, 0x00, 0x00, 0x2c, 0x00, 0x00, 0x00, 0x33, 0x00, 0x00, 0x00,
    0x03, 0x00, 0x00, 0x00, 0x09, 0x00, 0x00, 0x00, 0x19, 0x00, 0x00, 0x00, 0x2d, 0x00, 0x00, 0x00,
    0x22, 0x00, 0x00, 0x00, 0x35, 0x00, 0x00, 0x00, 0x1b, 0x00, 0x00, 0x00, 0x02, 0x00, 0x00, 0x00,
    0x3d, 0x00, 0x00, 0x00, 0x18, 0x00, 0x00, 0x00, 0x1a, 0x00, 0x00, 0x00, 0x26, 0x00, 0x00, 0x00,
    0x13, 0x00, 0x00, 0x00, 0x31, 0x00, 0x00, 0x00, 0x03, 0x00, 0x00, 0x00, 0x2d, 0x00, 0x00, 0x00,
    0x09, 0x00, 0x00, 0x00, 0x1b, 0x00, 0x00, 0x00, 0x28, 0x00, 0x00, 0x00, 0x39, 0x00, 0x00, 0x00,
    0x17, 0x00, 0x00, 0x00, 0x36, 0x00, 0x00, 0x00, 0x02, 0x00, 0x00, 0x00, 0x1f, 0x00, 0x00, 0x00,
    0x01, 0x00, 0x00, 0x00, 0x1a, 0x00, 0x00, 0x00, 0x1b, 0x00, 0x00, 0x00, 0x0a, 0x00, 0x00, 0x00,
    0x00, 0x00, 0x00, 0x00, 0x18, 0x00, 0x00, 0x00, 0x2b, 0x00, 0x00, 0x00, 0x15, 0x00, 0x00, 0x00,
    0x24, 0x00, 0x00, 0x00, 0x19, 0x00, 0x00, 0x00, 0x36, 0x00, 0x00, 0x00, 0x1d, 0x00, 0x00, 0x00,
    0x38, 0x00, 0x00, 0x00, 0x06, 0x00, 0x00, 0x00, 0x0d, 0x00, 0x00, 0x00, 0x2d, 0x00, 0x00, 0x00,
    0x33, 0x00, 0x00, 0x00, 0x1a, 0x00, 0x00, 0x00, 0x10, 0x00, 0x00, 0x00, 0x11, 0x00, 0x00, 0x00,
    0x0a, 0x00, 0x00, 0x00, 0x0e, 0x00, 0x00, 0x00, 0x02, 0x00, 0x00, 0x00, 0x3c, 0x00, 0x00, 0x00,
    0x23, 0x00, 0x00, 0x00, 0x20, 0x00, 0x00, 0x00, 0x39, 0x00, 0x00, 0x00, 0x3e, 0x00, 0x00, 0x00,
    0x37, 0x00, 0x00, 0x00, 0x24, 0x00, 0x00, 0x00, 0x1c, 0x00, 0x00, 0x00, 0x18, 0x00, 0x00, 0x00,
    0x14, 0x00, 0x00, 0x00, 0x36, 0x00, 0x00, 0x00, 0x2b, 0x00, 0x00, 0x00, 0x31, 0x00, 0x00, 0x00,
    0x16, 0x00, 0x00, 0x00, 0x06, 0x00, 0x00, 0x00, 0x27, 0x00, 0x00, 0x00, 0x0c, 0x00, 0x00, 0x00,
    0x1f, 0x00, 0x00, 0x00, 0x0b, 0x00, 0x00, 0x00, 0x3f, 0x00, 0x00, 0x00, 0x1e, 0x00, 0x00, 0x00,
    0x0b, 0x00, 0x00, 0x00, 0x0d, 0x00, 0x00, 0x00, 0x3c, 0x00, 0x00, 0x00, 0x3b, 0x00, 0x00, 0x00,
    0x3e, 0x00, 0x00, 0x00, 0x04, 0x00, 0x00, 0x00, 0x30, 0x00, 0x00, 0x00, 0x07, 0x00, 0x00, 0x00,
    0x23, 0x00, 0x00, 0x00, 0x17, 0x00, 0x00, 0x00, 0x08, 0x00, 0x00, 0x00, 0x25, 0x00, 0x00, 0x00,
    0x00, 0x00, 0x00, 0x00, 0x37, 0x00, 0x00, 0x00, 0x32, 0x00, 0x00, 0x00, 0x35, 0x00, 0x00, 0x00,
    0x24, 0x00, 0x00, 0x00, 0x3a, 0x00, 0x00, 0x00, 0x2d, 0x00, 0x00, 0x00, 0x3f, 0x00, 0x00, 0x00,
    0x33, 0x00, 0x00, 0x00, 0x03, 0x00, 0x00, 0x00, 0x3d, 0x00, 0x00, 0x00, 0x2e, 0x00, 0x00, 0x00,
    0x33, 0x00, 0x00, 0x00, 0x3e, 0x00, 0x00, 0x00, 0x18, 0x00, 0x00, 0x00, 0x38, 0x00, 0x00, 0x00,
    0x27, 0x00, 0x00, 0x00, 0x2c, 0x00, 0x00, 0x00, 0x25, 0x00, 0x00, 0x00, 0x0e, 0x00, 0x00, 0x00,
    0x2c, 0x00, 0x00, 0x00, 0x0f, 0x00, 0x00, 0x00, 0x32, 0x00, 0x00, 0x00, 0x28, 0x00, 0x00, 0x00,
    0x07, 0x00, 0x00, 0x00, 0x11, 0x00, 0x00, 0x00, 0x1c, 0x00, 0x00, 0x00, 0x3a, 0x00, 0x00, 0x00,
    0x34, 0x00, 0x00, 0x00, 0x2f, 0x00, 0x00, 0x00, 0x29, 0x00, 0x00, 0x00, 0x38, 0x00, 0x00, 0x00,
    0x2a, 0x00, 0x00, 0x00, 0x07, 0x00, 0x00, 0x00, 0x00, 0x00, 0x00, 0x00, 0x06, 0x00, 0x00, 0x00,
    0x12, 0x00, 0x00, 0x00, 0x10, 0x00, 0x00, 0x00, 0x0e, 0x00, 0x00, 0x00, 0x3f, 0x00, 0x00, 0x00,
    0x05, 0x00, 0x00, 0x00, 0x07, 0x00, 0x00, 0x00, 0x1d, 0x00, 0x00, 0x00, 0x33, 0x00, 0x00, 0x00,
    0x16, 0x00, 0x00, 0x00, 0x26, 0x00, 0x00, 0x00, 0x05, 0x00, 0x00, 0x00, 0x02, 0x00, 0x00, 0x00,
    0x34, 0x00, 0x00, 0x00, 0x34, 0x00, 0x00, 0x00, 0x13, 0x00, 0x00, 0x00, 0x3b, 0x00, 0x00, 0x00,
    0x31, 0x00, 0x00, 0x00, 0x13, 0x00, 0x00, 0x00, 0x05, 0x00, 0x00, 0x00, 0x25, 0x00, 0x00, 0x00,
    0x35, 0x00, 0x00, 0x00, 0x10, 0x00, 0x00, 0x00, 0x29, 0x00, 0x00, 0x00, 0x08, 0x00, 0x00, 0x00,
    0x04, 0x00, 0x00, 0x00, 0x19, 0x00, 0x00, 0x00, 0x1c, 0x00, 0x00, 0x00, 0x0c, 0x00, 0x00, 0x00,
    0x22, 0x00, 0x00, 0x00, 0x1e, 0x00, 0x00, 0x00, 0x01, 0x00, 0x00, 0x00, 0x2c, 0x00, 0x00, 0x00,
    0x0d, 0x00, 0x00, 0x00, 0x19, 0x00, 0x00, 0x00, 0x12, 0x00, 0x00, 0x00, 0x26, 0x00, 0x00, 0x00,
    0x16, 0x00, 0x00, 0x00, 0x27, 0x00, 0x00, 0x00, 0x30, 0x00, 0x00, 0x00, 0x32, 0x00, 0x00, 0x00,
    0x17, 0x00, 0x00, 0x00, 0x3b, 0x00, 0x00, 0x00, 0x15, 0x00, 0x00, 0x00, 0x2e, 0x00, 0x00, 0x00,
    0x09, 0x00, 0x00, 0x00, 0x35, 0x00, 0x00, 0x00, 0x23, 0x00, 0x00, 0x00, 0x11, 0x00, 0x00, 0x00,
    0x3a, 0x00, 0x00, 0x00, 0x1b, 0x00, 0x00, 0x00, 0x28, 0x00, 0x00, 0x00, 0x0b, 0x00, 0x00, 0x00,
    0x21, 0x00, 0x00, 0x00, 0x09, 0x00, 0x00, 0x00, 0x04, 0x00, 0x00, 0x00, 0x14, 0x00, 0x00, 0x00,
    0x3d, 0x00, 0x00, 0x00, 0x15, 0x00, 0x00, 0x00, 0x20, 0x00, 0x00, 0x00, 0x0f, 0x00, 0x00, 0x00,
    0x2f, 0x00, 0x00, 0x00, 0x22, 0x00, 0x00, 0x00, 0x1e, 0x00, 0x00, 0x00, 0x12, 0x00, 0x00, 0x00,
    0x21, 0x00, 0x00, 0x00, 0x3c, 0x00, 0x00, 0x00, 0x3d, 0x00, 0x00, 0x00, 0x3d, 0x00, 0x00, 0x00,
    0x2b, 0x00, 0x00, 0x00, 0x26, 0x00, 0x00, 0x00, 0x39, 0x00, 0x00, 0x00, 0x14, 0x00, 0x00, 0x00,
    0x22, 0x00, 0x00, 0x00, 0x10, 0x00, 0x00, 0x00, 0x2a, 0x00, 0x00, 0x00, 0x0a, 0x00, 0x00, 0x00,
    0x2a, 0x00, 0x00, 0x00, 0x20, 0x00, 0x00, 0x00, 0x29, 0x00, 0x00, 0x00, 0x2f, 0x00, 0x00, 0x00,
    0x1f, 0x00, 0x00, 0x00, 0x01, 0x00, 0x00, 0x00, 0x0c, 0x00, 0x00, 0x00, 0x2e, 0x00, 0x00, 0x00,
    0x1a, 0x00, 0x00, 0x00, 0x03, 0x00, 0x00, 0x00, 0x1d, 0x00, 0x00, 0x00, 0x08, 0x00, 0x00, 0x00,
    0x79, 0x0d, 0x0d, 0x0d, 0x00, 0x00, 0x51, 0x5e, 0x0c, 0x01, 0x79, 0x28, 0x79, 0x0c, 0x00, 0x79,
    0x28, 0x0d, 0x01, 0x00, 0x00, 0x00, 0x5e, 0x04, 0x01, 0x79, 0x79, 0x70, 0x04, 0x00, 0x79, 0x79,
    0x25, 0x04, 0x00, 0x79, 0x79, 0x00, 0x00, 0x00, 0x79, 0x79, 0x28, 0x09, 0x00, 0x79, 0x79, 0x5b,
    0x09, 0x00, 0x00, 0x00, 0x27, 0x0d, 0x01, 0x00, 0x51, 0x78, 0x00, 0x01, 0x00, 0x00, 0x1f, 0x0c,
    0x01, 0x00, 0x00, 0x1c, 0x00, 0x01, 0x00, 0x51, 0x00, 0x09, 0x01, 0x79, 0x28, 0x5b, 0x09, 0x00,
    0x00, 0x00, 0x24, 0x04, 0x01, 0x00, 0x00, 0x04, 0x01, 0x01, 0x00, 0x51, 0x6c, 0x0d, 0x01, 0x00,
    0x00, 0x6d, 0x0d, 0x01, 0x00, 0x00, 0x04, 0x00, 0x01, 0x79, 0x79, 0x1e, 0x09, 0x00, 0x79, 0x79,
    0x5a, 0x0a, 0x00, 0x00, 0x1b, 0x6c, 0x09, 0x01, 0x79, 0x28, 0x28, 0x04, 0x00, 0x00, 0x51, 0x27,
    0x0c, 0x01, 0x79, 0x79, 0x09, 0x00, 0x00, 0x00, 0x1b, 0x76, 0x03, 0x01, 0x79, 0x79, 0x1c, 0x00,
    0x00, 0x79, 0x79, 0x5e, 0x0c, 0x00, 0x00, 0x00, 0x28, 0x0d, 0x01, 0x00, 0x51, 0x54, 0x00, 0x01,
    0x00, 0x1b, 0x6f, 0x04, 0x01, 0x79, 0x79, 0x1f, 0x00, 0x00, 0x00, 0x00, 0x6c, 0x09, 0x01, 0x00,
    0x00, 0x27, 0x0a, 0x01, 0x79, 0x28, 0x78, 0x00, 0x00, 0x00, 0x6c, 0x6c, 0x04, 0x01, 0x79, 0x0d,
    0x70, 0x0d, 0x00, 0x00, 0x6c, 0x00, 0x0d, 0x01, 0x79, 0x28, 0x5a, 0x00, 0x00, 0x00, 0x1b, 0x24,
    0x03, 0x01, 0x79, 0x79, 0x79, 0x04, 0x00, 0x79, 0x79, 0x28, 0x01, 0x00, 0x79, 0x79, 0x0a, 0x0c,
    0x00, 0x79, 0x28, 0x1f, 0x03, 0x00, 0x00, 0x00, 0x54, 0x03, 0x01, 0x79, 0x79, 0x0c, 0x09, 0x00,
    0x00, 0x00, 0x6d, 0x0d, 0x01, 0x79, 0x79, 0x5e, 0x04, 0x00, 0x00, 0x00, 0x6f, 0x0d, 0x01, 0x79,
    0x79, 0x00, 0x0d, 0x00, 0x79, 0x79, 0x1f, 0x00, 0x00, 0x79, 0x79, 0x6c, 0x04, 0x00, 0x79, 0x79,
    0x1b, 0x0a, 0x00, 0x79, 0x79, 0x1e, 0x03, 0x00, 0x00, 0x51, 0x5b, 0x00, 0x01, 0x79, 0x79, 0x76,
    0x0d, 0x00, 0x00, 0x51, 0x51, 0x0a, 0x01, 0x79, 0x79, 0x0a, 0x0a, 0x00, 0x79, 0x79, 0x6f, 0x04,
    0x00, 0x00, 0x51, 0x79, 0x0d, 0x01, 0x00, 0x51, 0x79, 0x09, 0x01, 0x00, 0x51, 0x6f, 0x0c, 0x01,
    0x00, 0x00, 0x6d, 0x04, 0x01, 0x00, 0x51, 0x28, 0x04, 0x01, 0x00, 0x00, 0x03, 0x00, 0x01, 0x79,
    0x28, 0x5e, 0x00, 0x00, 0x79, 0x79, 0x70, 0x09, 0x00, 0x00, 0x00, 0x1b, 0x0d, 0x01, 0x79, 0x79,
    0x01, 0x04, 0x00, 0x79, 0x79, 0x09, 0x00, 0x00, 0x00, 0x00, 0x6f, 0x03, 0x01, 0x00, 0x51, 0x51,
    0x09, 0x01, 0x79, 0x79, 0x1c, 0x0d, 0x00, 0x79, 0x79, 0x75, 0x09, 0x00, 0x00, 0x00, 0x78, 0x0a,
    0x01, 0x00, 0x00, 0x00, 0x03, 0x01, 0x00, 0x00, 0x1c, 0x00, 0x01, 0x79, 0x28, 0x1c, 0x03, 0x00,
    0x79, 0x79, 0x5a, 0x00, 0x00, 0x00, 0x00, 0x0c, 0x0c, 0x01, 0x00, 0x00, 0x0c, 0x01, 0x01, 0x79,
    0x79, 0x79, 0x0d, 0x00, 0x00, 0x00, 0x1e, 0x0a, 0x01, 0x00, 0x00, 0x75, 0x04, 0x01, 0x79, 0x28,
    0x01, 0x0d, 0x00, 0x00, 0x00, 0x5a, 0x0d, 0x01, 0x00, 0x51, 0x24, 0x0d, 0x01, 0x79, 0x79, 0x55,
    0x03, 0x00, 0x00, 0x00, 0x55, 0x01, 0x01, 0x00, 0x51, 0x25, 0x09, 0x01, 0x79, 0x79, 0x1b, 0x0c,
    0x00, 0x00, 0x00, 0x24, 0x0d, 0x01, 0x79, 0x79, 0x75, 0x01, 0x00, 0x79, 0x79, 0x79, 0x00, 0x00,
    0x79, 0x79, 0x0a, 0x0d, 0x00, 0x00, 0x00, 0x0c, 0x0d, 0x01, 0x79, 0x79, 0x70, 0x09, 0x00, 0x00,
    0x00, 0x5b, 0x09, 0x01, 0x00, 0x00, 0x00, 0x03, 0x01, 0x00, 0x00, 0x6f, 0x01, 0x01, 0x79, 0x79,
    0x54, 0x03, 0x00, 0x79, 0x28, 0x5d, 0x00, 0x00, 0x79, 0x79, 0x5a, 0x0d, 0x00, 0x00, 0x00, 0x1e,
    0x0a, 0x01, 0x79, 0x79, 0x0a, 0x09, 0x00, 0x00, 0x00, 0x01, 0x00, 0x01, 0x79, 0x79, 0x25, 0x00,
    0x00, 0x00, 0x00, 0x0a, 0x0a, 0x01, 0x00, 0x00, 0x5b, 0x04, 0x01, 0x00, 0x00, 0x00, 0x04, 0x01,
    0x79, 0x28, 0x1f, 0x00, 0x00, 0x00, 0x00, 0x76, 0x01, 0x01, 0x00, 0x00, 0x0a, 0x09, 0x01, 0x00,
    0x00, 0x04, 0x01, 0x01, 0x00, 0x00, 0x70, 0x0a, 0x01, 0x00, 0x00, 0x04, 0x04, 0x01, 0x79, 0x28,
    0x25, 0x0a, 0x00, 0x79, 0x79, 0x5d, 0x0a, 0x00, 0x00, 0x1b, 0x6c, 0x04, 0x01, 0x00, 0x00, 0x75,
    0x00, 0x01, 0x00, 0x00, 0x70, 0x0d, 0x01, 0x00, 0x51, 0x5b, 0x01, 0x01, 0x00, 0x00, 0x01, 0x04,
    0x01, 0x79, 0x79, 0x5b, 0x00, 0x00, 0x79, 0x79, 0x75, 0x0d, 0x00, 0x79, 0x28, 0x5e, 0x01, 0x00,
    0x79, 0x79, 0x1f, 0x0a, 0x00, 0x79, 0x79, 0x6c, 0x00, 0x00, 0x00, 0x51, 0x5e, 0x01, 0x01, 0x79,
    0x79, 0x6d, 0x09, 0x00, 0x00, 0x51, 0x1e, 0x00, 0x01, 0x00, 0x09, 0x70, 0x01, 0x01, 0x00, 0x5a,
    0x01, 0x0c, 0x01, 0x00, 0x00, 0x51, 0x0c, 0x01, 0x79, 0x28, 0x76, 0x09, 0x00, 0x79, 0x79, 0x0a,
    0x0c, 0x00, 0x00, 0x00, 0x54, 0x04, 0x01, 0x00, 0x51, 0x24, 0x04, 0x01, 0x79, 0x5e, 0x79, 0x0a,
    0x00, 0x00, 0x51, 0x1c, 0x00, 0x01, 0x00, 0x00, 0x0d, 0x00, 0x01, 0x79, 0x79, 0x75, 0x04, 0x00,
    0x79, 0x79, 0x01, 0x03, 0x00, 0x79, 0x79, 0x1b, 0x03, 0x00, 0x00, 0x00, 0x6c, 0x04, 0x01, 0x79,
    0x79, 0x1f, 0x0d, 0x00, 0x00, 0x00, 0x54, 0x01, 0x01, 0x00, 0x00, 0x54, 0x04, 0x01, 0x79, 0x79,
    0x0c, 0x01, 0x00, 0x00, 0x00, 0x28, 0x00, 0x01, 0x79, 0x79, 0x54, 0x03, 0x00, 0x79, 0x28, 0x04,
    0x01, 0x00, 0x79, 0x5e, 0x04, 0x00, 0x00, 0x79, 0x79, 0x25, 0x00, 0x00, 0x79, 0x79, 0x52, 0x04,
    0x00, 0x79, 0x5e, 0x5d, 0x0d, 0x00, 0x79, 0x04, 0x1b, 0x01, 0x00, 0x79, 0x79, 0x09, 0x04, 0x00,
    0x79, 0x28, 0x24, 0x0d, 0x00, 0x79, 0x5e, 0x28, 0x03, 0x00, 0x79, 0x28, 0x1f, 0x0a, 0x00, 0x00,
    0x00, 0x1e, 0x09, 0x01, 0x79, 0x79, 0x0d, 0x00, 0x00, 0x00, 0x1b, 0x1c, 0x0d, 0x01, 0x79, 0x79,
    0x5a, 0x0d, 0x00, 0x00, 0x51, 0x75, 0x09, 0x01, 0x79, 0x28, 0x1c, 0x0d, 0x00, 0x79, 0x79, 0x0d,
    0x0c, 0x00, 0x79, 0x28, 0x6d, 0x0d, 0x00, 0x79, 0x79, 0x00, 0x04, 0x00, 0x00, 0x00, 0x70, 0x09,
    0x01, 0x79, 0x70, 0x54, 0x00, 0x00, 0x00, 0x51, 0x27, 0x0a, 0x01, 0x00, 0x51, 0x09, 0x09, 0x01,
    0x79, 0x5e, 0x79, 0x0d, 0x00, 0x00, 0x1b, 0x1b, 0x00, 0x01, 0x79, 0x0d, 0x04, 0x04, 0x00, 0x79,
    0x79, 0x51, 0x09, 0x00, 0x00, 0x51, 0x28, 0x00, 0x01, 0x79, 0x79, 0x0a, 0x00, 0x00, 0x00, 0x00,
    0x55, 0x04, 0x01, 0x79, 0x5e, 0x75, 0x04, 0x00, 0x79, 0x5e, 0x51, 0x0c, 0x00, 0x00, 0x00, 0x1f,
    0x01, 0x01, 0x00, 0x00, 0x00, 0x09, 0x01, 0x79, 0x28, 0x79, 0x00, 0x00, 0x00, 0x51, 0x5e, 0x09,
    0x01, 0x00, 0x6c, 0x24, 0x04, 0x01, 0x79, 0x79, 0x6c, 0x03, 0x00, 0x00, 0x00, 0x54, 0x03, 0x01,
    0x79, 0x79, 0x5d, 0x09, 0x00, 0x79, 0x79, 0x24, 0x09, 0x00, 0x79, 0x5e, 0x1b, 0x0c, 0x00, 0x00,
    0x51, 0x52, 0x01, 0x01, 0x00, 0x00, 0x24, 0x09, 0x01, 0x79, 0x28, 0x01, 0x04, 0x00, 0x79, 0x0d,
    0x1c, 0x0d, 0x00, 0x79, 0x79, 0x03, 0x09, 0x00, 0x00, 0x51, 0x0d, 0x04, 0x01, 0x79, 0x79, 0x55,
    0x09, 0x00, 0x00, 0x00, 0x00, 0x0c, 0x01, 0x79, 0x79, 0x1f, 0x0a, 0x00, 0x79, 0x1f, 0x0c, 0x01,
    0x00, 0x00, 0x6c, 0x5d, 0x04, 0x01, 0x00, 0x5a, 0x0c, 0x01, 0x01, 0x00, 0x00, 0x00, 0x0d, 0x01,
    0x79, 0x55, 0x5e, 0x03, 0x00, 0x00, 0x51, 0x03, 0x0d, 0x01, 0x79, 0x70, 0x5b, 0x03, 0x00, 0x79,
    0x79, 0x79, 0x09, 0x00, 0x00, 0x00, 0x55, 0x04, 0x01, 0x00, 0x51, 0x6f, 0x0c, 0x01, 0x00, 0x00,
    0x0c, 0x00, 0x01, 0x00, 0x00, 0x0d, 0x00, 0x01, 0x00, 0x51, 0x03, 0x0d, 0x01, 0x00, 0x51, 0x00,
    0x0a, 0x01, 0x00, 0x51, 0x54, 0x01, 0x01, 0x00, 0x00, 0x52, 0x04, 0x01, 0x00, 0x00, 0x27, 0x0d,
    0x01, 0x00, 0x51, 0x5a, 0x00, 0x01, 0x00, 0x00, 0x28, 0x00, 0x01, 0x00, 0x00, 0x76, 0x0c, 0x01,
    0x00, 0x00, 0x27, 0x09, 0x01, 0x00, 0x51, 0x0a, 0x0d, 0x01, 0x79, 0x79, 0x27, 0x03, 0x00, 0x79,
    0x79, 0x55, 0x0a, 0x00, 0x79, 0x1f, 0x03, 0x04, 0x00, 0x00, 0x1b, 0x5a, 0x0d, 0x01, 0x79, 0x28,
    0x78, 0x0d, 0x00, 0x79, 0x79, 0x5b, 0x03, 0x00, 0x00, 0x03, 0x0c, 0x01, 0x01, 0x79, 0x0d, 0x6f,
    0x0a, 0x00, 0x00, 0x51, 0x1f, 0x09, 0x01, 0x79, 0x5e, 0x27, 0x09, 0x00, 0x79, 0x79, 0x04, 0x0a,
    0x00, 0x00, 0x00, 0x6d, 0x0c, 0x01, 0x79, 0x79, 0x1f, 0x04, 0x00, 0x79, 0x79, 0x01, 0x0c, 0x00,
    0x79, 0x79, 0x54, 0x0d, 0x00, 0x00, 0x00, 0x00, 0x00, 0x01, 0x79, 0x79, 0x09, 0x0d, 0x00, 0x79,
    0x79, 0x27, 0x00, 0x00, 0x00, 0x51, 0x24, 0x00, 0x01, 0x79, 0x79, 0x5d, 0x09, 0x00, 0x00, 0x00,
    0x6c, 0x04, 0x01, 0x79, 0x79, 0x1e, 0x0a, 0x00, 0x00, 0x00, 0x79, 0x04, 0x01, 0x00, 0x00, 0x0a,
    0x00, 0x01, 0x00, 0x00, 0x52, 0x09, 0x01, 0x79, 0x79, 0x25, 0x01, 0x00, 0x79, 0x79, 0x5d, 0x03,
    0x00, 0x00, 0x00, 0x70, 0x01, 0x01, 0x79, 0x79, 0x5a, 0x04, 0x00, 0x00, 0x00, 0x09, 0x04, 0x01,
    0x79, 0x28, 0x70, 0x00, 0x00, 0x00, 0x00, 0x78, 0x01, 0x01, 0x79, 0x79, 0x0d, 0x0a, 0x00, 0x00,
    0x51, 0x1e, 0x09, 0x01, 0x00, 0x51, 0x0c, 0x0c, 0x01, 0x79, 0x28, 0x0a, 0x0a, 0x00, 0x00, 0x00,
    0x00, 0x04, 0x01, 0x79, 0x79, 0x5d, 0x01, 0x00, 0x00, 0x00, 0x01, 0x00, 0x01, 0x00, 0x00, 0x5a,
    0x0a, 0x01, 0x79, 0x79, 0x79, 0x0a, 0x00, 0x79, 0x79, 0x70, 0x04, 0x00, 0x79, 0x79, 0x5e, 0x0d,
    0x00, 0x79, 0x79, 0x03, 0x0c, 0x00, 0x79, 0x79, 0x04, 0x04, 0x00, 0x79, 0x79, 0x0c, 0x04, 0x00,
    0x79, 0x28, 0x79, 0x00, 0x00, 0x00, 0x00, 0x5d, 0x0a, 0x01, 0x00, 0x00, 0x28, 0x00, 0x01, 0x00,
    0x00, 0x54, 0x09, 0x01, 0x00, 0x51, 0x1e, 0x00, 0x01, 0x00, 0x00, 0x1c, 0x0c, 0x01, 0x00, 0x51,
    0x00, 0x0a, 0x01, 0x79, 0x79, 0x0d, 0x0d, 0x00, 0x00, 0x00, 0x6f, 0x01, 0x01, 0x79, 0x79, 0x5d,
    0x04, 0x00, 0x79, 0x28, 0x5b, 0x09, 0x00, 0x00, 0x00, 0x09, 0x04, 0x01, 0x79, 0x28, 0x25, 0x09,
    0x00, 0x79, 0x28, 0x78, 0x03, 0x00, 0x00, 0x1b, 0x03, 0x04, 0x01, 0x00, 0x6c, 0x51, 0x01, 0x01,
    0x79, 0x70, 0x5b, 0x0a, 0x00, 0x79, 0x79, 0x79, 0x0d, 0x00, 0x00, 0x00, 0x24, 0x01, 0x01, 0x00,
    0x00, 0x5e, 0x03, 0x01, 0x79, 0x28, 0x76, 0x04, 0x00, 0x79, 0x5e, 0x0d, 0x00, 0x00, 0x79, 0x79,
    0x1f, 0x09, 0x00, 0x79, 0x5e, 0x70, 0x09, 0x00, 0x79, 0x79, 0x03, 0x00, 0x00, 0x79, 0x70, 0x54,
    0x04, 0x00, 0x79, 0x0d, 0x0d, 0x04, 0x00, 0x79, 0x79, 0x52, 0x09, 0x00, 0x00, 0x51, 0x52, 0x0d,
    0x01, 0x00, 0x1b, 0x76, 0x04, 0x01, 0x00, 0x51, 0x09, 0x0c, 0x01, 0x79, 0x0d, 0x28, 0x0c, 0x00,
    0x00, 0x1b, 0x01, 0x09, 0x01, 0x00, 0x00, 0x6f, 0x04, 0x01, 0x00, 0x00, 0x5e, 0x03, 0x01, 0x00,
    0x09, 0x28, 0x00, 0x01, 0x00, 0x1b, 0x5d, 0x09, 0x01, 0x00, 0x00, 0x55, 0x0d, 0x01, 0x00, 0x00,
    0x52, 0x00, 0x01, 0x79, 0x79, 0x76, 0x0d, 0x00, 0x00, 0x51, 0x5d, 0x01, 0x01, 0x00, 0x00, 0x24,
    0x00, 0x01, 0x79, 0x79, 0x5e, 0x03, 0x00, 0x00, 0x51, 0x00, 0x03, 0x01, 0x79, 0x79, 0x24, 0x0a,
    0x00, 0x00, 0x00, 0x27, 0x01, 0x01, 0x79, 0x79, 0x6f, 0x00, 0x00, 0x00, 0x1b, 0x27, 0x09, 0x01,
    0x00, 0x24, 0x01, 0x04, 0x01, 0x79, 0x28, 0x24, 0x03, 0x00, 0x79, 0x79, 0x5d, 0x0c, 0x00, 0x79,
    0x5e, 0x1f, 0x00, 0x00, 0x00, 0x51, 0x6f, 0x01, 0x01, 0x79, 0x79, 0x1f, 0x04, 0x00, 0x00, 0x00,
    0x25, 0x03, 0x01, 0x79, 0x5e, 0x5a, 0x09, 0x00, 0x00, 0x6c, 0x51, 0x0d, 0x01, 0x00, 0x00, 0x79,
    0x03, 0x01, 0x79, 0x79, 0x1b, 0x00, 0x00, 0x79, 0x79, 0x70, 0x0d, 0x00, 0x79, 0x79, 0x5e, 0x0a,
    0x00, 0x00, 0x00, 0x55, 0x04, 0x01, 0x79, 0x79, 0x78, 0x0a, 0x00, 0x00, 0x51, 0x54, 0x00, 0x01,
    0x00, 0x51, 0x55, 0x0a, 0x01, 0x79, 0x5e, 0x28, 0x03, 0x00, 0x00, 0x51, 0x5e, 0x0a, 0x01, 0x79,
    0x79, 0x01, 0x09, 0x00, 0x79, 0x79, 0x0c, 0x00, 0x00, 0x00, 0x00, 0x54, 0x0c, 0x01, 0x00, 0x00,
    0x04, 0x01, 0x01, 0x79, 0x79, 0x6d, 0x0a, 0x00, 0x79, 0x28, 0x78, 0x04, 0x00, 0x00, 0x00, 0x27,
    0x04, 0x01, 0x79, 0x79, 0x1e, 0x01, 0x00, 0x00, 0x00, 0x25, 0x0a, 0x01, 0x00, 0x75, 0x0d, 0x0a,
    0x01, 0x00, 0x51, 0x1f, 0x04, 0x01, 0x79, 0x28, 0x03, 0x04, 0x00, 0x00, 0x00, 0x00, 0x01, 0x01,
    0x79, 0x28, 0x0a, 0x03, 0x00, 0x00, 0x6c, 0x09, 0x00, 0x01, 0x00, 0x51, 0x52, 0x0d, 0x01, 0x79,
    0x28, 0x5e, 0x09, 0x00, 0x00, 0x00, 0x5d, 0x03, 0x01, 0x00, 0x00, 0x5a, 0x09, 0x01, 0x00, 0x6c,
    0x1b, 0x00, 0x01, 0x79, 0x5e, 0x52, 0x01, 0x00, 0x00, 0x00, 0x1f, 0x0a, 0x01, 0x79, 0x28, 0x03,
    0x01, 0x00, 0x79, 0x79, 0x0c, 0x00, 0x00, 0x00, 0x00, 0x01, 0x01, 0x01, 0x79, 0x79, 0x6c, 0x01,
    0x00, 0x00, 0x51, 0x0a, 0x0c, 0x01, 0x79, 0x79, 0x79, 0x0d, 0x00, 0x79, 0x0d, 0x25, 0x01, 0x00,
    0x00, 0x00, 0x04, 0x0a, 0x01, 0x00, 0x00, 0x75, 0x0a, 0x01, 0x79, 0x79, 0x55, 0x09, 0x00, 0x00,
    0x00, 0x5e, 0x09, 0x01, 0x79, 0x28, 0x55, 0x01, 0x00, 0x79, 0x1f, 0x03, 0x0d, 0x00, 0x00, 0x24,
    0x52, 0x0a, 0x01, 0x00, 0x00, 0x24, 0x03, 0x01, 0x00, 0x51, 0x5e, 0x0a, 0x01, 0x79, 0x79, 0x00,
    0x09, 0x00, 0x00, 0x6c, 0x03, 0x09, 0x01, 0x79, 0x79, 0x25, 0x0d, 0x00, 0x79, 0x79, 0x03, 0x0a,
    0x00, 0x79, 0x28, 0x04, 0x09, 0x00, 0x00, 0x00, 0x1c, 0x0a, 0x01, 0x00, 0x00, 0x01, 0x04, 0x01,
    0x00, 0x24, 0x00, 0x0c, 0x01, 0x79, 0x5e, 0x1f, 0x00, 0x00, 0x79, 0x79, 0x1f, 0x00, 0x00, 0x00,
    0x51, 0x5b, 0x0a, 0x01, 0x79, 0x79, 0x5d, 0x0a, 0x00, 0x00, 0x00, 0x54, 0x0c, 0x01, 0x00, 0x00,
    0x09, 0x00, 0x01, 0x00, 0x1b, 0x25, 0x0d, 0x01, 0x79, 0x28, 0x5e, 0x0a, 0x00, 0x00, 0x51, 0x55,
    0x0a, 0x01, 0x79, 0x79, 0x5b, 0x01, 0x00, 0x00, 0x51, 0x79, 0x01, 0x01, 0x79, 0x28, 0x28, 0x00,
    0x00, 0x00, 0x6c, 0x52, 0x09, 0x01, 0x00, 0x1b, 0x5d, 0x0a, 0x01, 0x00, 0x6c, 0x55, 0x0a, 0x01,
    0x79, 0x0d, 0x25, 0x00, 0x00, 0x00, 0x1b, 0x04, 0x0d, 0x01, 0x00, 0x6c, 0x0d, 0x0d, 0x01, 0x79,
    0x70, 0x52, 0x03, 0x00, 0x79, 0x79, 0x0a, 0x0d, 0x00, 0x79, 0x79, 0x75, 0x04, 0x00, 0x79, 0x28,
    0x25, 0x0c, 0x00, 0x00, 0x1b, 0x03, 0x01, 0x01, 0x79, 0x28, 0x78, 0x0c, 0x00, 0x00, 0x00, 0x75,
    0x01, 0x01, 0x79, 0x5e, 0x00, 0x00, 0x00, 0x00, 0x00, 0x09, 0x0d, 0x01, 0x79, 0x0d, 0x79, 0x04,
    0x00, 0x00, 0x1b, 0x0c, 0x0c, 0x01, 0x79, 0x5e, 0x1c, 0x04, 0x00, 0x00, 0x51, 0x04, 0x03, 0x01,
    0x79, 0x79, 0x52, 0x0d, 0x00, 0x00, 0x00, 0x6c, 0x03, 0x01, 0x00, 0x51, 0x1c, 0x01, 0x01, 0x79,
    0x79, 0x78, 0x01, 0x00, 0x00, 0x6c, 0x52, 0x0a, 0x01, 0x79, 0x28, 0x52, 0x0c, 0x00, 0x00, 0x1b,
    0x03, 0x00, 0x01, 0x79, 0x1f, 0x70, 0x0a, 0x00, 0x00, 0x1b, 0x75, 0x01, 0x01, 0x00, 0x51, 0x00,
    0x0c, 0x01, 0x00, 0x51, 0x5a, 0x09, 0x01, 0x79, 0x28, 0x0a, 0x0a, 0x00, 0x79, 0x79, 0x5d, 0x04,
    0x00, 0x00, 0x51, 0x1c, 0x03, 0x01, 0x00, 0x51, 0x51, 0x09, 0x01, 0x79, 0x28, 0x03, 0x00, 0x00,
    0x00, 0x51, 0x78, 0x0c, 0x01, 0x00, 0x51, 0x01, 0x0d, 0x01, 0x00, 0x00, 0x5d, 0x03, 0x01, 0x00,
    0x00, 0x24, 0x00, 0x01, 0x00, 0x00, 0x1e, 0x0a, 0x01, 0x00, 0x51, 0x04, 0x0c, 0x01, 0x79, 0x28,
    0x5d, 0x0d, 0x00, 0x79, 0x5e, 0x6c, 0x0a, 0x00, 0x00, 0x6c, 0x5d, 0x00, 0x01, 0x79, 0x28, 0x09,
    0x01, 0x00, 0x79, 0x28, 0x24, 0x0c, 0x00, 0x00, 0x1b, 0x75, 0x04, 0x01, 0x00, 0x00, 0x6c, 0x01,
    0x01, 0x00, 0x00, 0x04, 0x0c, 0x01, 0x79, 0x79, 0x09, 0x00, 0x00, 0x00, 0x00, 0x6c, 0x0c, 0x01,
    0x00, 0x00, 0x6d, 0x09, 0x01, 0x79, 0x79, 0x25, 0x0d, 0x00, 0x00, 0x09, 0x01, 0x0a, 0x01, 0x00,
    0x00, 0x54, 0x0c, 0x01, 0x79, 0x5b, 0x0d, 0x09, 0x00, 0x79, 0x28, 0x28, 0x03, 0x00, 0x79, 0x76,
    0x70, 0x04, 0x00, 0x79, 0x55, 0x79, 0x0d, 0x00, 0x00, 0x6c, 0x01, 0x03, 0x01, 0x00, 0x09, 0x1f,
    0x09, 0x01, 0x79, 0x79, 0x70, 0x04, 0x00, 0x00, 0x51, 0x1e, 0x01, 0x01, 0x00, 0x00, 0x27, 0x00,
    0x01, 0x00, 0x0a, 0x1b, 0x0d, 0x01, 0x79, 0x28, 0x1c, 0x03, 0x00, 0x00, 0x09, 0x5b, 0x0d, 0x01,
    0x79, 0x79, 0x03, 0x01, 0x00, 0x79, 0x79, 0x6f, 0x09, 0x00, 0x00, 0x51, 0x1b, 0x03, 0x01, 0x79,
    0x1f, 0x1f, 0x0d, 0x00, 0x00, 0x09, 0x51, 0x04, 0x01, 0x79, 0x79, 0x0a, 0x0d, 0x00, 0x79, 0x0a,
    0x0a, 0x0c, 0x00, 0x00, 0x24, 0x25, 0x00, 0x01, 0x79, 0x52, 0x01, 0x0a, 0x00, 0x00, 0x6c, 0x55,
    0x00, 0x01, 0x79, 0x79, 0x1b, 0x09, 0x00, 0x79, 0x79, 0x1f, 0x0c, 0x00, 0x79, 0x70, 0x0d, 0x0a,
    0x00, 0x00, 0x6c, 0x28, 0x01, 0x01, 0x79, 0x1f, 0x76, 0x01, 0x00, 0x79, 0x70, 0x1f, 0x00, 0x00,
    0x00, 0x51, 0x24, 0x04, 0x01, 0x00, 0x09, 0x6c, 0x00, 0x01, 0x00, 0x51, 0x01, 0x04, 0x01, 0x79,
    0x5e, 0x25, 0x00, 0x00, 0x79, 0x0d, 0x5a, 0x04, 0x00, 0x00, 0x6c, 0x5a, 0x03, 0x01, 0x79, 0x79,
    0x03, 0x0a, 0x00, 0x00, 0x51, 0x70, 0x04, 0x01, 0x00, 0x00, 0x28, 0x00, 0x01, 0x00, 0x51, 0x04,
    0x04, 0x01, 0x00, 0x1b, 0x1e, 0x0a, 0x01, 0x00, 0x1b, 0x79, 0x03, 0x01, 0x79, 0x79, 0x04, 0x09,
    0x00, 0x79, 0x70, 0x1e, 0x01, 0x00, 0x00, 0x1b, 0x5b, 0x03, 0x01, 0x00, 0x6c, 0x79, 0x0d, 0x01,
    0x00, 0x09, 0x25, 0x0d, 0x01, 0x00, 0x1b, 0x25, 0x00, 0x01, 0x00, 0x00, 0x5b, 0x03, 0x01, 0x79,
    0x0d, 0x01, 0x0c, 0x00, 0x00, 0x1b, 0x78, 0x03, 0x01, 0x79, 0x0d, 0x79, 0x00, 0x00, 0x00, 0x00,
    0x1c, 0x01, 0x01, 0x79, 0x79, 0x75, 0x01, 0x00, 0x79, 0x79, 0x5d, 0x01, 0x00, 0x79, 0x79, 0x5a,
    0x00, 0x00, 0x00, 0x00, 0x1b, 0x00, 0x01, 0x79, 0x79, 0x5e, 0x03, 0x00, 0x00, 0x00, 0x5d, 0x0d,
    0x01, 0x79, 0x28, 0x55, 0x0c, 0x00, 0x79, 0x28, 0x70, 0x09, 0x00, 0x00, 0x00, 0x76, 0x09, 0x01,
    0x79, 0x28, 0x0d, 0x0c, 0x00, 0x00, 0x00, 0x6d, 0x04, 0x01, 0x79, 0x79, 0x1f, 0x0a, 0x00, 0x00,
    0x00, 0x25, 0x00, 0x01, 0x79, 0x70, 0x54, 0x04, 0x00, 0x00, 0x51, 0x03, 0x00, 0x01, 0x79, 0x79,
    0x5a, 0x03, 0x00, 0x79, 0x28, 0x09, 0x0a, 0x00, 0x00, 0x1b, 0x01, 0x09, 0x01, 0x79, 0x28, 0x75,
    0x04, 0x00, 0x00, 0x1b, 0x70, 0x04, 0x01, 0x79, 0x28, 0x55, 0x0c, 0x00, 0x79, 0x79, 0x1b, 0x0d,
    0x00, 0x79, 0x79, 0x09, 0x0c, 0x00, 0x79, 0x79, 0x0c, 0x00, 0x00, 0x79, 0x28, 0x27, 0x09, 0x00,
    0x79, 0x28, 0x52, 0x00, 0x00, 0x79, 0x28, 0x5e, 0x0c, 0x00, 0x79, 0x79, 0x75, 0x04, 0x00, 0x79,
    0x28, 0x78, 0x04, 0x00, 0x00, 0x51, 0x55, 0x03, 0x01, 0x79, 0x28, 0x5e, 0x01, 0x00, 0x00, 0x51,
    0x04, 0x0a, 0x01, 0x79, 0x28, 0x1b, 0x03, 0x00, 0x79, 0x5e, 0x0d, 0x00, 0x00, 0x00, 0x00, 0x51,
    0x01, 0x01, 0x00, 0x51, 0x00, 0x01, 0x01, 0x79, 0x28, 0x55, 0x01, 0x00, 0x00, 0x6c, 0x5d, 0x01,
    0x01, 0x00, 0x1e, 0x52, 0x04, 0x01, 0x00, 0x00, 0x24, 0x03, 0x01, 0x79, 0x79, 0x01, 0x0c, 0x00,
    0x00, 0x6c, 0x1b, 0x0a, 0x01, 0x79, 0x28, 0x51, 0x00, 0x00, 0x79, 0x55, 0x52, 0x03, 0x00, 0x79,
    0x28, 0x6c, 0x03, 0x00, 0x79, 0x79, 0x24, 0x0c, 0x00, 0x00, 0x6c, 0x01, 0x01, 0x01, 0x79, 0x79,
    0x76, 0x0c, 0x00, 0x79, 0x28, 0x24, 0x09, 0x00, 0x79, 0x79, 0x5a, 0x0c, 0x00, 0x79, 0x79, 0x09,
    0x04, 0x00, 0x00, 0x6c, 0x5d, 0x01, 0x01, 0x00, 0x1b, 0x0d, 0x01, 0x01, 0x00, 0x1b, 0x54, 0x04,
    0x01, 0x79, 0x79, 0x6c, 0x09, 0x00, 0x00, 0x00, 0x75, 0x00, 0x01, 0x00, 0x51, 0x04, 0x04, 0x01,
    0x79, 0x28, 0x6d, 0x04, 0x00, 0x00, 0x51, 0x51, 0x04, 0x01, 0x00, 0x00, 0x00, 0x0c, 0x01, 0x00,
    0x00, 0x5d, 0x0c, 0x01, 0x79, 0x28, 0x0c, 0x0d, 0x00, 0x00, 0x1b, 0x01, 0x00, 0x01, 0x00, 0x00,
    0x0c, 0x04, 0x01, 0x79, 0x79, 0x5a, 0x03, 0x00, 0x00, 0x6c, 0x5a, 0x01, 0x01, 0x79, 0x79, 0x78,
    0x04, 0x00, 0x79, 0x5e, 0x55, 0x09, 0x00, 0x79, 0x0d, 0x78, 0x03, 0x00, 0x00, 0x51, 0x51, 0x03,
    0x01, 0x79, 0x28, 0x0a, 0x01, 0x00, 0x00, 0x00, 0x6f, 0x04, 0x01, 0x79, 0x28, 0x75, 0x0a, 0x00,
    0x00, 0x51, 0x75, 0x04, 0x01, 0x79, 0x79, 0x54, 0x04, 0x00, 0x00, 0x1b, 0x01, 0x03, 0x01, 0x79,
    0x5e, 0x1f, 0x04, 0x00, 0x79, 0x28, 0x0d, 0x04, 0x00, 0x79, 0x79, 0x04, 0x04, 0x00, 0x00, 0x00,
    0x54, 0x04, 0x01, 0x79, 0x79, 0x1f, 0x01, 0x00, 0x00, 0x00, 0x6c, 0x09, 0x01, 0x00, 0x00, 0x5b,
    0x0a, 0x01, 0x00, 0x00, 0x01, 0x0c, 0x01, 0x00, 0x00, 0x1e, 0x03, 0x01, 0x79, 0x79, 0x70, 0x01,
    0x00, 0x79, 0x79, 0x52, 0x0c, 0x00, 0x00, 0x51, 0x5a, 0x03, 0x01, 0x79, 0x79, 0x51, 0x0a, 0x00,
    0x00, 0x00, 0x28, 0x0a, 0x01, 0x00, 0x00, 0x1e, 0x0c, 0x01, 0x00, 0x00, 0x54, 0x00, 0x01, 0x79,
    0x79, 0x0a, 0x0d, 0x00, 0x00, 0x00, 0x52, 0x09, 0x01, 0x79, 0x79, 0x0d, 0x0d, 0x00, 0x79, 0x28,
    0x25, 0x0a, 0x00, 0x79, 0x79, 0x5d, 0x0a, 0x00, 0x00, 0x00, 0x1b, 0x0a, 0x01, 0x00, 0x00, 0x54,
    0x0c, 0x01, 0x00, 0x51, 0x5d, 0x04, 0x01, 0x00, 0x00, 0x27, 0x00, 0x01, 0x79, 0x79, 0x25, 0x00,
    0x00, 0x79, 0x79, 0x6d, 0x09, 0x00, 0x00, 0x00, 0x00, 0x0d, 0x01, 0x00, 0x00, 0x09, 0x00, 0x01,
    0x79, 0x28, 0x27, 0x00, 0x00, 0x00, 0x00, 0x1e, 0x0a, 0x01, 0x00, 0x00, 0x5d, 0x00, 0x01, 0x00,
    0x00, 0x03, 0x0d, 0x01, 0x00, 0x00, 0x54, 0x00, 0x01, 0x79, 0x79, 0x5e, 0x04, 0x00, 0x00, 0x00,
    0x1b, 0x0d, 0x01, 0x79, 0x79, 0x0d, 0x0c, 0x00, 0x00, 0x00, 0x00, 0x0d, 0x01, 0x00, 0x00, 0x0d,
    0x04, 0x01, 0x79, 0x79, 0x0a, 0x0c, 0x00, 0x79, 0x79, 0x78, 0x01, 0x00, 0x79, 0x28, 0x27, 0x0d,
    0x00, 0x79, 0x79, 0x6c, 0x0a, 0x00, 0x79, 0x55, 0x1e, 0x03, 0x00, 0x79, 0x0d, 0x01, 0x01, 0x00,
    0x79, 0x28, 0x6f, 0x01, 0x00, 0x79, 0x28, 0x55, 0x01, 0x00, 0x00, 0x51, 0x52, 0x01, 0x01, 0x79,
    0x0d, 0x09, 0x04, 0x00, 0x79, 0x79, 0x70, 0x01, 0x00, 0x79, 0x1f, 0x27, 0x04, 0x00, 0x00, 0x00,
    0x6f, 0x01, 0x01, 0x79, 0x79, 0x79, 0x01, 0x00, 0x00, 0x51, 0x78, 0x01, 0x01, 0x79, 0x70, 0x79,
    0x09, 0x00, 0x00, 0x51, 0x27, 0x00, 0x01, 0x00, 0x75, 0x03, 0x0c, 0x01, 0x79, 0x79, 0x78, 0x00,
    0x00, 0x00, 0x5a, 0x6d, 0x0a, 0x01, 0x79, 0x0d, 0x1f, 0x0d, 0x00, 0x79, 0x1f, 0x5b, 0x00, 0x00,
    0x79, 0x5e, 0x5b, 0x04, 0x00, 0x00, 0x00, 0x6c, 0x04, 0x01, 0x00, 0x1b, 0x51, 0x00, 0x01, 0x00,
    0x24, 0x1c, 0x0d, 0x01, 0x79, 0x79, 0x70, 0x0c, 0x00, 0x00, 0x51, 0x6c, 0x0d, 0x01, 0x00, 0x51,
    0x76, 0x04, 0x01, 0x79, 0x79, 0x6c, 0x0a, 0x00, 0x79, 0x28, 0x09, 0x0d, 0x00, 0x00, 0x6c, 0x79,
    0x0c, 0x01, 0x00, 0x00, 0x5e, 0x03, 0x01, 0x00, 0x51, 0x51, 0x09, 0x01, 0x00, 0x00, 0x27, 0x03,
    0x01, 0x79, 0x28, 0x28, 0x09, 0x00, 0x00, 0x00, 0x5a, 0x04, 0x01, 0x00, 0x00, 0x75, 0x0a, 0x01,
    0x00, 0x00, 0x5d, 0x09, 0x01, 0x79, 0x79, 0x5a, 0x0a, 0x00, 0x00, 0x00, 0x1b, 0x09, 0x01, 0x79,
    0x79, 0x6f, 0x04, 0x00, 0x79, 0x79, 0x79, 0x0a, 0x00, 0x00, 0x00, 0x5a, 0x0a, 0x01, 0x00, 0x00,
    0x52, 0x00, 0x01, 0x79, 0x5e, 0x28, 0x00, 0x00, 0x00, 0x51, 0x03, 0x0c, 0x01, 0x79, 0x28, 0x1c,
    0x09, 0x00, 0x00, 0x00, 0x70, 0x03, 0x01, 0x79, 0x70, 0x78, 0x00, 0x00, 0x79, 0x0d, 0x6f, 0x04,
    0x00, 0x00, 0x6c, 0x0a, 0x01, 0x01, 0x00, 0x00, 0x03, 0x04, 0x01, 0x00, 0x51, 0x5d, 0x0d, 0x01,
    0x00, 0x00, 0x52, 0x04, 0x01, 0x79, 0x79, 0x55, 0x04, 0x00, 0x00, 0x00, 0x28, 0x0c, 0x01, 0x79,
    0x79, 0x70, 0x0c, 0x00, 0x00, 0x51, 0x00, 0x0a, 0x01, 0x00, 0x1b, 0x6c, 0x01, 0x01, 0x79, 0x79,
    0x1f, 0x03, 0x00, 0x79, 0x79, 0x5e, 0x00, 0x00, 0x79, 0x28, 0x27, 0x03, 0x00, 0x00, 0x00, 0x1f,
    0x0a, 0x01, 0x00, 0x00, 0x0c, 0x0c, 0x01, 0x79, 0x28, 0x0c, 0x00, 0x00, 0x79, 0x28, 0x27, 0x04,
    0x00, 0x00, 0x00, 0x04, 0x03, 0x01, 0x79, 0x79, 0x55, 0x0d, 0x00, 0x00, 0x00, 0x5d, 0x0d, 0x01,
    0x00, 0x51, 0x75, 0x0c, 0x01, 0x00, 0x51, 0x76, 0x0d, 0x01, 0x00, 0x1b, 0x70, 0x03, 0x01, 0x00,
    0x1b, 0x0c, 0x03, 0x01, 0x79, 0x28, 0x75, 0x0c, 0x00, 0x79, 0x79, 0x00, 0x0d, 0x00, 0x00, 0x00,
    0x28, 0x09, 0x01, 0x00, 0x51, 0x09, 0x0a, 0x01, 0x00, 0x00, 0x5e, 0x04, 0x01, 0x00, 0x51, 0x52,
    0x0d, 0x01, 0x00, 0x1b, 0x1b, 0x0a, 0x01, 0x00, 0x51, 0x6c, 0x03, 0x01, 0x79, 0x79, 0x6d, 0x03,
    0x00, 0x79, 0x79, 0x03, 0x00, 0x00, 0x79, 0x79, 0x55, 0x01, 0x00, 0x79, 0x79, 0x76, 0x00, 0x00,
    0x00, 0x51, 0x0c, 0x00, 0x01, 0x79, 0x79, 0x76, 0x0a, 0x00, 0x79, 0x79, 0x1f, 0x01, 0x00, 0x79,
    0x28, 0x0d, 0x0d, 0x00, 0x79, 0x79, 0x27, 0x01, 0x00, 0x00, 0x09, 0x1b, 0x09, 0x01, 0x79, 0x28,
    0x6d, 0x0c, 0x00, 0x00, 0x00, 0x01, 0x0a, 0x01, 0x79, 0x28, 0x27, 0x0c, 0x00, 0x00, 0x51, 0x1b,
    0x0d, 0x01, 0x00, 0x00, 0x01, 0x01, 0x01, 0x79, 0x0d, 0x70, 0x01, 0x00, 0x00, 0x00, 0x52, 0x04,
    0x01, 0x00, 0x00, 0x5a, 0x04, 0x01, 0x79, 0x28, 0x52, 0x01, 0x00, 0x00, 0x00, 0x5b, 0x0d, 0x01,
    0x79, 0x79, 0x6f, 0x00, 0x00, 0x79, 0x28, 0x78, 0x01, 0x00, 0x00, 0x00, 0x00, 0x03, 0x01, 0x79,
    0x28, 0x25, 0x00, 0x00, 0x00, 0x51, 0x75, 0x00, 0x01, 0x00, 0x00, 0x76, 0x0d, 0x01, 0x79, 0x28,
    0x76, 0x04, 0x00, 0x79, 0x79, 0x0c, 0x00, 0x00, 0x00, 0x00, 0x0d, 0x01, 0x01, 0x00, 0x00, 0x6c,
    0x0c, 0x01, 0x00, 0x51, 0x04, 0x01, 0x01, 0x79, 0x79, 0x0d, 0x09, 0x00, 0x79, 0x79, 0x1f, 0x0d,
    0x00, 0x79, 0x79, 0x09, 0x0c, 0x00, 0x00, 0x6c, 0x79, 0x0a, 0x01, 0x79, 0x28, 0x01, 0x03, 0x00,
    0x79, 0x28, 0x51, 0x0c, 0x00, 0x79, 0x04, 0x6f, 0x04, 0x00, 0x79, 0x28, 0x04, 0x0a, 0x00, 0x79,
    0x5e, 0x52, 0x00, 0x00, 0x00, 0x51, 0x1f, 0x0a, 0x01, 0x00, 0x00, 0x27, 0x00, 0x01, 0x00, 0x00,
    0x5b, 0x09, 0x01, 0x00, 0x00, 0x03, 0x09, 0x01, 0x00, 0x00, 0x03, 0x0d, 0x01, 0x79, 0x79, 0x6d,
    0x04, 0x00, 0x79, 0x79, 0x09, 0x0a, 0x00, 0x00, 0x00, 0x03, 0x0c, 0x01, 0x00, 0x00, 0x76, 0x00,
    0x01, 0x79, 0x79, 0x6d, 0x0d, 0x00, 0x79, 0x79, 0x1b, 0x0c, 0x00, 0x79, 0x79, 0x5d, 0x0c, 0x00,
    0x79, 0x28, 0x5b, 0x0c, 0x00, 0x79, 0x79, 0x70, 0x03, 0x00, 0x00, 0x51, 0x01, 0x0d, 0x01, 0x00,
    0x00, 0x79, 0x09, 0x01, 0x79, 0x28, 0x0c, 0x0d, 0x00, 0x79, 0x79, 0x1f, 0x0d, 0x00, 0x00, 0x00,
    0x28, 0x04, 0x01, 0x79, 0x79, 0x54, 0x03, 0x00, 0x00, 0x51, 0x27, 0x03, 0x01, 0x79, 0x28, 0x79,
    0x04, 0x00, 0x79, 0x28, 0x25, 0x03, 0x00, 0x79, 0x28, 0x5b, 0x0d, 0x00, 0x79, 0x79, 0x78, 0x0c,
    0x00, 0x79, 0x5e, 0x5e, 0x0c, 0x00, 0x79, 0x79, 0x0d, 0x09, 0x00, 0x00, 0x1b, 0x0c, 0x00, 0x01,
    0x00, 0x00, 0x00, 0x01, 0x01, 0x79, 0x0d, 0x0d, 0x01, 0x00, 0x79, 0x70, 0x09, 0x0c, 0x00, 0x00,
    0x51, 0x54, 0x01, 0x01, 0x00, 0x1b, 0x1f, 0x09, 0x01, 0x00, 0x00, 0x00, 0x0a, 0x01, 0x79, 0x5e,
    0x1c, 0x03, 0x00, 0x00, 0x00, 0x76, 0x01, 0x01, 0x79, 0x79, 0x27, 0x01, 0x00, 0x79, 0x28, 0x5e,
    0x04, 0x00, 0x79, 0x5e, 0x70, 0x00, 0x00, 0x79, 0x5e, 0x1e, 0x09, 0x00, 0x00, 0x1b, 0x5d, 0x03,
    0x01, 0x00, 0x51, 0x6d, 0x09, 0x01, 0x00, 0x00, 0x52, 0x04, 0x01, 0x79, 0x70, 0x04, 0x0a, 0x00,
    0x79, 0x70, 0x28, 0x0a, 0x00, 0x79, 0x79, 0x27, 0x0c, 0x00, 0x00, 0x09, 0x0a, 0x09, 0x01, 0x79,
    0x28, 0x09, 0x0a, 0x00, 0x79, 0x0d, 0x28, 0x0d, 0x00, 0x00, 0x6c, 0x55, 0x0a, 0x01, 0x79, 0x28,
    0x70, 0x0c, 0x00, 0x79, 0x70, 0x6f, 0x03, 0x00, 0x79, 0x6d, 0x79, 0x0a, 0x00, 0x00, 0x00, 0x01,
    0x03, 0x01, 0x00, 0x51, 0x70, 0x09, 0x01, 0x79, 0x70, 0x6c, 0x01, 0x00, 0x00, 0x5a, 0x1c, 0x0a,
    0x01, 0x79, 0x28, 0x55, 0x0d, 0x00, 0x00, 0x5a, 0x52, 0x04, 0x01, 0x00, 0x00, 0x00, 0x0d, 0x01,
    0x79, 0x79, 0x04, 0x09, 0x00, 0x00, 0x51, 0x5b, 0x03, 0x01, 0x79, 0x5e, 0x5b, 0x0a, 0x00, 0x79,
    0x28, 0x5b, 0x00, 0x00, 0x79, 0x79, 0x6d, 0x0a, 0x00, 0x00, 0x75, 0x01, 0x0a, 0x01, 0x00, 0x03,
    0x55, 0x01, 0x01, 0x79, 0x28, 0x1f, 0x0a, 0x00, 0x00, 0x1b, 0x1c, 0x0d, 0x01, 0x00, 0x1b, 0x0c,
    0x03, 0x01, 0x00, 0x03, 0x1b, 0x00, 0x01, 0x79, 0x0d, 0x0d, 0x0c, 0x00, 0x00, 0x1b, 0x1f, 0x00,
    0x01, 0x79, 0x79, 0x1c, 0x0a, 0x00, 0x79, 0x28, 0x1c, 0x09, 0x00, 0x79, 0x28, 0x28, 0x09, 0x00,
    0x00, 0x51, 0x03, 0x0a, 0x01, 0x79, 0x5e, 0x0d, 0x09, 0x00, 0x79, 0x79, 0x5a, 0x04, 0x00, 0x79,
    0x5e, 0x76, 0x0d, 0x00, 0x79, 0x70, 0x6f, 0x0a, 0x00, 0x00, 0x51, 0x28, 0x04, 0x01, 0x79, 0x0d,
    0x5d, 0x00, 0x00, 0x79, 0x79, 0x27, 0x00, 0x00, 0x00, 0x00, 0x09, 0x03, 0x01, 0x00, 0x51, 0x76,
    0x03, 0x01, 0x00, 0x00, 0x76, 0x01, 0x01, 0x00, 0x51, 0x52, 0x03, 0x01, 0x79, 0x28, 0x6d, 0x0a,
    0x00, 0x00, 0x6c, 0x1f, 0x03, 0x01, 0x79, 0x5e, 0x01, 0x03, 0x00, 0x79, 0x28, 0x1f, 0x00, 0x00,
    0x00, 0x00, 0x78, 0x0a, 0x01, 0x00, 0x00, 0x28, 0x0d, 0x01, 0x79, 0x5e, 0x1f, 0x0a, 0x00, 0x79,
    0x79, 0x24, 0x00, 0x00, 0x79, 0x76, 0x0a, 0x04, 0x00, 0x00, 0x09, 0x6d, 0x09, 0x01, 0x00, 0x00,
    0x54, 0x00, 0x01, 0x00, 0x51, 0x79, 0x0d, 0x01, 0x79, 0x28, 0x6f, 0x00, 0x00, 0x00, 0x00, 0x1c,
    0x00, 0x01, 0x00, 0x00, 0x5a, 0x04, 0x01, 0x00, 0x00, 0x00, 0x04, 0x01, 0x00, 0x00, 0x6f, 0x01,
    0x01, 0x79, 0x28, 0x6c, 0x03, 0x00, 0x00, 0x00, 0x1f, 0x01, 0x01, 0x79, 0x79, 0x6c, 0x03, 0x00,
    0x79, 0x79, 0x6c, 0x01, 0x00, 0x00, 0x51, 0x54, 0x09, 0x01, 0x00, 0x51, 0x55, 0x0d, 0x01, 0x79,
    0x79, 0x27, 0x01, 0x00, 0x00, 0x1b, 0x00, 0x00, 0x01, 0x79, 0x28, 0x5e, 0x03, 0x00, 0x79, 0x79,
    0x1e, 0x00, 0x00, 0x79, 0x79, 0x27, 0x03, 0x00, 0x79, 0x28, 0x6f, 0x09, 0x00, 0x79, 0x0d, 0x04,
    0x0a, 0x00, 0x00, 0x1b, 0x01, 0x04, 0x01, 0x79, 0x79, 0x1f, 0x09, 0x00, 0x79, 0x28, 0x6f, 0x0a,
    0x00, 0x79, 0x28, 0x24, 0x04, 0x00, 0x00, 0x00, 0x0a, 0x04, 0x01, 0x00, 0x00, 0x1f, 0x0d, 0x01,
    0x00, 0x51, 0x54, 0x0a, 0x01, 0x00, 0x00, 0x55, 0x01, 0x01, 0x79, 0x79, 0x79, 0x00, 0x00, 0x00,
    0x51, 0x00, 0x0a, 0x01, 0x00, 0x00, 0x1f, 0x04, 0x01, 0x00, 0x1b, 0x5a, 0x01, 0x01, 0x79, 0x79,
    0x03, 0x09, 0x00, 0x79, 0x79, 0x76, 0x01, 0x00, 0x00, 0x51, 0x0d, 0x04, 0x01, 0x00, 0x51, 0x52,
    0x0d, 0x01, 0x79, 0x79, 0x78, 0x09, 0x00, 0x79, 0x5e, 0x5e, 0x01, 0x00, 0x00, 0x51, 0x00, 0x0c,
    0x01, 0x79, 0x0d, 0x79, 0x0d, 0x00, 0x79, 0x28, 0x51, 0x09, 0x00, 0x79, 0x5e, 0x1b, 0x04, 0x00,
    0x00, 0x00, 0x01, 0x00, 0x01, 0x79, 0x28, 0x27, 0x03, 0x00, 0x79, 0x28, 0x25, 0x03, 0x00, 0x00,
    0x6c, 0x25, 0x00, 0x01, 0x79, 0x79, 0x52, 0x00, 0x00, 0x00, 0x00, 0x6d, 0x09, 0x01, 0x79, 0x28,
    0x5d, 0x03, 0x00, 0x79, 0x79, 0x1f, 0x03, 0x00, 0x00, 0x6c, 0x01, 0x00, 0x01, 0x00, 0x00, 0x5b,
    0x01, 0x01, 0x79, 0x79, 0x78, 0x01, 0x00, 0x79, 0x79, 0x28, 0x0d, 0x00, 0x79, 0x79, 0x6d, 0x0d,
    0x00, 0x79, 0x5e, 0x25, 0x09, 0x00, 0x00, 0x00, 0x51, 0x03, 0x01, 0x00, 0x51, 0x51, 0x00, 0x01,
    0x00, 0x51, 0x1b, 0x03, 0x01, 0x79, 0x79, 0x70, 0x0d, 0x00, 0x00, 0x51, 0x5e, 0x00, 0x01, 0x00,
    0x00, 0x1f, 0x04, 0x01, 0x00, 0x6c, 0x0c, 0x00, 0x01, 0x00, 0x6c, 0x27, 0x0c, 0x01, 0x79, 0x1f,
    0x5d, 0x0a, 0x00, 0x79, 0x28, 0x75, 0x00, 0x00, 0x79, 0x28, 0x27, 0x0d, 0x00, 0x00, 0x51, 0x75,
    0x0a, 0x01, 0x79, 0x0d, 0x5b, 0x0c, 0x00, 0x79, 0x70, 0x1c, 0x09, 0x00, 0x00, 0x00, 0x28, 0x0d,
    0x01, 0x00, 0x00, 0x24, 0x01, 0x01, 0x00, 0x51, 0x76, 0x01, 0x01, 0x00, 0x00, 0x52, 0x0d, 0x01,
    0x79, 0x79, 0x27, 0x0c, 0x00, 0x00, 0x00, 0x28, 0x03, 0x01, 0x79, 0x79, 0x55, 0x01, 0x00, 0x79,
    0x28, 0x27, 0x09, 0x00, 0x79, 0x79, 0x0a, 0x0d, 0x00, 0x79, 0x79, 0x5a, 0x00, 0x00, 0x00, 0x00,
    0x1f, 0x0d, 0x01, 0x79, 0x28, 0x04, 0x01, 0x00, 0x00, 0x51, 0x51, 0x0a, 0x01, 0x79, 0x79, 0x1c,
    0x00, 0x00, 0x00, 0x00, 0x03, 0x0a, 0x01, 0x79, 0x79, 0x04, 0x0c, 0x00, 0x00, 0x00, 0x76, 0x01,
    0x01, 0x79, 0x79, 0x0c, 0x01, 0x00, 0x79, 0x79, 0x51, 0x09, 0x00, 0x00, 0x51, 0x09, 0x00, 0x01,
    0x00, 0x00, 0x28, 0x04, 0x01, 0x00, 0x00, 0x01, 0x04, 0x01, 0x00, 0x00, 0x03, 0x01, 0x01, 0x79,
    0x79, 0x01, 0x01, 0x00, 0x00, 0x00, 0x03, 0x0d, 0x01, 0x79, 0x79, 0x55, 0x0c, 0x00, 0x79, 0x79,
    0x0d, 0x0c, 0x00, 0x00, 0x00, 0x78, 0x0c, 0x01, 0x00, 0x51, 0x5b, 0x00, 0x01, 0x79, 0x28, 0x28,
    0x0d, 0x00, 0x00, 0x1b, 0x75, 0x0a, 0x01, 0x79, 0x79, 0x25, 0x09, 0x00, 0x79, 0x79, 0x03, 0x00,
    0x00, 0x79, 0x79, 0x5e, 0x09, 0x00, 0x00, 0x00, 0x24, 0x01, 0x01, 0x00, 0x00, 0x6c, 0x01, 0x01,
    0x79, 0x79, 0x6f, 0x0d, 0x00, 0x79, 0x79, 0x6f, 0x0a, 0x00, 0x79, 0x79, 0x24, 0x00, 0x00, 0x79,
    0x79, 0x5e, 0x0a, 0x00, 0x79, 0x5e, 0x5d, 0x0d, 0x00, 0x00, 0x00, 0x79, 0x03, 0x01, 0x00, 0x51,
    0x5d, 0x00, 0x01, 0x79, 0x79, 0x1f, 0x03, 0x00, 0x79, 0x28, 0x28, 0x09, 0x00, 0x00, 0x00, 0x5a,
    0x09, 0x01, 0x79, 0x79, 0x5d, 0x0a, 0x00, 0x00, 0x51, 0x00, 0x09, 0x01, 0x79, 0x70, 0x01, 0x01,
    0x00, 0x00, 0x1b, 0x1c, 0x03, 0x01, 0x00, 0x1b, 0x27, 0x0d, 0x01, 0x00, 0x00, 0x79, 0x0d, 0x01,
    0x79, 0x70, 0x52, 0x03, 0x00, 0x00, 0x00, 0x70, 0x0d, 0x01, 0x00, 0x6c, 0x79, 0x00, 0x01, 0x00,
    0x00, 0x78, 0x00, 0x01, 0x00, 0x00, 0x1e, 0x00, 0x01, 0x00, 0x00, 0x78, 0x0d, 0x01, 0x00, 0x51,
    0x09, 0x00, 0x01, 0x00, 0x00, 0x79, 0x04, 0x01, 0x79, 0x79, 0x5e, 0x0a, 0x00, 0x00, 0x00, 0x75,
    0x0d, 0x01, 0x79, 0x79, 0x76, 0x0a, 0x00, 0x79, 0x28, 0x1f, 0x03, 0x00, 0x00, 0x6c, 0x6f, 0x09,
    0x01, 0x79, 0x0d, 0x54, 0x0d, 0x00, 0x79, 0x79, 0x55, 0x01, 0x00, 0x00, 0x00, 0x1e, 0x03, 0x01,
    0x00, 0x00, 0x04, 0x0d, 0x01, 0x00, 0x00, 0x24, 0x03, 0x01, 0x79, 0x79, 0x1e, 0x03, 0x00, 0x79,
    0x79, 0x1f, 0x01, 0x00, 0x00, 0x00, 0x5a, 0x01, 0x01, 0x00, 0x00, 0x51, 0x04, 0x01, 0x00, 0x00,
    0x5a, 0x09, 0x01, 0x00, 0x51, 0x0c, 0x00, 0x01, 0x00, 0x00, 0x1f, 0x0c, 0x01, 0x79, 0x79, 0x6c,
    0x03, 0x00, 0x79, 0x79, 0x0c, 0x0c, 0x00, 0x00, 0x51, 0x55, 0x03, 0x01, 0x00, 0x51, 0x6f, 0x0c,
    0x01, 0x00, 0x00, 0x51, 0x01, 0x01, 0x79, 0x79, 0x0c, 0x0a, 0x00, 0x79, 0x79, 0x1f, 0x0c, 0x00,
    0x79, 0x79, 0x09, 0x00, 0x00, 0x79, 0x79, 0x70, 0x09, 0x00, 0x00, 0x00, 0x76, 0x0d, 0x01, 0x79,
    0x28, 0x78, 0x04, 0x00, 0x79, 0x0d, 0x75, 0x03, 0x00, 0x00, 0x00, 0x0a, 0x03, 0x01, 0x00, 0x00,
    0x5a, 0x04, 0x01, 0x79, 0x5e, 0x78, 0x0a, 0x00, 0x79, 0x79, 0x75, 0x00, 0x00, 0x79, 0x5e, 0x54,
    0x00, 0x00, 0x79, 0x28, 0x1e, 0x01, 0x00, 0x00, 0x51, 0x51, 0x00, 0x01, 0x00, 0x09, 0x75, 0x0a,
    0x01, 0x79, 0x0d, 0x1f, 0x04, 0x00, 0x00, 0x00, 0x04, 0x04, 0x01, 0x00, 0x51, 0x6c, 0x03, 0x01,
    0x00, 0x00, 0x1c, 0x0c, 0x01, 0x79, 0x5e, 0x52, 0x01, 0x00, 0x79, 0x28, 0x5e, 0x00, 0x00, 0x00,
    0x51, 0x00, 0x03, 0x01, 0x00, 0x51, 0x54, 0x03, 0x01, 0x79, 0x79, 0x76, 0x0c, 0x00, 0x00, 0x00,
    0x79, 0x01, 0x01, 0x00, 0x51, 0x09, 0x00, 0x01, 0x79, 0x79, 0x6c, 0x0c, 0x00, 0x79, 0x79, 0x5d,
    0x09, 0x00, 0x00, 0x00, 0x27, 0x0a, 0x01, 0x79, 0x79, 0x1c, 0x00, 0x00, 0x79, 0x0d, 0x1b, 0x00,
    0x00, 0x00, 0x1b, 0x52, 0x04, 0x01, 0x00, 0x00, 0x76, 0x0c, 0x01, 0x00, 0x09, 0x1c, 0x03, 0x01,
    0x00, 0x51, 0x27, 0x09, 0x01, 0x79, 0x28, 0x54, 0x04, 0x00, 0x00, 0x51, 0x6c, 0x01, 0x01, 0x79,
    0x79, 0x54, 0x01, 0x00, 0x00, 0x1b, 0x5d, 0x04, 0x01, 0x00, 0x00, 0x0a, 0x00, 0x01, 0x00, 0x00,
    0x75, 0x0d, 0x01, 0x79, 0x79, 0x55, 0x0a, 0x00, 0x00, 0x00, 0x0a, 0x0d, 0x01, 0x79, 0x28, 0x00,
    0x00, 0x00, 0x00, 0x00, 0x6c, 0x00, 0x01, 0x79, 0x5e, 0x04, 0x0a, 0x00, 0x79, 0x28, 0x79, 0x0c,
    0x00, 0x79, 0x5e, 0x6d, 0x0d, 0x00, 0x00, 0x00, 0x51, 0x0a, 0x01, 0x79, 0x79, 0x01, 0x03, 0x00,
    0x00, 0x51, 0x75, 0x04, 0x01, 0x79, 0x79, 0x1c, 0x04, 0x00, 0x79, 0x79, 0x6c, 0x09, 0x00, 0x79,
    0x79, 0x1c, 0x0d, 0x00, 0x00, 0x00, 0x79, 0x0d, 0x01, 0x79, 0x79, 0x09, 0x04, 0x00, 0x00, 0x00,
    0x52, 0x0a, 0x01, 0x79, 0x5e, 0x01, 0x09, 0x00, 0x00, 0x51, 0x54, 0x0a, 0x01, 0x00, 0x51, 0x1b,
    0x00, 0x01, 0x79, 0x28, 0x25, 0x00, 0x00, 0x00, 0x1b, 0x78, 0x0a, 0x01, 0x00, 0x00, 0x70, 0x0d,
    0x01, 0x79, 0x79, 0x25, 0x0c, 0x00, 0x00, 0x00, 0x04, 0x0a, 0x01, 0x00, 0x00, 0x52, 0x0d, 0x01,
    0x79, 0x79, 0x09, 0x03, 0x00, 0x79, 0x79, 0x79, 0x0d, 0x00, 0x00, 0x1b, 0x6f, 0x03, 0x01, 0x79,
    0x28, 0x01, 0x01, 0x00, 0x79, 0x79, 0x76, 0x0a, 0x00, 0x00, 0x00, 0x1c, 0x0d, 0x01, 0x00, 0x00,
    0x5d, 0x04, 0x01, 0x79, 0x79, 0x76, 0x00, 0x00, 0x00, 0x00, 0x5e, 0x01, 0x01, 0x79, 0x79, 0x0a,
    0x0a, 0x00, 0x79, 0x79, 0x78, 0x0d, 0x00, 0x79, 0x79, 0x1b, 0x0a, 0x00, 0x00, 0x00, 0x01, 0x04,
    0x01, 0x00, 0x51, 0x79, 0x00, 0x01, 0x79, 0x28, 0x1c, 0x09, 0x00, 0x00, 0x1b, 0x70, 0x0d, 0x01,
    0x00, 0x6c, 0x0c, 0x0c, 0x01, 0x79, 0x28, 0x25, 0x0c, 0x00, 0x79, 0x79, 0x00, 0x0c, 0x00, 0x79,
    0x5e, 0x6c, 0x00, 0x00, 0x00, 0x51, 0x00, 0x0a, 0x01, 0x79, 0x28, 0x76, 0x04, 0x00, 0x00, 0x51,
    0x5d, 0x0a, 0x01, 0x79, 0x79, 0x0d, 0x0c, 0x00, 0x00, 0x51, 0x54, 0x0a, 0x01, 0x00, 0x00, 0x09,
    0x0c, 0x01, 0x79, 0x79, 0x03, 0x04, 0x00, 0x79, 0x79, 0x01, 0x0c, 0x00, 0x00, 0x00, 0x1e, 0x0c,
    0x01, 0x79, 0x79, 0x01, 0x04, 0x00, 0x79, 0x79, 0x27, 0x09, 0x00, 0x00, 0x00, 0x0a, 0x00, 0x01,
    0x00, 0x00, 0x75, 0x09, 0x01, 0x00, 0x00, 0x6f, 0x0c, 0x01, 0x79, 0x79, 0x70, 0x03, 0x00, 0x00,
    0x00, 0x52, 0x03, 0x01, 0x79, 0x79, 0x70, 0x0c, 0x00, 0x79, 0x79, 0x01, 0x0a, 0x00, 0x00, 0x00,
    0x09, 0x0d, 0x01, 0x79, 0x79, 0x6d, 0x04, 0x00, 0x79, 0x79, 0x01, 0x0c, 0x00, 0x00, 0x00, 0x01,
    0x0c, 0x01, 0x79, 0x79, 0x28, 0x0d, 0x00, 0x00, 0x00, 0x00, 0x0d, 0x01, 0x00, 0x00, 0x1c, 0x09,
    0x01, 0x79, 0x79, 0x27, 0x04, 0x00, 0x00, 0x00, 0x6c, 0x00, 0x01, 0x00, 0x00, 0x6c, 0x09, 0x01,
    0x00, 0x00, 0x24, 0x00, 0x01, 0x79, 0x79, 0x52, 0x03, 0x00, 0x00, 0x00, 0x1b, 0x04, 0x01, 0x79,
    0x79, 0x28, 0x00, 0x00, 0x00, 0x00, 0x54, 0x00, 0x01, 0x79, 0x79, 0x52, 0x01, 0x00, 0x79, 0x79,
    0x1b, 0x03, 0x00, 0x79, 0x79, 0x5b, 0x0c, 0x00, 0x00, 0x00, 0x55, 0x03, 0x01, 0x79, 0x79, 0x03,
    0x0d, 0x00, 0x00, 0x00, 0x6d, 0x0c, 0x01, 0x79, 0x79, 0x5a, 0x04, 0x00, 0x79, 0x28, 0x0d, 0x01,
    0x00, 0x00, 0x00, 0x01, 0x00, 0x01, 0x79, 0x79, 0x04, 0x0a, 0x00, 0x00, 0x00, 0x52, 0x04, 0x01,
    0x79, 0x79, 0x76, 0x03, 0x00, 0x79, 0x79, 0x1c, 0x03, 0x00, 0x00, 0x00, 0x76, 0x09, 0x01, 0x79,
    0x79, 0x5d, 0x01, 0x00, 0x00, 0x00, 0x79, 0x0d, 0x01, 0x79, 0x28, 0x1f, 0x0a, 0x00, 0x79, 0x5e,
    0x1b, 0x01, 0x00, 0x00, 0x00, 0x55, 0x09, 0x01, 0x00, 0x00, 0x76, 0x04, 0x01, 0x79, 0x28, 0x5e,
    0x00, 0x00, 0x79, 0x79, 0x28, 0x03, 0x00, 0x79, 0x79, 0x03, 0x0c, 0x00, 0x00, 0x00, 0x70, 0x09,
    0x01, 0x00, 0x00, 0x01, 0x04, 0x01, 0x79, 0x28, 0x55, 0x0c, 0x00, 0x00, 0x00, 0x54, 0x01, 0x01,
    0x00, 0x00, 0x1b, 0x04, 0x01, 0x79, 0x79, 0x04, 0x01, 0x00, 0x79, 0x79, 0x1f, 0x0a, 0x00, 0x00,
    0x51, 0x52, 0x0c, 0x01, 0x79, 0x79, 0x1f, 0x03, 0x00, 0x00, 0x51, 0x01, 0x01, 0x01, 0x79, 0x70,
    0x52, 0x0c, 0x00, 0x79, 0x28, 0x76, 0x01, 0x00, 0x00, 0x00, 0x1c, 0x09, 0x01, 0x79, 0x79, 0x27,
    0x0a, 0x00, 0x00, 0x00, 0x76, 0x04, 0x01, 0x00, 0x51, 0x76, 0x00, 0x01, 0x00, 0x51, 0x25, 0x04,
    0x01, 0x79, 0x5e, 0x5e, 0x03, 0x00, 0x79, 0x79, 0x0a, 0x09, 0x00, 0x79, 0x79, 0x27, 0x03, 0x00,
    0x00, 0x1b, 0x27, 0x01, 0x01, 0x79, 0x79, 0x24, 0x04, 0x00, 0x00, 0x00, 0x52, 0x00, 0x01, 0x79,
    0x79, 0x78, 0x0d, 0x00, 0x79, 0x28, 0x24, 0x03, 0x00, 0x79, 0x79, 0x6c, 0x04, 0x00, 0x00, 0x00,
    0x54, 0x03, 0x01, 0x79, 0x79, 0x09, 0x04, 0x00, 0x00, 0x1b, 0x6c, 0x09, 0x01, 0x79, 0x79, 0x70,
    0x0d, 0x00, 0x79, 0x79, 0x6d, 0x09, 0x00, 0x00, 0x1b, 0x5a, 0x03, 0x01, 0x00, 0x00, 0x09, 0x01,
    0x01, 0x79, 0x5e, 0x54, 0x0c, 0x00, 0x00, 0x00, 0x51, 0x09, 0x01, 0x79, 0x0d, 0x27, 0x04, 0x00,
    0x79, 0x5e, 0x0d, 0x04, 0x00, 0x79, 0x79, 0x54, 0x04, 0x00, 0x00, 0x00, 0x25, 0x01, 0x01, 0x00,
    0x00, 0x6f, 0x01, 0x01, 0x00, 0x6c, 0x0c, 0x0a, 0x01, 0x00, 0x00, 0x5e, 0x0d, 0x01, 0x00, 0x51,
    0x27, 0x00, 0x01, 0x79, 0x28, 0x5b, 0x03, 0x00, 0x00, 0x00, 0x1c, 0x04, 0x01, 0x00, 0x51, 0x0c,
    0x00, 0x01, 0x79, 0x79, 0x01, 0x04, 0x00, 0x79, 0x28, 0x1b, 0x00, 0x00, 0x00, 0x00, 0x54, 0x0c,
    0x01, 0x00, 0x51, 0x03, 0x0d, 0x01, 0x00, 0x00, 0x54, 0x00, 0x01, 0x79, 0x79, 0x04, 0x04, 0x00,
    0x00, 0x51, 0x24, 0x0c, 0x01, 0x00, 0x51, 0x52, 0x09, 0x01, 0x00, 0x00, 0x6f, 0x0a, 0x01, 0x79,
    0x28, 0x79, 0x0d, 0x00, 0x00, 0x00, 0x27, 0x00, 0x01, 0x79, 0x28, 0x00, 0x00, 0x00, 0x00, 0x00,
    0x25, 0x03, 0x01, 0x00, 0x51, 0x0c, 0x01, 0x01, 0x00, 0x00, 0x6f, 0x03, 0x01, 0x79, 0x5e, 0x24,
    0x09, 0x00, 0x00, 0x1b, 0x6c, 0x00, 0x01, 0x79, 0x79, 0x0d, 0x04, 0x00, 0x00, 0x00, 0x01, 0x0d,
    0x01, 0x00, 0x00, 0x0d, 0x00, 0x01, 0x00, 0x00, 0x5d, 0x00, 0x01, 0x00, 0x00, 0x1f, 0x03, 0x01,
    0x79, 0x79, 0x5b, 0x03, 0x00, 0x00, 0x51, 0x5d, 0x0d, 0x01, 0x79, 0x79, 0x25, 0x00, 0x00, 0x00,
    0x00, 0x5b, 0x09, 0x01, 0x79, 0x28, 0x04, 0x04, 0x00, 0x79, 0x79, 0x79, 0x04, 0x00, 0x79, 0x79,
    0x70, 0x00, 0x00, 0x00, 0x51, 0x6c, 0x03, 0x01, 0x00, 0x00, 0x09, 0x0c, 0x01, 0x00, 0x00, 0x76,
    0x0a, 0x01, 0x79, 0x79, 0x6f, 0x03, 0x00, 0x00, 0x00, 0x70, 0x01, 0x01, 0x00, 0x00, 0x01, 0x04,
    0x01, 0x79, 0x5e, 0x5b, 0x0a, 0x00, 0x79, 0x79, 0x04, 0x09, 0x00, 0x00, 0x1b, 0x01, 0x0d, 0x01,
    0x00, 0x51, 0x1c, 0x01, 0x01, 0x00, 0x51, 0x1e, 0x01, 0x01, 0x00, 0x00, 0x01, 0x00, 0x01, 0x00,
    0x00, 0x6c, 0x0d, 0x01, 0x79, 0x28, 0x1c, 0x0c, 0x00, 0x00, 0x00, 0x5a, 0x04, 0x01, 0x00, 0x00,
    0x5b, 0x03, 0x01, 0x79, 0x79, 0x76, 0x0c, 0x00, 0x00, 0x00, 0x54, 0x01, 0x01, 0x79, 0x79, 0x24,
    0x0d, 0x00, 0x00, 0x00, 0x6c, 0x0d, 0x01, 0x00, 0x00, 0x75, 0x04, 0x01, 0x00, 0x00, 0x01, 0x03,
    0x01, 0x00, 0x00, 0x54, 0x01, 0x01, 0x79, 0x79, 0x6c, 0x03, 0x00, 0x00, 0x00, 0x09, 0x09, 0x01,
    0x00, 0x00, 0x78, 0x0a, 0x01, 0x00, 0x51, 0x1b, 0x03, 0x01, 0x00, 0x00, 0x1b, 0x09, 0x01, 0x00,
    0x51, 0x1b, 0x0c, 0x01, 0x00, 0x51, 0x5b, 0x0d, 0x01, 0x79, 0x5e, 0x1f, 0x0c, 0x00, 0x79, 0x5e,
    0x6f, 0x04, 0x00, 0x00, 0x00, 0x27, 0x00, 0x01, 0x79, 0x70, 0x09, 0x01, 0x00, 0x79, 0x28, 0x1e,
    0x01, 0x00, 0x79, 0x70, 0x1b, 0x0a, 0x00, 0x79, 0x79, 0x09, 0x0a, 0x00, 0x00, 0x51, 0x54, 0x09,
    0x01, 0x00, 0x51, 0x5b, 0x0a, 0x01, 0x00, 0x51, 0x0c, 0x04, 0x01, 0x00, 0x00, 0x00, 0x01, 0x01,
    0x00, 0x00, 0x5a, 0x0d, 0x01, 0x00, 0x00, 0x5d, 0x04, 0x01, 0x79, 0x79, 0x1f, 0x01, 0x00, 0x00,
    0x00, 0x6f, 0x00, 0x01, 0x00, 0x00, 0x78, 0x0c, 0x01, 0x79, 0x79, 0x52, 0x0a, 0x00, 0x79, 0x79,
    0x1c, 0x0a, 0x00, 0x79, 0x79, 0x76, 0x01, 0x00, 0x00, 0x51, 0x1b, 0x03, 0x01, 0x00, 0x00, 0x00,
    0x04, 0x01, 0x00, 0x00, 0x1e, 0x00, 0x01, 0x00, 0x00, 0x28, 0x01, 0x01, 0x79, 0x28, 0x79, 0x04,
    0x00, 0x79, 0x79, 0x0d, 0x03, 0x00, 0x00, 0x00, 0x75, 0x00, 0x01, 0x79, 0x79, 0x5b, 0x00, 0x00,
    0x00, 0x00, 0x01, 0x0d, 0x01, 0x79, 0x79, 0x03, 0x0c, 0x00, 0x00, 0x00, 0x76, 0x04, 0x01, 0x79,
    0x79, 0x04, 0x03, 0x00, 0x00, 0x00, 0x1e, 0x09, 0x01, 0x79, 0x79, 0x0d, 0x0d, 0x00, 0x79, 0x79,
    0x5b, 0x0a, 0x00, 0x00, 0x00, 0x6f, 0x01, 0x01, 0x79, 0x79, 0x03, 0x03, 0x00, 0x79, 0x79, 0x1f,
    0x0a, 0x00, 0x00, 0x00, 0x00, 0x01, 0x01, 0x79, 0x79, 0x5e, 0x04, 0x00, 0x79, 0x79, 0x03, 0x0a,
    0x00, 0x00, 0x00, 0x01, 0x04, 0x01, 0x00, 0x00, 0x0a, 0x04, 0x01, 0x79, 0x79, 0x5d, 0x0d, 0x00,
    0x79, 0x79, 0x25, 0x03, 0x00, 0x79, 0x79, 0x0a, 0x01, 0x00, 0x79, 0x79, 0x25, 0x03, 0x00, 0x79,
    0x28, 0x01, 0x09, 0x00, 0x00, 0x00, 0x28, 0x0a, 0x01, 0x79, 0x28, 0x01, 0x00, 0x00, 0x79, 0x79,
    0x0c, 0x03, 0x00, 0x79, 0x79, 0x28, 0x09, 0x00, 0x00, 0x00, 0x5e, 0x01, 0x01, 0x00, 0x00, 0x1e,
    0x0c, 0x01, 0x00, 0x00, 0x1b, 0x00, 0x01, 0x00, 0x00, 0x1b, 0x04, 0x01, 0x79, 0x79, 0x5e, 0x09,
    0x00, 0x00, 0x00, 0x09, 0x00, 0x01, 0x00, 0x51, 0x1f, 0x0d, 0x01, 0x79, 0x79, 0x28, 0x0a, 0x00,
    0x79, 0x28, 0x5e, 0x01, 0x00, 0x79, 0x79, 0x27, 0x03, 0x00, 0x79, 0x28, 0x27, 0x01, 0x00, 0x79,
    0x79, 0x78, 0x09, 0x00, 0x00, 0x51, 0x5b, 0x0a, 0x01, 0x00, 0x00, 0x52, 0x09, 0x01, 0x00, 0x00,
    0x51, 0x00, 0x01, 0x79, 0x28, 0x1c, 0x0a, 0x00, 0x00, 0x51, 0x00, 0x09, 0x01, 0x79, 0x79, 0x78,
    0x03, 0x00, 0x00, 0x00, 0x76, 0x0a, 0x01, 0x79, 0x79, 0x5e, 0x09, 0x00, 0x79, 0x79, 0x24, 0x0a,
    0x00, 0x79, 0x0d, 0x0c, 0x0d, 0x00, 0x79, 0x28, 0x0a, 0x03, 0x00, 0x00, 0x00, 0x5d, 0x04, 0x01,
    0x00, 0x00, 0x1f, 0x03, 0x01, 0x79, 0x28, 0x6c, 0x04, 0x00, 0x79, 0x79, 0x09, 0x04, 0x00, 0x00,
    0x00, 0x54, 0x01, 0x01, 0x79, 0x79, 0x1f, 0x0d, 0x00, 0x79, 0x55, 0x28, 0x0a, 0x00, 0x79, 0x0d,
    0x1c, 0x09, 0x00, 0x00, 0x51, 0x24, 0x00, 0x01, 0x00, 0x00, 0x0a, 0x09, 0x01, 0x00, 0x51, 0x0c,
    0x0d, 0x01, 0x79, 0x79, 0x09, 0x09, 0x00, 0x79, 0x79, 0x00, 0x03, 0x00, 0x00, 0x00, 0x5b, 0x03,
    0x01, 0x79, 0x0d, 0x0d, 0x04, 0x00, 0x79, 0x04, 0x6f, 0x01, 0x00, 0x00, 0x00, 0x1e, 0x09, 0x01,
    0x79, 0x70, 0x25, 0x0d, 0x00, 0x79, 0x79, 0x0a, 0x04, 0x00, 0x00, 0x09, 0x00, 0x09, 0x01, 0x00,
    0x00, 0x6d, 0x0a, 0x01, 0x79, 0x5e, 0x04, 0x04, 0x00, 0x79, 0x55, 0x78, 0x0c, 0x00, 0x00, 0x00,
    0x54, 0x03, 0x01, 0x00, 0x00, 0x0d, 0x0a, 0x01, 0x79, 0x79, 0x75, 0x00, 0x00, 0x79, 0x79, 0x03,
    0x03, 0x00, 0x00, 0x6c, 0x5d, 0x0a, 0x01, 0x00, 0x00, 0x1f, 0x04, 0x01, 0x00, 0x1b, 0x1c, 0x01,
    0x01, 0x79, 0x79, 0x28, 0x0c, 0x00, 0x79, 0x79, 0x01, 0x00, 0x00, 0x79, 0x5e, 0x5e, 0x04, 0x00,
    0x00, 0x1b, 0x5a, 0x01, 0x01, 0x00, 0x51, 0x75, 0x09, 0x01, 0x79, 0x79, 0x52, 0x09, 0x00, 0x79,
    0x79, 0x24, 0x03, 0x00, 0x79, 0x28, 0x28, 0x03, 0x00, 0x00, 0x51, 0x28, 0x00, 0x01, 0x79, 0x79,
    0x75, 0x00, 0x00, 0x79, 0x79, 0x1b, 0x0a, 0x00, 0x00, 0x1b, 0x27, 0x0d, 0x01, 0x00, 0x00, 0x1c,
    0x0c, 0x01, 0x79, 0x5e, 0x78, 0x03, 0x00, 0x79, 0x5e, 0x6f, 0x03, 0x00, 0x79, 0x5e, 0x1b, 0x0a,
    0x00, 0x00, 0x51, 0x5b, 0x0a, 0x01, 0x79, 0x79, 0x55, 0x0c, 0x00, 0x79, 0x5e, 0x00, 0x04, 0x00,
    0x79, 0x5e, 0x51, 0x0a, 0x00, 0x79, 0x55, 0x00, 0x00, 0x00, 0x79, 0x28, 0x5d, 0x04, 0x00, 0x00,
    0x1b, 0x1b, 0x09, 0x01, 0x00, 0x00, 0x0d, 0x09, 0x01, 0x79, 0x79, 0x54, 0x0d, 0x00, 0x79, 0x79,
    0x54, 0x00, 0x00, 0x00, 0x51, 0x5e, 0x01, 0x01, 0x00, 0x00, 0x1b, 0x0a, 0x01, 0x79, 0x28, 0x5a,
    0x01, 0x00, 0x00, 0x6c, 0x0a, 0x0c, 0x01, 0x79, 0x79, 0x04, 0x00, 0x00, 0x00, 0x1b, 0x1f, 0x09,
    0x01, 0x00, 0x51, 0x78, 0x0d, 0x01, 0x00, 0x00, 0x00, 0x04, 0x01, 0x79, 0x79, 0x75, 0x04, 0x00,
    0x00, 0x00, 0x6f, 0x01, 0x01, 0x00, 0x6c, 0x54, 0x0c, 0x01, 0x79, 0x28, 0x04, 0x04, 0x00, 0x79,
    0x28, 0x1c, 0x00, 0x00, 0x79, 0x79, 0x5a, 0x0c, 0x00, 0x79, 0x70, 0x01, 0x0c, 0x00, 0x00, 0x1b,
    0x1b, 0x01, 0x01, 0x79, 0x70, 0x79, 0x0c, 0x00, 0x00, 0x00, 0x78, 0x0a, 0x01, 0x00, 0x00, 0x5a,
    0x0c, 0x01, 0x79, 0x5e, 0x28, 0x03, 0x00, 0x79, 0x5e, 0x25, 0x0c, 0x00, 0x00, 0x6c, 0x27, 0x01,
    0x01, 0x00, 0x51, 0x24, 0x0c, 0x01, 0x79, 0x79, 0x79, 0x09, 0x00, 0x79, 0x28, 0x75, 0x04, 0x00,
    0x79, 0x5b, 0x70, 0x0c, 0x00, 0x79, 0x0d, 0x5b, 0x00, 0x00, 0x79, 0x28, 0x6d, 0x04, 0x00, 0x79,
    0x79, 0x1f, 0x0d, 0x00, 0x79, 0x28, 0x54, 0x0c, 0x00, 0x79, 0x5e, 0x52, 0x0c, 0x00, 0x79, 0x79,
    0x27, 0x01, 0x00, 0x79, 0x79, 0x6c, 0x0c, 0x00, 0x00, 0x5a, 0x1e, 0x0d, 0x01, 0x79, 0x28, 0x25,
    0x01, 0x00, 0x00, 0x51, 0x28, 0x04, 0x01, 0x00, 0x51, 0x51, 0x0c, 0x01, 0x00, 0x1b, 0x70, 0x01,
    0x01, 0x00, 0x1b, 0x1e, 0x09, 0x01, 0x00, 0x75, 0x5d, 0x01, 0x01, 0x00, 0x51, 0x0c, 0x0d, 0x01,
    0x79, 0x5e, 0x51, 0x09, 0x00, 0x00, 0x6c, 0x03, 0x01, 0x01, 0x00, 0x00, 0x51, 0x09, 0x01, 0x79,
    0x28, 0x79, 0x0a, 0x00, 0x00, 0x00, 0x03, 0x0c, 0x01, 0x79, 0x79, 0x1c, 0x01, 0x00, 0x00, 0x00,
    0x55, 0x00, 0x01, 0x79, 0x28, 0x1b, 0x01, 0x00, 0x00, 0x6c, 0x6c, 0x0d, 0x01, 0x00, 0x1b, 0x03,
    0x0d, 0x01, 0x00, 0x00, 0x6f, 0x0c, 0x01, 0x00, 0x6c, 0x6f, 0x0c, 0x01, 0x79, 0x5e, 0x0a, 0x04,
    0x00, 0x79, 0x28, 0x00, 0x00, 0x00, 0x79, 0x28, 0x25, 0x00, 0x00, 0x00, 0x1b, 0x24, 0x0c, 0x01,
    0x00, 0x00, 0x54, 0x0a, 0x01, 0x79, 0x28, 0x09, 0x00, 0x00, 0x79, 0x28, 0x28, 0x0a, 0x00, 0x00,
    0x00, 0x78, 0x04, 0x01, 0x79, 0x79, 0x6c, 0x0a, 0x00, 0x00, 0x00, 0x25, 0x04, 0x01, 0x00, 0x00,
    0x1e, 0x04, 0x01, 0x00, 0x51, 0x70, 0x0c, 0x01, 0x79, 0x79, 0x04, 0x01, 0x00, 0x00, 0x00, 0x27,
    0x09, 0x01, 0x00, 0x00, 0x6d, 0x0a, 0x01, 0x00, 0x00, 0x24, 0x0a, 0x01, 0x00, 0x1b, 0x6c, 0x0c,
    0x01, 0x00, 0x00, 0x09, 0x0d, 0x01, 0x79, 0x79, 0x55, 0x0a, 0x00, 0x79, 0x79, 0x70, 0x03, 0x00,
    0x00, 0x51, 0x54, 0x00, 0x01, 0x79, 0x5e, 0x76, 0x0c, 0x00, 0x00, 0x00, 0x0c, 0x0c, 0x01, 0x79,
    0x79, 0x52, 0x00, 0x00, 0x00, 0x00, 0x55, 0x0a, 0x01, 0x00, 0x51, 0x03, 0x00, 0x01, 0x79, 0x79,
    0x1f, 0x03, 0x00, 0x79, 0x28, 0x09, 0x0c, 0x00, 0x00, 0x00, 0x1c, 0x03, 0x01, 0x00, 0x00, 0x5d,
    0x09, 0x01, 0x00, 0x00, 0x0c, 0x01, 0x01, 0x79, 0x79, 0x52, 0x00, 0x00, 0x79, 0x28, 0x5e, 0x0a,
    0x00, 0x79, 0x5e, 0x0a, 0x01, 0x00, 0x00, 0x54, 0x1b, 0x09, 0x01, 0x00, 0x27, 0x76, 0x01, 0x01,
    0x00, 0x6f, 0x54, 0x04, 0x01, 0x79, 0x1f, 0x5e, 0x01, 0x00, 0x00, 0x1b, 0x70, 0x00, 0x01, 0x00,
    0x6c, 0x5a, 0x00, 0x01, 0x79, 0x79, 0x0d, 0x00, 0x00, 0x79, 0x79, 0x55, 0x0a, 0x00, 0x00, 0x00,
    0x1b, 0x0d, 0x01, 0x79, 0x0d, 0x03, 0x0a, 0x00, 0x79, 0x79, 0x6c, 0x03, 0x00, 0x00, 0x00, 0x5e,
    0x09, 0x01, 0x79, 0x5e, 0x0a, 0x00, 0x00, 0x00, 0x00, 0x6d, 0x01, 0x01, 0x00, 0x51, 0x70, 0x04,
    0x01, 0x79, 0x55, 0x6f, 0x04, 0x00, 0x00, 0x1b, 0x55, 0x04, 0x01, 0x79, 0x0d, 0x52, 0x03, 0x00,
    0x00, 0x51, 0x27, 0x03, 0x01, 0x00, 0x1b, 0x76, 0x0c, 0x01, 0x00, 0x00, 0x04, 0x09, 0x01, 0x00,
    0x51, 0x6c, 0x0d, 0x01, 0x00, 0x1b, 0x24, 0x00, 0x01, 0x79, 0x78, 0x5a, 0x01, 0x00, 0x00, 0x1b,
    0x28, 0x01, 0x01, 0x00, 0x00, 0x27, 0x0d, 0x01, 0x00, 0x00, 0x1c, 0x03, 0x01, 0x79, 0x6d, 0x0a,
    0x09, 0x00, 0x79, 0x1f, 0x51, 0x09, 0x00, 0x00, 0x51, 0x1f, 0x01, 0x01, 0x79, 0x5e, 0x03, 0x01,
    0x00, 0x00, 0x09, 0x79, 0x0a, 0x01, 0x79, 0x28, 0x1e, 0x03, 0x00, 0x79, 0x79, 0x1e, 0x09, 0x00,
    0x79, 0x5b, 0x1c, 0x0d, 0x00, 0x00, 0x1b, 0x5a, 0x0c, 0x01, 0x00, 0x00, 0x24, 0x00, 0x01, 0x79,
    0x5e, 0x55, 0x09, 0x00, 0x00, 0x6c, 0x6f, 0x09, 0x01, 0x79, 0x28, 0x78, 0x03, 0x00, 0x79, 0x5e,
    0x03, 0x04, 0x00, 0x00, 0x1b, 0x04, 0x0c, 0x01, 0x79, 0x79, 0x5d, 0x0d, 0x00, 0x00, 0x00, 0x0d,
    0x00, 0x01, 0x79, 0x79, 0x70, 0x04, 0x00, 0x79, 0x79, 0x1e, 0x03, 0x00, 0x79, 0x0d, 0x03, 0x00,
    0x00, 0x00, 0x51, 0x52, 0x0a, 0x01, 0x79, 0x79, 0x5a, 0x00, 0x00, 0x00, 0x1b, 0x75, 0x03, 0x01,
    0x00, 0x75, 0x0c, 0x09, 0x01, 0x00, 0x5a, 0x5a, 0x00, 0x01, 0x00, 0x5a, 0x0a, 0x03, 0x01, 0x79,
    0x1f, 0x6d, 0x0c, 0x00, 0x00, 0x1b, 0x25, 0x01, 0x01, 0x79, 0x79, 0x0d, 0x09, 0x00, 0x79, 0x79,
    0x24, 0x01, 0x00, 0x79, 0x28, 0x6c, 0x04, 0x00, 0x00, 0x6c, 0x54, 0x0c, 0x01, 0x79, 0x79, 0x1e,
    0x00, 0x00, 0x79, 0x5e, 0x1c, 0x00, 0x00, 0x00, 0x00, 0x54, 0x09, 0x01, 0x00, 0x00, 0x0d, 0x04,
    0x01, 0x00, 0x51, 0x6f, 0x00, 0x01, 0x00, 0x00, 0x01, 0x09, 0x01, 0x00, 0x00, 0x52, 0x0a, 0x01,
    0x00, 0x1b, 0x04, 0x0a, 0x01, 0x00, 0x5a, 0x25, 0x09, 0x01, 0x79, 0x79, 0x1c, 0x00, 0x00, 0x00,
    0x1b, 0x6c, 0x04, 0x01, 0x79, 0x0d, 0x52, 0x04, 0x00, 0x79, 0x0d, 0x03, 0x04, 0x00, 0x79, 0x79,
    0x1e, 0x00, 0x00, 0x00, 0x1b, 0x03, 0x0d, 0x01, 0x00, 0x1b, 0x79, 0x09, 0x01, 0x00, 0x00, 0x6c,
    0x00, 0x01, 0x00, 0x00, 0x09, 0x04, 0x01, 0x00, 0x1b, 0x5e, 0x04, 0x01, 0x79, 0x79, 0x01, 0x04,
    0x00, 0x00, 0x00, 0x03, 0x0d, 0x01, 0x00, 0x00, 0x6d, 0x0a, 0x01, 0x79, 0x5e, 0x1f, 0x00, 0x00,
    0x00, 0x6c, 0x28, 0x0c, 0x01, 0x00, 0x1b, 0x28, 0x0c, 0x01, 0x79, 0x79, 0x24, 0x09, 0x00, 0x00,
    0x1b, 0x5b, 0x03, 0x01, 0x00, 0x51, 0x04, 0x0c, 0x01, 0x79, 0x0d, 0x55, 0x03, 0x00, 0x79, 0x5e,
    0x04, 0x04, 0x00, 0x79, 0x79, 0x03, 0x03, 0x00, 0x79, 0x28, 0x5d, 0x01, 0x00, 0x00, 0x1b, 0x6c,
    0x0c, 0x01, 0x00, 0x00, 0x75, 0x0c, 0x01, 0x79, 0x70, 0x09, 0x00, 0x00, 0x79, 0x5e, 0x5e, 0x0c,
    0x00, 0x00, 0x00, 0x5e, 0x0c, 0x01, 0x00, 0x6c, 0x79, 0x09, 0x01, 0x79, 0x1f, 0x6c, 0x0d, 0x00,
    0x79, 0x5e, 0x1e, 0x00, 0x00, 0x79, 0x79, 0x75, 0x00, 0x00, 0x00, 0x00, 0x0c, 0x03, 0x01, 0x00,
    0x1b, 0x00, 0x0d, 0x01, 0x00, 0x6c, 0x78, 0x04, 0x01, 0x00, 0x51, 0x27, 0x0d, 0x01, 0x79, 0x28,
    0x01, 0x03, 0x00, 0x79, 0x27, 0x55, 0x0a, 0x00, 0x00, 0x1e, 0x5b, 0x0d, 0x01, 0x79, 0x70, 0x79,
    0x0c, 0x00, 0x79, 0x79, 0x51, 0x01, 0x00, 0x00, 0x1b, 0x01, 0x0a, 0x01, 0x00, 0x1b, 0x54, 0x09,
    0x01, 0x79, 0x79, 0x28, 0x0c, 0x00, 0x00, 0x00, 0x6d, 0x0a, 0x01, 0x00, 0x00, 0x00, 0x09, 0x01,
    0x00, 0x1b, 0x75, 0x00, 0x01, 0x00, 0x51, 0x54, 0x09, 0x01, 0x79, 0x28, 0x70, 0x00, 0x00, 0x00,
    0x00, 0x1e, 0x01, 0x01, 0x00, 0x00, 0x1e, 0x0a, 0x01, 0x00, 0x5a, 0x6c, 0x09, 0x01, 0x79, 0x04,
    0x03, 0x09, 0x00, 0x79, 0x70, 0x75, 0x0c, 0x00, 0x00, 0x51, 0x04, 0x09, 0x01, 0x00, 0x6c, 0x01,
    0x0d, 0x01, 0x79, 0x0d, 0x79, 0x0d, 0x00, 0x79, 0x0d, 0x04, 0x00, 0x00, 0x79, 0x5e, 0x6f, 0x0d,
    0x00, 0x00, 0x51, 0x5b, 0x04, 0x01, 0x00, 0x00, 0x75, 0x09, 0x01, 0x79, 0x79, 0x25, 0x0a, 0x00,
    0x79, 0x5e, 0x1c, 0x0c, 0x00, 0x00, 0x00, 0x54, 0x03, 0x01, 0x79, 0x28, 0x79, 0x0c, 0x00, 0x00,
    0x1b, 0x51, 0x04, 0x01, 0x79, 0x79, 0x6f, 0x03, 0x00, 0x00, 0x00, 0x76, 0x03, 0x01, 0x79, 0x28,
    0x28, 0x01, 0x00, 0x79, 0x79, 0x01, 0x0c, 0x00, 0x79, 0x79, 0x78, 0x0d, 0x00, 0x00, 0x00, 0x25,
    0x01, 0x01, 0x79, 0x79, 0x6f, 0x09, 0x00, 0x00, 0x00, 0x79, 0x04, 0x01, 0x00, 0x00, 0x27, 0x04,
    0x01, 0x00, 0x00, 0x09, 0x03, 0x01, 0x00, 0x00, 0x09, 0x04, 0x01, 0x79, 0x79, 0x00, 0x01, 0x00,
    0x79, 0x79, 0x24, 0x0c, 0x00, 0x00, 0x00, 0x0c, 0x0a, 0x01, 0x00, 0x00, 0x76, 0x04, 0x01, 0x00,
    0x00, 0x5a, 0x0d, 0x01, 0x79, 0x79, 0x55, 0x0c, 0x00, 0x00, 0x00, 0x78, 0x03, 0x01, 0x79, 0x79,
    0x01, 0x00, 0x00, 0x00, 0x00, 0x04, 0x03, 0x01, 0x79, 0x79, 0x09, 0x04, 0x00, 0x79, 0x79, 0x75,
    0x0a, 0x00, 0x00, 0x00, 0x27, 0x09, 0x01, 0x79, 0x79, 0x04, 0x03, 0x00, 0x79, 0x79, 0x5e, 0x01,
    0x00, 0x79, 0x79, 0x01, 0x01, 0x00, 0x00, 0x00, 0x6f, 0x0d, 0x01, 0x79, 0x79, 0x5a, 0x0c, 0x00,
    0x79, 0x79, 0x6c, 0x01, 0x00, 0x79, 0x5e, 0x24, 0x00, 0x00, 0x00, 0x00, 0x25, 0x01, 0x01, 0x79,
    0x28, 0x6f, 0x00, 0x00, 0x79, 0x70, 0x5b, 0x03, 0x00, 0x00, 0x00, 0x27, 0x09, 0x01, 0x79, 0x5e,
    0x28, 0x0a, 0x00, 0x79, 0x5e, 0x76, 0x00, 0x00, 0x79, 0x79, 0x78, 0x04, 0x00, 0x00, 0x51, 0x24,
    0x00, 0x01, 0x79, 0x79, 0x0d, 0x0c, 0x00, 0x00, 0x51, 0x76, 0x03, 0x01, 0x79, 0x70, 0x5a, 0x03,
    0x00, 0x79, 0x1f, 0x24, 0x09, 0x00, 0x00, 0x51, 0x78, 0x00, 0x01, 0x00, 0x1b, 0x5a, 0x04, 0x01,
    0x00, 0x51, 0x70, 0x03, 0x01, 0x00, 0x51, 0x25, 0x00, 0x01, 0x79, 0x79, 0x5d, 0x09, 0x00, 0x00,
    0x1b, 0x54, 0x0c, 0x01, 0x79, 0x28, 0x76, 0x0c, 0x00, 0x00, 0x00, 0x6c, 0x00, 0x01, 0x79, 0x79,
    0x28, 0x03, 0x00, 0x79, 0x0d, 0x24, 0x0d, 0x00, 0x00, 0x09, 0x52, 0x01, 0x01, 0x79, 0x79, 0x6c,
    0x04, 0x00, 0x00, 0x5a, 0x51, 0x04, 0x01, 0x79, 0x28, 0x25, 0x03, 0x00, 0x79, 0x55, 0x54, 0x09,
    0x00, 0x79, 0x55, 0x5d, 0x04, 0x00, 0x00, 0x00, 0x04, 0x0a, 0x01, 0x79, 0x70, 0x28, 0x04, 0x00,
    0x79, 0x5e, 0x70, 0x03, 0x00, 0x79, 0x0d, 0x70, 0x0c, 0x00, 0x00, 0x5a, 0x78, 0x04, 0x01, 0x00,
    0x00, 0x28, 0x01, 0x01, 0x00, 0x51, 0x00, 0x0a, 0x01, 0x79, 0x79, 0x04, 0x00, 0x00, 0x79, 0x0d,
    0x27, 0x04, 0x00, 0x79, 0x0d, 0x0c, 0x04, 0x00, 0x00, 0x5a, 0x25, 0x09, 0x01, 0x00, 0x00, 0x0d,
    0x00, 0x01, 0x00, 0x00, 0x0a, 0x0d, 0x01, 0x00, 0x00, 0x5e, 0x04, 0x01, 0x00, 0x51, 0x28, 0x04,
    0x01, 0x79, 0x79, 0x6f, 0x0a, 0x00, 0x00, 0x51, 0x03, 0x04, 0x01, 0x00, 0x1b, 0x04, 0x03, 0x01,
    0x00, 0x51, 0x54, 0x09, 0x01, 0x00, 0x51, 0x6f, 0x01, 0x01, 0x79, 0x79, 0x5b, 0x00, 0x00, 0x79,
    0x28, 0x1b, 0x03, 0x00, 0x79, 0x28, 0x76, 0x00, 0x00, 0x79, 0x70, 0x6d, 0x0c, 0x00, 0x00, 0x5a,
    0x25, 0x0c, 0x01, 0x00, 0x00, 0x6d, 0x0c, 0x01, 0x79, 0x79, 0x5b, 0x0d, 0x00, 0x00, 0x75, 0x25,
    0x0d, 0x01, 0x79, 0x79, 0x54, 0x0d, 0x00, 0x79, 0x28, 0x1f, 0x00, 0x00, 0x00, 0x51, 0x24, 0x0d,
    0x01, 0x00, 0x00, 0x1b, 0x04, 0x01, 0x79, 0x79, 0x75, 0x00, 0x00, 0x79, 0x79, 0x6f, 0x09, 0x00,
    0x00, 0x1b, 0x09, 0x01, 0x01, 0x79, 0x0d, 0x52, 0x0a, 0x00, 0x79, 0x28, 0x1f, 0x09, 0x00, 0x79,
    0x28, 0x04, 0x0c, 0x00, 0x00, 0x00, 0x25, 0x00, 0x01, 0x79, 0x5e, 0x55, 0x0d, 0x00, 0x00, 0x6c,
    0x79, 0x04, 0x01, 0x00, 0x00, 0x28, 0x03, 0x01, 0x79, 0x79, 0x28, 0x04, 0x00, 0x79, 0x79, 0x03,
    0x0a, 0x00, 0x00, 0x51, 0x79, 0x0d, 0x01, 0x00, 0x09, 0x5a, 0x09, 0x01, 0x79, 0x1f, 0x6d, 0x09,
    0x00, 0x79, 0x70, 0x01, 0x03, 0x00, 0x00, 0x00, 0x55, 0x0c, 0x01, 0x00, 0x00, 0x5e, 0x00, 0x01,
    0x79, 0x79, 0x01, 0x09, 0x00, 0x00, 0x6c, 0x1b, 0x09, 0x01, 0x00, 0x51, 0x6c, 0x0d, 0x01, 0x00,
    0x00, 0x1f, 0x09, 0x01, 0x79, 0x79, 0x0d, 0x09, 0x00, 0x00, 0x1b, 0x5a, 0x0a, 0x01, 0x00, 0x00,
    0x6c, 0x0a, 0x01, 0x79, 0x79, 0x1b, 0x0a, 0x00, 0x00, 0x51, 0x70, 0x0c, 0x01, 0x79, 0x79, 0x78,
    0x03, 0x00, 0x79, 0x79, 0x5a, 0x0d, 0x00, 0x79, 0x28, 0x70, 0x04, 0x00, 0x79, 0x79, 0x78, 0x04,
    0x00, 0x00, 0x00, 0x52, 0x00, 0x01, 0x79, 0x79, 0x27, 0x0c, 0x00, 0x79, 0x79, 0x54, 0x0a, 0x00,
    0x00, 0x51, 0x04, 0x04, 0x01, 0x79, 0x79, 0x1b, 0x0a, 0x00, 0x79, 0x79, 0x5a, 0x00, 0x00, 0x79,
    0x28, 0x24, 0x04, 0x00, 0x79, 0x5e, 0x6c, 0x0c, 0x00, 0x00, 0x00, 0x5e, 0x09, 0x01, 0x79, 0x0d,
    0x75, 0x0c, 0x00, 0x79, 0x79, 0x1e, 0x0d, 0x00, 0x79, 0x0d, 0x1f, 0x01, 0x00, 0x00, 0x1b, 0x28,
    0x01, 0x01, 0x79, 0x5e, 0x6d, 0x0d, 0x00, 0x00, 0x00, 0x5b, 0x00, 0x01, 0x00, 0x51, 0x76, 0x09,
    0x01, 0x00, 0x1b, 0x03, 0x00, 0x01, 0x79, 0x28, 0x5e, 0x00, 0x00, 0x00, 0x51, 0x01, 0x0c, 0x01,
    0x00, 0x00, 0x0c, 0x01, 0x01, 0x00, 0x1b, 0x27, 0x00, 0x01, 0x79, 0x28, 0x5b, 0x04, 0x00, 0x00,
    0x00, 0x75, 0x0c, 0x01, 0x00, 0x00, 0x04, 0x03, 0x01, 0x79, 0x79, 0x6d, 0x00, 0x00, 0x00, 0x00,
    0x01, 0x0a, 0x01, 0x00, 0x51, 0x0a, 0x04, 0x01, 0x00, 0x00, 0x76, 0x00, 0x01, 0x00, 0x51, 0x51,
    0x09, 0x01, 0x00, 0x00, 0x1f, 0x0c, 0x01, 0x00, 0x00, 0x5b, 0x00, 0x01, 0x00, 0x00, 0x25, 0x0a,
    0x01, 0x79, 0x79, 0x25, 0x0c, 0x00, 0x00, 0x09, 0x25, 0x00, 0x01, 0x00, 0x00, 0x75, 0x04, 0x01,
    0x79, 0x28, 0x6f, 0x03, 0x00, 0x00, 0x00, 0x55, 0x04, 0x01, 0x79, 0x79, 0x5e, 0x0d, 0x00, 0x79,
    0x28, 0x1e, 0x0a, 0x00, 0x00, 0x00, 0x54, 0x0d, 0x01, 0x00, 0x00, 0x5e, 0x00, 0x01, 0x79, 0x28,
    0x75, 0x09, 0x00, 0x00, 0x51, 0x75, 0x03, 0x01, 0x00, 0x00, 0x75, 0x09, 0x01, 0x00, 0x00, 0x55,
    0x01, 0x01, 0x79, 0x79, 0x76, 0x04, 0x00, 0x79, 0x79, 0x70, 0x0a, 0x00, 0x79, 0x79, 0x03, 0x09,
    0x00, 0x79, 0x79, 0x5b, 0x0a, 0x00, 0x79, 0x28, 0x6d, 0x01, 0x00, 0x00, 0x00, 0x03, 0x00, 0x01,
    0x00, 0x00, 0x54, 0x01, 0x01, 0x79, 0x79, 0x55, 0x09, 0x00, 0x00, 0x00, 0x04, 0x00, 0x01, 0x00,
    0x00, 0x09, 0x09, 0x01, 0x00, 0x51, 0x03, 0x0c, 0x01, 0x79, 0x28, 0x76, 0x00, 0x00, 0x00, 0x00,
    0x1f, 0x04, 0x01, 0x00, 0x00, 0x1b, 0x09, 0x01, 0x00, 0x00, 0x75, 0x0c, 0x01, 0x79, 0x79, 0x75,
    0x09, 0x00, 0x00, 0x00, 0x54, 0x0a, 0x01, 0x00, 0x00, 0x6f, 0x09, 0x01, 0x00, 0x00, 0x00, 0x00,
    0x01, 0x79, 0x79, 0x79, 0x03, 0x00, 0x79, 0x79, 0x1f, 0x0c, 0x00, 0x79, 0x79, 0x5b, 0x01, 0x00,
    0x79, 0x28, 0x78, 0x0d, 0x00, 0x00, 0x00, 0x0c, 0x09, 0x01, 0x00, 0x51, 0x5d, 0x04, 0x01, 0x00,
    0x00, 0x54, 0x0a, 0x01, 0x79, 0x79, 0x28, 0x03, 0x00, 0x79, 0x79, 0x6f, 0x09, 0x00, 0x00, 0x00,
    0x5a, 0x04, 0x01, 0x79, 0x79, 0x79, 0x03, 0x00, 0x79, 0x28, 0x52, 0x0a, 0x00, 0x79, 0x79, 0x6c,
    0x03, 0x00, 0x79, 0x70, 0x1b, 0x0d, 0x00, 0x00, 0x51, 0x6f, 0x03, 0x01, 0x79, 0x79, 0x0c, 0x00,
    0x00, 0x00, 0x6c, 0x51, 0x09, 0x01, 0x79, 0x79, 0x55, 0x01, 0x00, 0x00, 0x51, 0x75, 0x03, 0x01,
    0x00, 0x51, 0x1b, 0x04, 0x01, 0x79, 0x79, 0x5a, 0x0a, 0x00, 0x79, 0x5e, 0x0a, 0x01, 0x00, 0x00,
    0x00, 0x27, 0x0d, 0x01, 0x79, 0x28, 0x75, 0x04, 0x00, 0x79, 0x5e, 0x6f, 0x0d, 0x00, 0x00, 0x51,
    0x0d, 0x09, 0x01, 0x00, 0x51, 0x0d, 0x00, 0x01, 0x00, 0x00, 0x25, 0x0c, 0x01, 0x79, 0x79, 0x5e,
    0x0c, 0x00, 0x00, 0x51, 0x55, 0x0d, 0x01, 0x79, 0x79, 0x04, 0x01, 0x00, 0x79, 0x28, 0x1b, 0x00,
    0x00, 0x00, 0x00, 0x0c, 0x0a, 0x01, 0x00, 0x51, 0x6f, 0x0c, 0x01, 0x79, 0x79, 0x5e, 0x0c, 0x00,
    0x00, 0x00, 0x27, 0x0a, 0x01, 0x79, 0x28, 0x04, 0x00, 0x00, 0x00, 0x00, 0x5b, 0x0c, 0x01, 0x79,
    0x28, 0x24, 0x09, 0x00, 0x79, 0x79, 0x0d, 0x0c, 0x00, 0x79, 0x79, 0x1c, 0x03, 0x00, 0x00, 0x1b,
    0x5d, 0x03, 0x01, 0x79, 0x79, 0x5b, 0x04, 0x00, 0x00, 0x1b, 0x5e, 0x01, 0x01, 0x00, 0x51, 0x5a,
    0x01, 0x01, 0x79, 0x79, 0x28, 0x03, 0x00, 0x79, 0x5e, 0x5e, 0x0d, 0x00, 0x00, 0x00, 0x78, 0x01,
    0x01, 0x79, 0x79, 0x5e, 0x0d, 0x00, 0x79, 0x79, 0x55, 0x0a, 0x00, 0x79, 0x79, 0x09, 0x01, 0x00,
    0x79, 0x5e, 0x52, 0x01, 0x00, 0x00, 0x00, 0x55, 0x04, 0x01, 0x79, 0x79, 0x09, 0x01, 0x00, 0x79,
    0x79, 0x0c, 0x09, 0x00, 0x00, 0x00, 0x1b, 0x04, 0x01, 0x79, 0x5e, 0x55, 0x0d, 0x00, 0x00, 0x1b,
    0x55, 0x03, 0x01, 0x00, 0x00, 0x27, 0x0a, 0x01, 0x79, 0x28, 0x54, 0x00, 0x00, 0x79, 0x79, 0x5e,
    0x0c, 0x00, 0x79, 0x79, 0x1b, 0x09, 0x00, 0x79, 0x79, 0x1e, 0x00, 0x00, 0x79, 0x70, 0x28, 0x03,
    0x00, 0x00, 0x51, 0x5e, 0x00, 0x01, 0x79, 0x79, 0x51, 0x0c, 0x00, 0x00, 0x00, 0x28, 0x03, 0x01,
    0x79, 0x28, 0x78, 0x0d, 0x00, 0x00, 0x51, 0x0a, 0x04, 0x01, 0x00, 0x51, 0x5b, 0x01, 0x01, 0x79,
    0x28, 0x28, 0x0a, 0x00, 0x00, 0x00, 0x51, 0x0a, 0x01, 0x00, 0x51, 0x54, 0x0a, 0x01, 0x00, 0x51,
    0x75, 0x0d, 0x01, 0x00, 0x51, 0x1c, 0x0c, 0x01, 0x79, 0x5e, 0x79, 0x09, 0x00, 0x00, 0x51, 0x51,
    0x04, 0x01, 0x00, 0x00, 0x5b, 0x00, 0x01, 0x79, 0x79, 0x5b, 0x01, 0x00, 0x00, 0x51, 0x09, 0x09,
    0x01, 0x79, 0x79, 0x1f, 0x04, 0x00, 0x79, 0x79, 0x28, 0x04, 0x00, 0x00, 0x00, 0x70, 0x0d, 0x01,
    0x00, 0x00, 0x27, 0x03, 0x01, 0x79, 0x79, 0x04, 0x01, 0x00, 0x00, 0x51, 0x6d, 0x04, 0x01, 0x79,
    0x79, 0x78, 0x01, 0x00, 0x00, 0x51, 0x1e, 0x0d, 0x01, 0x00, 0x00, 0x0d, 0x0c, 0x01, 0x00, 0x51,
    0x6d, 0x04, 0x01, 0x79, 0x79, 0x0c, 0x09, 0x00, 0x79, 0x28, 0x5b, 0x09, 0x00, 0x00, 0x5a, 0x0c,
    0x0a, 0x01, 0x79, 0x79, 0x54, 0x0a, 0x00, 0x79, 0x79, 0x25, 0x09, 0x00, 0x00, 0x51, 0x6c, 0x03,
    0x01, 0x00, 0x1b, 0x51, 0x0c, 0x01, 0x00, 0x1b, 0x5b, 0x0d, 0x01, 0x79, 0x0d, 0x04, 0x01, 0x00,
    0x79, 0x79, 0x5d, 0x03, 0x00, 0x00, 0x00, 0x04, 0x04, 0x01, 0x79, 0x79, 0x1e, 0x09, 0x00, 0x79,
    0x79, 0x24, 0x03, 0x00, 0x00, 0x00, 0x52, 0x04, 0x01, 0x79, 0x79, 0x76, 0x01, 0x00, 0x00, 0x00,
    0x75, 0x09, 0x01, 0x00, 0x51, 0x5b, 0x09, 0x01, 0x79, 0x28, 0x1c, 0x01, 0x00, 0x79, 0x5e, 0x03,
    0x09, 0x00, 0x00, 0x51, 0x54, 0x00, 0x01, 0x79, 0x79, 0x5d, 0x04, 0x00, 0x00, 0x00, 0x6d, 0x04,
    0x01, 0x00, 0x1b, 0x1c, 0x03, 0x01, 0x79, 0x1f, 0x75, 0x00, 0x00, 0x79, 0x0d, 0x01, 0x04, 0x00,
    0x00, 0x51, 0x09, 0x0c, 0x01, 0x79, 0x79, 0x0d, 0x00, 0x00, 0x00, 0x00, 0x27, 0x03, 0x01, 0x00,
    0x51, 0x0c, 0x0c, 0x01, 0x79, 0x79, 0x54, 0x01, 0x00, 0x79, 0x79, 0x5a, 0x0d, 0x00, 0x00, 0x00,
    0x1e, 0x03, 0x01, 0x00, 0x51, 0x6c, 0x01, 0x01, 0x00, 0x51, 0x51, 0x01, 0x01, 0x79, 0x79, 0x0a,
    0x04, 0x00, 0x79, 0x79, 0x1b, 0x0d, 0x00, 0x00, 0x00, 0x1f, 0x0c, 0x01, 0x79, 0x79, 0x75, 0x0d,
    0x00, 0x79, 0x28, 0x28, 0x03, 0x00, 0x79, 0x28, 0x79, 0x03, 0x00, 0x00, 0x00, 0x1e, 0x01, 0x01,
    0x00, 0x00, 0x27, 0x01, 0x01, 0x00, 0x00, 0x6c, 0x03, 0x01, 0x79, 0x79, 0x52, 0x0c, 0x00, 0x79,
    0x5e, 0x76, 0x0a, 0x00, 0x00, 0x51, 0x1f, 0x01, 0x01, 0x00, 0x51, 0x24, 0x00, 0x01, 0x79, 0x5e,
    0x6f, 0x0a, 0x00, 0x00, 0x1b, 0x1b, 0x0c, 0x01, 0x79, 0x79, 0x76, 0x00, 0x00, 0x00, 0x00, 0x54,
    0x04, 0x01, 0x79, 0x79, 0x5d, 0x04, 0x00, 0x00, 0x51, 0x00, 0x01, 0x01, 0x00, 0x00, 0x25, 0x03,
    0x01, 0x79, 0x79, 0x5a, 0x0d, 0x00, 0x79, 0x79, 0x0a, 0x00, 0x00, 0x00, 0x00, 0x27, 0x0a, 0x01,
    0x79, 0x79, 0x78, 0x0a, 0x00, 0x00, 0x00, 0x27, 0x03, 0x01, 0x00, 0x00, 0x03, 0x01, 0x01, 0x00,
    0x00, 0x5d, 0x04, 0x01, 0x79, 0x79, 0x1f, 0x01, 0x00, 0x00, 0x00, 0x51, 0x0a, 0x01, 0x79, 0x79,
    0x04, 0x0c, 0x00, 0x79, 0x79, 0x55, 0x0c, 0x00, 0x00, 0x00, 0x52, 0x03, 0x01, 0x00, 0x00, 0x24,
    0x04, 0x01, 0x79, 0x79, 0x1e, 0x09, 0x00, 0x79, 0x79, 0x79, 0x09, 0x00, 0x79, 0x79, 0x04, 0x00,
    0x00, 0x79, 0x79, 0x6f, 0x0d, 0x00, 0x00, 0x00, 0x0c, 0x04, 0x01, 0x00, 0x00, 0x09, 0x00, 0x01,
    0x00, 0x00, 0x0c, 0x03, 0x01, 0x00, 0x00, 0x00, 0x00, 0x01, 0x79, 0x79, 0x76, 0x0a, 0x00, 0x79,
    0x79, 0x6c, 0x0a, 0x00, 0x00, 0x00, 0x03, 0x03, 0x01, 0x79, 0x79, 0x55, 0x04, 0x00, 0x79, 0x79,
    0x52, 0x00, 0x00, 0x00, 0x00, 0x0a, 0x04, 0x01, 0x00, 0x00, 0x75, 0x0a, 0x01, 0x00, 0x00, 0x0a,
    0x04, 0x01, 0x79, 0x79, 0x28, 0x04, 0x00, 0x79, 0x79, 0x01, 0x01, 0x00, 0x00, 0x00, 0x01, 0x03,
    0x01, 0x00, 0x00, 0x51, 0x01, 0x01, 0x00, 0x00, 0x09, 0x04, 0x01, 0x00, 0x00, 0x03, 0x0c, 0x01,
    0x79, 0x79, 0x5e, 0x0c, 0x00, 0x00, 0x00, 0x52, 0x00, 0x01, 0x00, 0x00, 0x70, 0x03, 0x01, 0x00,
    0x00, 0x5a, 0x0a, 0x01, 0x00, 0x51, 0x27, 0x09, 0x01, 0x79, 0x79, 0x75, 0x04, 0x00, 0x00, 0x51,
    0x09, 0x09, 0x01, 0x00, 0x00, 0x75, 0x0a, 0x01, 0x79, 0x79, 0x6c, 0x00, 0x00, 0x79, 0x79, 0x1f,
    0x0c, 0x00, 0x00, 0x00, 0x09, 0x04, 0x01, 0x00, 0x00, 0x6f, 0x01, 0x01, 0x00, 0x00, 0x54, 0x0a,
    0x01, 0x00, 0x00, 0x25, 0x0a, 0x01, 0x00, 0x1b, 0x1f, 0x03, 0x01, 0x79, 0x79, 0x04, 0x0c, 0x00,
    0x79, 0x28, 0x24, 0x0a, 0x00, 0x00, 0x51, 0x03, 0x00, 0x01, 0x00, 0x1b, 0x52, 0x09, 0x01, 0x00,
    0x51, 0x24, 0x04, 0x01, 0x00, 0x00, 0x75, 0x03, 0x01, 0x00, 0x00, 0x1f, 0x0a, 0x01, 0x79, 0x79,
    0x1b, 0x03, 0x00, 0x00, 0x1b, 0x6c, 0x0a, 0x01, 0x79, 0x79, 0x00, 0x01, 0x00, 0x00, 0x1b, 0x78,
    0x0a, 0x01, 0x79, 0x79, 0x1c, 0x09, 0x00, 0x79, 0x28, 0x1c, 0x04, 0x00, 0x00, 0x51, 0x78, 0x00,
    0x01, 0x00, 0x51, 0x00, 0x03, 0x01, 0x00, 0x51, 0x01, 0x01, 0x01, 0x79, 0x28, 0x70, 0x01, 0x00,
    0x00, 0x51, 0x1c, 0x01, 0x01, 0x00, 0x00, 0x00, 0x03, 0x01, 0x79, 0x79, 0x51, 0x04, 0x00, 0x79,
    0x28, 0x78, 0x03, 0x00, 0x00, 0x51, 0x51, 0x01, 0x01, 0x79, 0x5e, 0x78, 0x04, 0x00, 0x00, 0x00,
    0x5a, 0x00, 0x01, 0x00, 0x00, 0x0c, 0x04, 0x01, 0x79, 0x28, 0x00, 0x00, 0x00, 0x79, 0x79, 0x1b,
    0x0d, 0x00, 0x79, 0x28, 0x25, 0x03, 0x00, 0x00, 0x00, 0x6c, 0x03, 0x01, 0x00, 0x00, 0x5d, 0x0a,
    0x01, 0x79, 0x79, 0x01, 0x0d, 0x00, 0x79, 0x79, 0x6d, 0x04, 0x00, 0x00, 0x51, 0x1b, 0x04, 0x01,
    0x00, 0x51, 0x79, 0x0c, 0x01, 0x79, 0x79, 0x0a, 0x01, 0x00, 0x00, 0x00, 0x28, 0x00, 0x01, 0x79,
    0x28, 0x0d, 0x03, 0x00, 0x00, 0x51, 0x79, 0x04, 0x01, 0x00, 0x51, 0x5b, 0x01, 0x01, 0x79, 0x79,
    0x51, 0x00, 0x00, 0x00, 0x00, 0x1b, 0x03, 0x01, 0x00, 0x00, 0x1c, 0x09, 0x01, 0x79, 0x79, 0x52,
    0x0a, 0x00, 0x00, 0x51, 0x09, 0x04, 0x01, 0x79, 0x28, 0x28, 0x04, 0x00, 0x79, 0x79, 0x6d, 0x00,
    0x00, 0x79, 0x28, 0x0d, 0x0d, 0x00, 0x79, 0x79, 0x76, 0x00, 0x00, 0x00, 0x51, 0x00, 0x0c, 0x01,
    0x00, 0x00, 0x76, 0x00, 0x01, 0x79, 0x28, 0x00, 0x09, 0x00, 0x79, 0x79, 0x1e, 0x0a, 0x00, 0x00,
    0x00, 0x5b, 0x0a, 0x01, 0x00, 0x00, 0x04, 0x09, 0x01, 0x00, 0x51, 0x01, 0x0a, 0x01, 0x00, 0x00,
    0x0d, 0x0d, 0x01, 0x79, 0x79, 0x54, 0x01, 0x00, 0x79, 0x79, 0x5e, 0x01, 0x00, 0x00, 0x51, 0x51,
    0x01, 0x01, 0x79, 0x79, 0x00, 0x0c, 0x00, 0x79, 0x79, 0x27, 0x03, 0x00, 0x79, 0x0d, 0x24, 0x01,
    0x00, 0x79, 0x79, 0x76, 0x01, 0x00, 0x79, 0x79, 0x5e, 0x01, 0x00, 0x79, 0x79, 0x1b, 0x09, 0x00,
    0x00, 0x00, 0x75, 0x00, 0x01, 0x79, 0x28, 0x52, 0x0a, 0x00, 0x00, 0x51, 0x27, 0x00, 0x01, 0x00,
    0x1b, 0x55, 0x09, 0x01, 0x79, 0x79, 0x1e, 0x04, 0x00, 0x79, 0x28, 0x0d, 0x0d, 0x00, 0x00, 0x00,
    0x1e, 0x00, 0x01, 0x00, 0x51, 0x78, 0x00, 0x01, 0x00, 0x00, 0x6f, 0x04, 0x01, 0x00, 0x00, 0x04,
    0x01, 0x01, 0x00, 0x00, 0x6f, 0x0d, 0x01, 0x79, 0x79, 0x5d, 0x01, 0x00, 0x79, 0x79, 0x24, 0x09,
    0x00, 0x00, 0x00, 0x09, 0x04, 0x01, 0x00, 0x00, 0x5a, 0x0d, 0x01, 0x00, 0x00, 0x09, 0x0c, 0x01,
    0x79, 0x79, 0x5e, 0x0a, 0x00, 0x79, 0x79, 0x09, 0x01, 0x00, 0x79, 0x79, 0x00, 0x01, 0x00, 0x79,
    0x79, 0x54, 0x09, 0x00, 0x79, 0x28, 0x01, 0x0d, 0x00, 0x00, 0x6c, 0x1c, 0x09, 0x01, 0x79, 0x28,
    0x76, 0x0a, 0x00, 0x79, 0x79, 0x27, 0x0a, 0x00, 0x00, 0x00, 0x54, 0x04, 0x01, 0x00, 0x51, 0x09,
    0x04, 0x01, 0x79, 0x79, 0x5d, 0x0a, 0x00, 0x00, 0x00, 0x79, 0x00, 0x01, 0x00, 0x51, 0x00, 0x0a,
    0x01, 0x79, 0x79, 0x09, 0x04, 0x00, 0x79, 0x79, 0x52, 0x09, 0x00, 0x00, 0x00, 0x78, 0x03, 0x01,
    0x79, 0x79, 0x01, 0x01, 0x00, 0x79, 0x79, 0x51, 0x04, 0x00, 0x79, 0x79, 0x24, 0x0d, 0x00, 0x79,
    0x28, 0x6c, 0x04, 0x00, 0x79, 0x79, 0x51, 0x03, 0x00, 0x79, 0x28, 0x5b, 0x01, 0x00, 0x79, 0x28,
    0x00, 0x04, 0x00, 0x00, 0x00, 0x00, 0x09, 0x01, 0x79, 0x79, 0x76, 0x04, 0x00, 0x79, 0x79, 0x24,
    0x09, 0x00, 0x00, 0x51, 0x75, 0x03, 0x01, 0x79, 0x79, 0x6c, 0x0a, 0x00, 0x79, 0x79, 0x70, 0x04,
    0x00, 0x79, 0x0d, 0x55, 0x03, 0x00, 0x79, 0x79, 0x01, 0x0d, 0x00, 0x79, 0x79, 0x00, 0x00, 0x00,
    0x00, 0x00, 0x1f, 0x0a, 0x01, 0x79, 0x79, 0x01, 0x00, 0x00, 0x79, 0x79, 0x0a, 0x0d, 0x00, 0x00,
    0x00, 0x00, 0x0c, 0x01, 0x00, 0x51, 0x00, 0x03, 0x01, 0x00, 0x51, 0x5b, 0x01, 0x01, 0x79, 0x79,
    0x55, 0x00, 0x00, 0x79, 0x79, 0x0d, 0x0a, 0x00, 0x79, 0x79, 0x52, 0x0a, 0x00, 0x79, 0x28, 0x1e,
    0x09, 0x00, 0x00, 0x51, 0x75, 0x0c, 0x01, 0x79, 0x79, 0x0a, 0x0c, 0x00, 0x79, 0x79, 0x04, 0x01,
    0x00, 0x79, 0x79, 0x6c, 0x04, 0x00, 0x79, 0x79, 0x55, 0x09, 0x00, 0x00, 0x00, 0x55, 0x0c, 0x01,
    0x79, 0x28, 0x78, 0x03, 0x00, 0x79, 0x5e, 0x1c, 0x0d, 0x00, 0x79, 0x5e, 0x01, 0x04, 0x00, 0x00,
    0x00, 0x5b, 0x09, 0x01, 0x00, 0x51, 0x01, 0x0a, 0x01, 0x79, 0x28, 0x0a, 0x01, 0x00, 0x79, 0x79,
    0x0a, 0x04, 0x00, 0x79, 0x79, 0x5a, 0x00, 0x00, 0x00, 0x00, 0x01, 0x0d, 0x01, 0x00, 0x00, 0x51,
    0x0c, 0x01, 0x00, 0x51, 0x6d, 0x04, 0x01, 0x79, 0x79, 0x51, 0x09, 0x00, 0x00, 0x00, 0x51, 0x00,
    0x01, 0x79, 0x79, 0x78, 0x0d, 0x00, 0x00, 0x51, 0x00, 0x0c, 0x01, 0x00, 0x00, 0x1c, 0x0d, 0x01,
    0x00, 0x00, 0x52, 0x0a, 0x01, 0x00, 0x51, 0x01, 0x0a, 0x01, 0x79, 0x79, 0x51, 0x0d, 0x00, 0x00,
    0x00, 0x1b, 0x0a, 0x01, 0x79, 0x79, 0x5d, 0x00, 0x00, 0x00, 0x00, 0x70, 0x01, 0x01, 0x79, 0x79,
    0x6d, 0x0c, 0x00, 0x00, 0x51, 0x5a, 0x0a, 0x01, 0x00, 0x00, 0x78, 0x01, 0x01, 0x79, 0x28, 0x01,
    0x0c, 0x00, 0x79, 0x79, 0x28, 0x0d, 0x00, 0x79, 0x79, 0x70, 0x09, 0x00, 0x79, 0x28, 0x27, 0x0a,
    0x00, 0x00, 0x00, 0x78, 0x0a, 0x01, 0x79, 0x79, 0x25, 0x0d, 0x00, 0x79, 0x28, 0x03, 0x03, 0x00,
    0x00, 0x00, 0x01, 0x01, 0x01, 0x00, 0x51, 0x75, 0x03, 0x01, 0x79, 0x79, 0x54, 0x0c, 0x00, 0x00,
    0x00, 0x00, 0x04, 0x01, 0x79, 0x28, 0x04, 0x0c, 0x00, 0x00, 0x00, 0x55, 0x00, 0x01, 0x79, 0x79,
    0x1f, 0x00, 0x00, 0x79, 0x5e, 0x6c, 0x09, 0x00, 0x00, 0x51, 0x24, 0x03, 0x01, 0x79, 0x79, 0x0d,
    0x09, 0x00, 0x79, 0x28, 0x78, 0x00, 0x00, 0x00, 0x51, 0x75, 0x01, 0x01, 0x00, 0x51, 0x03, 0x09,
    0x01, 0x79, 0x79, 0x52, 0x04, 0x00, 0x79, 0x79, 0x52, 0x09, 0x00, 0x79, 0x79, 0x70, 0x0a, 0x00,
    0x79, 0x28, 0x03, 0x0a, 0x00, 0x00, 0x1b, 0x55, 0x04, 0x01, 0x00, 0x00, 0x09, 0x00, 0x01, 0x00,
    0x1b, 0x24, 0x0c, 0x01, 0x79, 0x28, 0x79, 0x0c, 0x00, 0x00, 0x6c, 0x70, 0x0d, 0x01, 0x79, 0x79,
    0x25, 0x00, 0x00, 0x79, 0x79, 0x78, 0x04, 0x00, 0x79, 0x5e, 0x6d, 0x0d, 0x00, 0x00, 0x1b, 0x0c,
    0x0c, 0x01, 0x79, 0x0d, 0x04, 0x0c, 0x00, 0x79, 0x79, 0x0d, 0x09, 0x00, 0x00, 0x00, 0x01, 0x0a,
    0x01, 0x79, 0x79, 0x0c, 0x04, 0x00, 0x00, 0x00, 0x52, 0x01, 0x01, 0x00, 0x00, 0x0c, 0x0a, 0x01,
    0x00, 0x00, 0x24, 0x0a, 0x01, 0x00, 0x51, 0x52, 0x01, 0x01, 0x79, 0x79, 0x27, 0x0d, 0x00, 0x00,
    0x00, 0x0c, 0x09, 0x01, 0x79, 0x79, 0x55, 0x0c, 0x00, 0x00, 0x51, 0x04, 0x00, 0x01, 0x79, 0x79,
    0x28, 0x0d, 0x00, 0x00, 0x1b, 0x0a, 0x01, 0x01, 0x00, 0x00, 0x28, 0x00, 0x01, 0x79, 0x79, 0x03,
    0x04, 0x00, 0x79, 0x79, 0x51, 0x03, 0x00, 0x79, 0x28, 0x04, 0x0a, 0x00, 0x00, 0x00, 0x00, 0x0c,
    0x01, 0x00, 0x1b, 0x03, 0x03, 0x01, 0x00, 0x09, 0x75, 0x0a, 0x01, 0x79, 0x79, 0x6f, 0x0d, 0x00,
    0x79, 0x79, 0x79, 0x04, 0x00, 0x00, 0x00, 0x51, 0x09, 0x01, 0x79, 0x79, 0x0c, 0x0a, 0x00, 0x00,
    0x51, 0x00, 0x0c, 0x01, 0x79, 0x79, 0x79, 0x09, 0x00, 0x79, 0x79, 0x01, 0x01, 0x00, 0x00, 0x00,
    0x75, 0x03, 0x01, 0x79, 0x79, 0x75, 0x04, 0x00, 0x00, 0x00, 0x25, 0x0d, 0x01, 0x79, 0x28, 0x54,
    0x0d, 0x00, 0x79, 0x79, 0x6f, 0x01, 0x00, 0x00, 0x00, 0x75, 0x09, 0x01, 0x79, 0x28, 0x00, 0x0a,
    0x00, 0x00, 0x00, 0x6c, 0x03, 0x01, 0x00, 0x51, 0x5a, 0x01, 0x01, 0x00, 0x00, 0x79, 0x0c, 0x01,
    0x00, 0x51, 0x1e, 0x0d, 0x01, 0x79, 0x79, 0x5d, 0x00, 0x00, 0x79, 0x28, 0x1f, 0x0c, 0x00, 0x00,
    0x51, 0x0d, 0x0c, 0x01, 0x00, 0x00, 0x0a, 0x04, 0x01, 0x00, 0x1b, 0x1c, 0x04, 0x01, 0x00, 0x6c,
    0x27, 0x00, 0x01, 0x00, 0x51, 0x24, 0x0c, 0x01, 0x79, 0x28, 0x75, 0x04, 0x00, 0x79, 0x28, 0x25,
    0x0d, 0x00, 0x00, 0x1b, 0x0c, 0x04, 0x01, 0x79, 0x70, 0x5a, 0x00, 0x00, 0x79, 0x0d, 0x70, 0x01,
    0x00, 0x79, 0x04, 0x51, 0x04, 0x00, 0x79, 0x28, 0x55, 0x04, 0x00, 0x00, 0x1b, 0x55, 0x00, 0x01,
    0x00, 0x1b, 0x1b, 0x04, 0x01, 0x00, 0x00, 0x00, 0x04, 0x01, 0x79, 0x28, 0x0d, 0x01, 0x00, 0x00,
    0x00, 0x54, 0x0c, 0x01, 0x79, 0x79, 0x5a, 0x09, 0x00, 0x79, 0x28, 0x0d, 0x0c, 0x00, 0x00, 0x51,
    0x52, 0x04, 0x01, 0x00, 0x00, 0x70, 0x0d, 0x01, 0x79, 0x79, 0x75, 0x0c, 0x00, 0x79, 0x28, 0x79,
    0x09, 0x00, 0x79, 0x79, 0x01, 0x01, 0x00, 0x79, 0x70, 0x01, 0x0a, 0x00, 0x00, 0x51, 0x5b, 0x09,
    0x01, 0x79, 0x0d, 0x25, 0x04, 0x00, 0x00, 0x51, 0x79, 0x0c, 0x01, 0x79, 0x79, 0x24, 0x00, 0x00,
    0x79, 0x79, 0x79, 0x0d, 0x00, 0x00, 0x51, 0x1b, 0x0d, 0x01, 0x79, 0x79, 0x6d, 0x01, 0x00, 0x00,
    0x51, 0x0c, 0x0c, 0x01, 0x00, 0x51, 0x0c, 0x03, 0x01, 0x00, 0x00, 0x6c, 0x09, 0x01, 0x00, 0x51,
    0x1f, 0x04, 0x01, 0x79, 0x79, 0x6f, 0x09, 0x00, 0x79, 0x28, 0x0a, 0x03, 0x00, 0x00, 0x00, 0x1f,
    0x0d, 0x01, 0x79, 0x79, 0x0a, 0x01, 0x00, 0x79, 0x79, 0x6d, 0x0a, 0x00, 0x00, 0x51, 0x0d, 0x00,
    0x01, 0x79, 0x79, 0x5d, 0x0d, 0x00, 0x00, 0x6c, 0x5b, 0x03, 0x01, 0x00, 0x51, 0x0a, 0x0d, 0x01,
    0x00, 0x00, 0x6d, 0x0c, 0x01, 0x79, 0x04, 0x5a, 0x01, 0x00, 0x00, 0x00, 0x27, 0x09, 0x01, 0x00,
    0x00, 0x55, 0x00, 0x01, 0x00, 0x51, 0x55, 0x00, 0x01, 0x79, 0x5e, 0x00, 0x04, 0x00, 0x00, 0x51,
    0x6c, 0x04, 0x01, 0x00, 0x1b, 0x1b, 0x0a, 0x01, 0x00, 0x09, 0x5a, 0x0c, 0x01, 0x79, 0x28, 0x5a,
    0x03, 0x00, 0x00, 0x00, 0x1b, 0x01, 0x01, 0x00, 0x00, 0x6d, 0x03, 0x01, 0x00, 0x00, 0x1b, 0x04,
    0x01, 0x79, 0x79, 0x78, 0x0d, 0x00, 0x79, 0x79, 0x6f, 0x09, 0x00, 0x79, 0x79, 0x6d, 0x03, 0x00,
    0x00, 0x00, 0x04, 0x00, 0x01, 0x79, 0x79, 0x79, 0x0a, 0x00, 0x79, 0x28, 0x6d, 0x0d, 0x00, 0x00,
    0x00, 0x24, 0x04, 0x01, 0x00, 0x00, 0x51, 0x0c, 0x01, 0x79, 0x79, 0x5a, 0x01, 0x00, 0x00, 0x00,
    0x24, 0x00, 0x01, 0x79, 0x79, 0x79, 0x0c, 0x00, 0x00, 0x51, 0x03, 0x0c, 0x01, 0x79, 0x79, 0x24,
    0x0d, 0x00, 0x79, 0x79, 0x03, 0x0c, 0x00, 0x79, 0x79, 0x1e, 0x01, 0x00, 0x79, 0x5e, 0x28, 0x03,
    0x00, 0x00, 0x00, 0x0a, 0x00, 0x01, 0x79, 0x28, 0x1f, 0x0d, 0x00, 0x00, 0x00, 0x78, 0x03, 0x01,
    0x00, 0x00, 0x01, 0x03, 0x01, 0x00, 0x00, 0x0a, 0x04, 0x01, 0x79, 0x79, 0x1e, 0x00, 0x00, 0x00,
    0x00, 0x1f, 0x0d, 0x01, 0x79, 0x79, 0x6f, 0x0d, 0x00, 0x00, 0x51, 0x1b, 0x03, 0x01, 0x00, 0x51,
    0x6f, 0x04, 0x01, 0x79, 0x79, 0x28, 0x0a, 0x00, 0x79, 0x79, 0x6d, 0x04, 0x00, 0x79, 0x79, 0x78,
    0x0d, 0x00, 0x00, 0x00, 0x5a, 0x01, 0x01, 0x00, 0x00, 0x6d, 0x01, 0x01, 0x79, 0x79, 0x55, 0x04,
    0x00, 0x79, 0x28, 0x5b, 0x01, 0x00, 0x79, 0x79, 0x5b, 0x0c, 0x00, 0x00, 0x00, 0x51, 0x09, 0x01,
    0x00, 0x00, 0x5a, 0x09, 0x01, 0x79, 0x79, 0x24, 0x0c, 0x00, 0x79, 0x79, 0x28, 0x03, 0x00, 0x79,
    0x79, 0x0c, 0x03, 0x00, 0x79, 0x28, 0x78, 0x00, 0x00, 0x00, 0x51, 0x5d, 0x09, 0x01, 0x79, 0x79,
    0x52, 0x09, 0x00, 0x79, 0x5e, 0x76, 0x04, 0x00, 0x79, 0x70, 0x27, 0x0d, 0x00, 0x79, 0x55, 0x6f,
    0x03, 0x00, 0x00, 0x51, 0x79, 0x0c, 0x01, 0x79, 0x5e, 0x1b, 0x04, 0x00, 0x00, 0x00, 0x1e, 0x0c,
    0x01, 0x79, 0x0d, 0x52, 0x09, 0x00, 0x00, 0x51, 0x5d, 0x04, 0x01, 0x79, 0x79, 0x6d, 0x03, 0x00,
    0x00, 0x6c, 0x5a, 0x04, 0x01, 0x79, 0x5e, 0x54, 0x09, 0x00, 0x79, 0x5e, 0x6c, 0x0a, 0x00, 0x79,
    0x5e, 0x24, 0x03, 0x00, 0x79, 0x79, 0x1f, 0x09, 0x00, 0x79, 0x76, 0x5b, 0x0c, 0x00, 0x00, 0x51,
    0x75, 0x01, 0x01, 0x00, 0x09, 0x27, 0x0a, 0x01, 0x00, 0x00, 0x51, 0x00, 0x01, 0x00, 0x1b, 0x04,
    0x0a, 0x01, 0x79, 0x28, 0x1f, 0x04, 0x00, 0x00, 0x1b, 0x52, 0x03, 0x01, 0x00, 0x09, 0x00, 0x0a,
    0x01, 0x00, 0x1b, 0x6d, 0x01, 0x01, 0x79, 0x5e, 0x1f, 0x0d, 0x00, 0x79, 0x70, 0x5e, 0x03, 0x00,
    0x00, 0x24, 0x5d, 0x09, 0x01, 0x79, 0x5e, 0x25, 0x03, 0x00, 0x79, 0x28, 0x6d, 0x0a, 0x00, 0x00,
    0x6c, 0x75, 0x09, 0x01, 0x00, 0x51, 0x6c, 0x01, 0x01, 0x00, 0x1b, 0x55, 0x0a, 0x01, 0x79, 0x0d,
    0x0d, 0x0d, 0x00, 0x79, 0x79, 0x27, 0x09, 0x00, 0x00, 0x24, 0x5a, 0x01, 0x01, 0x79, 0x5e, 0x27,
    0x0c, 0x00, 0x79, 0x79, 0x1f, 0x0a, 0x00, 0x00, 0x51, 0x52, 0x01, 0x01, 0x79, 0x28, 0x1e, 0x01,
    0x00, 0x79, 0x28, 0x1e, 0x0d, 0x00, 0x00, 0x00, 0x24, 0x09, 0x01, 0x79, 0x28, 0x5b, 0x03, 0x00,
    0x79, 0x79, 0x00, 0x03, 0x00, 0x00, 0x00, 0x5d, 0x00, 0x01, 0x00, 0x6c, 0x1f, 0x03, 0x01, 0x79,
    0x79, 0x27, 0x00, 0x00, 0x00, 0x00, 0x75, 0x04, 0x01, 0x79, 0x1f, 0x27, 0x01, 0x00, 0x00, 0x00,
    0x1b, 0x03, 0x01, 0x79, 0x70, 0x04, 0x01, 0x00, 0x79, 0x79, 0x04, 0x00, 0x00, 0x79, 0x79, 0x0a,
    0x04, 0x00, 0x79, 0x28, 0x5d, 0x03, 0x00, 0x00, 0x51, 0x1b, 0x0d, 0x01, 0x79, 0x79, 0x70, 0x0d,
    0x00, 0x79, 0x28, 0x52, 0x0d, 0x00, 0x79, 0x28, 0x0c, 0x0d, 0x00, 0x00, 0x00, 0x55, 0x00, 0x01,
    0x79, 0x28, 0x75, 0x0a, 0x00, 0x79, 0x28, 0x27, 0x0c, 0x00, 0x79, 0x5e, 0x0a, 0x0d, 0x00, 0x00,
    0x5a, 0x75, 0x0d, 0x01, 0x00, 0x51, 0x75, 0x0d, 0x01, 0x00, 0x00, 0x6f, 0x04, 0x01, 0x00, 0x6c,
    0x0c, 0x09, 0x01, 0x79, 0x28, 0x78, 0x03, 0x00, 0x00, 0x00, 0x5b, 0x04, 0x01, 0x79, 0x28, 0x0d,
    0x00, 0x00, 0x79, 0x0d, 0x03, 0x00, 0x00, 0x00, 0x1b, 0x1b, 0x0c, 0x01, 0x00, 0x6c, 0x5b, 0x09,
    0x01, 0x79, 0x0d, 0x04, 0x01, 0x00, 0x00, 0x51, 0x01, 0x01, 0x01, 0x00, 0x6c, 0x28, 0x03, 0x01,
    0x00, 0x78, 0x6f, 0x04, 0x01, 0x79, 0x28, 0x0c, 0x03, 0x00, 0x00, 0x1b, 0x09, 0x00, 0x01, 0x00,
    0x6c, 0x5d, 0x00, 0x01, 0x00, 0x00, 0x1e, 0x00, 0x01, 0x79, 0x79, 0x6c, 0x0a, 0x00, 0x79, 0x28,
    0x03, 0x04, 0x00, 0x79, 0x28, 0x79, 0x03, 0x00, 0x79, 0x79, 0x6d, 0x00, 0x00, 0x79, 0x79, 0x55,
    0x0d, 0x00, 0x79, 0x28, 0x1e, 0x0d, 0x00, 0x00, 0x00, 0x28, 0x01, 0x01, 0x00, 0x00, 0x52, 0x0c,
    0x01, 0x79, 0x79, 0x79, 0x0d, 0x00, 0x79, 0x5e, 0x55, 0x0d, 0x00, 0x79, 0x79, 0x1f, 0x03, 0x00,
    0x00, 0x51, 0x0d, 0x0d, 0x01, 0x79, 0x28, 0x28, 0x09, 0x00, 0x00, 0x00, 0x27, 0x01, 0x01, 0x79,
    0x79, 0x1e, 0x01, 0x00, 0x79, 0x0d, 0x76, 0x01, 0x00, 0x00, 0x51, 0x52, 0x04, 0x01, 0x79, 0x25,
    0x5a, 0x0a, 0x00, 0x00, 0x1b, 0x76, 0x09, 0x01, 0x79, 0x79, 0x01, 0x03, 0x00, 0x00, 0x00, 0x5b,
    0x04, 0x01, 0x00, 0x00, 0x1c, 0x0c, 0x01, 0x00, 0x51, 0x6c, 0x0c, 0x01, 0x79, 0x79, 0x09, 0x0d,
    0x00, 0x79, 0x79, 0x5e, 0x0c, 0x00, 0x79, 0x79, 0x5b, 0x09, 0x00, 0x79, 0x5e, 0x55, 0x01, 0x00,
    0x00, 0x5a, 0x01, 0x03, 0x01, 0x79, 0x79, 0x5d, 0x09, 0x00, 0x00, 0x1b, 0x6c, 0x0a, 0x01, 0x00,
    0x00, 0x5a, 0x0a, 0x01, 0x79, 0x79, 0x76, 0x00, 0x00, 0x00, 0x51, 0x6c, 0x04, 0x01, 0x00, 0x00,
    0x0a, 0x0a, 0x01, 0x00, 0x51, 0x5d, 0x0a, 0x01, 0x00, 0x6c, 0x24, 0x03, 0x01, 0x00, 0x51, 0x00,
    0x09, 0x01, 0x79, 0x5e, 0x76, 0x0d, 0x00, 0x79, 0x79, 0x28, 0x03, 0x00, 0x00, 0x6c, 0x5a, 0x0d,
    0x01, 0x79, 0x70, 0x28, 0x0d, 0x00, 0x00, 0x1b, 0x27, 0x00, 0x01, 0x00, 0x51, 0x51, 0x04, 0x01,
    0x00, 0x09, 0x27, 0x03, 0x01, 0x79, 0x28, 0x76, 0x04, 0x00, 0x00, 0x00, 0x79, 0x03, 0x01, 0x79,
    0x79, 0x28, 0x04, 0x00, 0x79, 0x79, 0x1e, 0x03, 0x00, 0x79, 0x28, 0x79, 0x0a, 0x00, 0x00, 0x00,
    0x51, 0x09, 0x01, 0x79, 0x79, 0x55, 0x09, 0x00, 0x79, 0x79, 0x5d, 0x00, 0x00, 0x79, 0x28, 0x0c,
    0x01, 0x00, 0x00, 0x00, 0x5b, 0x00, 0x01, 0x00, 0x00, 0x5e, 0x0c, 0x01, 0x00, 0x00, 0x01, 0x0c,
    0x01, 0x00, 0x00, 0x0d, 0x01, 0x01, 0x00, 0x00, 0x6d, 0x04, 0x01, 0x79, 0x79, 0x52, 0x00, 0x00,
    0x79, 0x79, 0x55, 0x09, 0x00, 0x79, 0x79, 0x78, 0x04, 0x00, 0x00, 0x00, 0x5d, 0x01, 0x01, 0x00,
    0x51, 0x5a, 0x04, 0x01, 0x00, 0x1b, 0x27, 0x01, 0x01, 0x00, 0x51, 0x27, 0x03, 0x01, 0x00, 0x00,
    0x25, 0x01, 0x01, 0x79, 0x28, 0x0a, 0x0c, 0x00, 0x00, 0x00, 0x0c, 0x04, 0x01, 0x00, 0x51, 0x0a,
    0x09, 0x01, 0x79, 0x79, 0x1b, 0x0a, 0x00, 0x00, 0x1b, 0x75, 0x04, 0x01, 0x79, 0x79, 0x5d, 0x0c,
    0x00, 0x79, 0x79, 0x0d, 0x00, 0x00, 0x79, 0x79, 0x04, 0x0a, 0x00, 0x00, 0x00, 0x70, 0x0c, 0x01,
    0x79, 0x79, 0x1b, 0x01, 0x00, 0x00, 0x00, 0x5a, 0x03, 0x01, 0x00, 0x00, 0x01, 0x03, 0x01, 0x79,
    0x0d, 0x1f, 0x01, 0x00, 0x79, 0x79, 0x6d, 0x00, 0x00, 0x00, 0x00, 0x6f, 0x0a, 0x01, 0x79, 0x79,
    0x75, 0x01, 0x00, 0x00, 0x00, 0x79, 0x01, 0x01, 0x00, 0x00, 0x79, 0x0a, 0x01, 0x79, 0x79, 0x6c,
    0x09, 0x00, 0x79, 0x79, 0x0c, 0x03, 0x00, 0x79, 0x79, 0x76, 0x03, 0x00, 0x79, 0x0d, 0x0a, 0x01,
    0x00, 0x00, 0x51, 0x5e, 0x04, 0x01, 0x79, 0x79, 0x51, 0x0a, 0x00, 0x00, 0x51, 0x78, 0x00, 0x01,
    0x00, 0x1b, 0x1b, 0x09, 0x01, 0x79, 0x79, 0x0d, 0x0d, 0x00, 0x79, 0x5e, 0x1b, 0x0c, 0x00, 0x79,
    0x28, 0x6c, 0x0d, 0x00, 0x00, 0x00, 0x5d, 0x0c, 0x01, 0x79, 0x28, 0x28, 0x09, 0x00, 0x00, 0x51,
    0x5b, 0x00, 0x01, 0x00, 0x1b, 0x24, 0x04, 0x01, 0x79, 0x79, 0x6d, 0x04, 0x00, 0x00, 0x6c, 0x1c,
    0x09, 0x01, 0x79, 0x5e, 0x04, 0x09, 0x00, 0x00, 0x51, 0x5a, 0x0d, 0x01, 0x79, 0x28, 0x70, 0x03,
    0x00, 0x00, 0x00, 0x24, 0x09, 0x01, 0x79, 0x79, 0x1f, 0x0a, 0x00, 0x00, 0x00, 0x25, 0x04, 0x01,
    0x79, 0x28, 0x04, 0x00, 0x00, 0x00, 0x00, 0x1f, 0x04, 0x01, 0x00, 0x51, 0x51, 0x0d, 0x01, 0x00,
    0x00, 0x55, 0x09, 0x01, 0x79, 0x5e, 0x1b, 0x00, 0x00, 0x00, 0x09, 0x1b, 0x0d, 0x01, 0x79, 0x1f,
    0x1f, 0x0a, 0x00, 0x00, 0x00, 0x28, 0x09, 0x01, 0x00, 0x1b, 0x00, 0x04, 0x01, 0x00, 0x00, 0x01,
    0x00, 0x01, 0x79, 0x79, 0x76, 0x0d, 0x00, 0x79, 0x79, 0x04, 0x0c, 0x00, 0x79, 0x79, 0x0c, 0x01,
    0x00, 0x79, 0x79, 0x24, 0x03, 0x00, 0x00, 0x00, 0x6f, 0x01, 0x01, 0x00, 0x51, 0x1e, 0x0c, 0x01,
    0x00, 0x00, 0x24, 0x0a, 0x01, 0x00, 0x00, 0x79, 0x09, 0x01, 0x00, 0x00, 0x1c, 0x0c, 0x01, 0x00,
    0x00, 0x5d, 0x04, 0x01, 0x00, 0x00, 0x75, 0x00, 0x01, 0x79, 0x79, 0x0c, 0x0a, 0x00, 0x00, 0x51,
    0x03, 0x04, 0x01, 0x00, 0x00, 0x01, 0x0a, 0x01, 0x00, 0x00, 0x52, 0x0c, 0x01, 0x79, 0x28, 0x0a,
    0x09, 0x00, 0x79, 0x79, 0x55, 0x0d, 0x00, 0x00, 0x00, 0x0d, 0x0d, 0x01, 0x79, 0x79, 0x6c, 0x09,
    0x00, 0x79, 0x28, 0x03, 0x04, 0x00, 0x79, 0x79, 0x6c, 0x0c, 0x00, 0x79, 0x79, 0x04, 0x0d, 0x00,
    0x79, 0x28, 0x01, 0x04, 0x00, 0x79, 0x28, 0x0d, 0x09, 0x00, 0x79, 0x79, 0x75, 0x0c, 0x00, 0x00,
    0x00, 0x1b, 0x0a, 0x01, 0x00, 0x00, 0x6d, 0x04, 0x01, 0x79, 0x28, 0x5b, 0x01, 0x00, 0x79, 0x79,
    0x75, 0x04, 0x00, 0x79, 0x28, 0x51, 0x04, 0x00, 0x00, 0x51, 0x5e, 0x01, 0x01, 0x00, 0x51, 0x00,
    0x04, 0x01, 0x79, 0x79, 0x24, 0x01, 0x00, 0x79, 0x79, 0x1c, 0x01, 0x00, 0x79, 0x79, 0x6c, 0x0d,
    0x00, 0x00, 0x51, 0x6c, 0x09, 0x01, 0x79, 0x28, 0x0d, 0x0d, 0x00, 0x00, 0x51, 0x27, 0x04, 0x01,
    0x79, 0x79, 0x27, 0x0d, 0x00, 0x00, 0x51, 0x1e, 0x09, 0x01, 0x00, 0x00, 0x5d, 0x0d, 0x01, 0x79,
    0x28, 0x70, 0x04, 0x00, 0x79, 0x79, 0x5e, 0x03, 0x00, 0x00, 0x6c, 0x0c, 0x0a, 0x01, 0x00, 0x00,
    0x28, 0x03, 0x01, 0x00, 0x00, 0x55, 0x03, 0x01, 0x79, 0x55, 0x6c, 0x00, 0x00, 0x00, 0x1b, 0x5e,
    0x0a, 0x01, 0x00, 0x51, 0x24, 0x00, 0x01, 0x79, 0x79, 0x70, 0x03, 0x00, 0x00, 0x00, 0x79, 0x09,
    0x01, 0x79, 0x79, 0x5b, 0x0c, 0x00, 0x79, 0x28, 0x1e, 0x03, 0x00, 0x00, 0x00, 0x25, 0x01, 0x01,
    0x00, 0x00, 0x01, 0x00, 0x01, 0x79, 0x79, 0x76, 0x0d, 0x00, 0x79, 0x28, 0x5e, 0x09, 0x00, 0x00,
    0x00, 0x6d, 0x0d, 0x01, 0x00, 0x00, 0x5e, 0x04, 0x01, 0x00, 0x51, 0x78, 0x0d, 0x01, 0x79, 0x79,
    0x6d, 0x00, 0x00, 0x79, 0x79, 0x09, 0x00, 0x00, 0x00, 0x00, 0x6c, 0x0d, 0x01, 0x79, 0x79, 0x6d,
    0x01, 0x00, 0x00, 0x00, 0x76, 0x09, 0x01, 0x00, 0x00, 0x1f, 0x04, 0x01, 0x79, 0x28, 0x1f, 0x0c,
    0x00, 0x79, 0x28, 0x78, 0x01, 0x00, 0x00, 0x51, 0x76, 0x0a, 0x01, 0x00, 0x51, 0x1c, 0x03, 0x01,
    0x00, 0x00, 0x5b, 0x0d, 0x01, 0x79, 0x79, 0x5a, 0x0d, 0x00, 0x79, 0x79, 0x55, 0x0a, 0x00, 0x00,
    0x51, 0x09, 0x0c, 0x01, 0x79, 0x79, 0x25, 0x03, 0x00, 0x79, 0x28, 0x5b, 0x03, 0x00, 0x00, 0x00,
    0x0d, 0x01, 0x01, 0x79, 0x79, 0x78, 0x0a, 0x00, 0x00, 0x00, 0x5d, 0x0a, 0x01, 0x79, 0x79, 0x70,
    0x03, 0x00, 0x79, 0x79, 0x04, 0x01, 0x00, 0x79, 0x79, 0x6f, 0x01, 0x00, 0x00, 0x00, 0x03, 0x0d,
    0x01, 0x79, 0x79, 0x28, 0x03, 0x00, 0x79, 0x79, 0x76, 0x04, 0x00, 0x79, 0x79, 0x79, 0x00, 0x00,
    0x79, 0x79, 0x6d, 0x04, 0x00, 0x79, 0x79, 0x0d, 0x01, 0x00, 0x00, 0x00, 0x1c, 0x01, 0x01, 0x79,
    0x79, 0x5e, 0x09, 0x00, 0x79, 0x79, 0x25, 0x0a, 0x00, 0x00, 0x00, 0x51, 0x01, 0x01, 0x79, 0x79,
    0x24, 0x00, 0x00, 0x00, 0x00, 0x0c, 0x0d, 0x01, 0x00, 0x00, 0x6f, 0x04, 0x01, 0x00, 0x00, 0x5a,
    0x0a, 0x01, 0x79, 0x79, 0x55, 0x03, 0x00, 0x79, 0x79, 0x1f, 0x0a, 0x00, 0x00, 0x00, 0x0c, 0x04,
    0x01, 0x79, 0x79, 0x6d, 0x0c, 0x00, 0x79, 0x79, 0x1f, 0x03, 0x00, 0x79, 0x79, 0x70, 0x03, 0x00,
    0x00, 0x00, 0x5d, 0x0c, 0x01, 0x00, 0x00, 0x28, 0x03, 0x01, 0x00, 0x00, 0x0c, 0x03, 0x01, 0x00,
    0x00, 0x52, 0x03, 0x01, 0x00, 0x00, 0x75, 0x03, 0x01, 0x79, 0x79, 0x0c, 0x03, 0x00, 0x00, 0x51,
    0x09, 0x0d, 0x01, 0x00, 0x00, 0x6f, 0x0d, 0x01, 0x00, 0x00, 0x1b, 0x00, 0x01, 0x79, 0x79, 0x25,
    0x03, 0x00, 0x79, 0x79, 0x70, 0x0d, 0x00, 0x00, 0x00, 0x54, 0x04, 0x01, 0x00, 0x00, 0x25, 0x03,
    0x01, 0x79, 0x79, 0x04, 0x04, 0x00, 0x79, 0x79, 0x09, 0x00, 0x00, 0x79, 0x28, 0x0a, 0x0d, 0x00,
    0x00, 0x51, 0x52, 0x03, 0x01, 0x79, 0x79, 0x0a, 0x09, 0x00, 0x79, 0x79, 0x04, 0x0a, 0x00, 0x00,
    0x00, 0x5d, 0x04, 0x01, 0x00, 0x00, 0x1c, 0x00, 0x01, 0x79, 0x79, 0x25, 0x00, 0x00, 0x79, 0x79,
    0x54, 0x09, 0x00, 0x00, 0x00, 0x6f, 0x0c, 0x01, 0x00, 0x00, 0x6d, 0x00, 0x01, 0x79, 0x79, 0x0a,
    0x03, 0x00, 0x79, 0x79, 0x04, 0x0d, 0x00, 0x00, 0x00, 0x1b, 0x00, 0x01, 0x79, 0x79, 0x0a, 0x00,
    0x00, 0x79, 0x79, 0x78, 0x03, 0x00, 0x79, 0x79, 0x1e, 0x0a, 0x00, 0x79, 0x79, 0x27, 0x0d, 0x00,
    0x79, 0x79, 0x0a, 0x00, 0x00, 0x79, 0x28, 0x1c, 0x09, 0x00, 0x79, 0x79, 0x55, 0x03, 0x00, 0x00,
    0x00, 0x5e, 0x01, 0x01, 0x79, 0x79, 0x55, 0x0a, 0x00, 0x00, 0x51, 0x24, 0x0d, 0x01, 0x79, 0x28,
    0x0d, 0x0d, 0x00, 0x00, 0x51, 0x00, 0x0c, 0x01, 0x79, 0x79, 0x5e, 0x03, 0x00, 0x79, 0x79, 0x79,
    0x01, 0x00, 0x00, 0x00, 0x54, 0x03, 0x01, 0x00, 0x51, 0x70, 0x01, 0x01, 0x79, 0x79, 0x52, 0x09,
    0x00, 0x79, 0x79, 0x1e, 0x03, 0x00, 0x00, 0x51, 0x6f, 0x00, 0x01, 0x00, 0x5a, 0x0a, 0x0d, 0x01,
    0x00, 0x1b, 0x6d, 0x0c, 0x01, 0x00, 0x00, 0x75, 0x09, 0x01, 0x79, 0x79, 0x27, 0x00, 0x00, 0x00,
    0x00, 0x1c, 0x09, 0x01, 0x00, 0x00, 0x04, 0x0d, 0x01, 0x79, 0x79, 0x0d, 0x01, 0x00, 0x79, 0x79,
    0x5b, 0x09, 0x00, 0x00, 0x00, 0x01, 0x04, 0x01, 0x79, 0x79, 0x55, 0x0c, 0x00, 0x79, 0x79, 0x6f,
    0x00, 0x00, 0x79, 0x28, 0x52, 0x00, 0x00, 0x00, 0x00, 0x03, 0x0c, 0x01, 0x79, 0x79, 0x28, 0x0a,
    0x00, 0x00, 0x09, 0x6d, 0x01, 0x01, 0x79, 0x79, 0x6f, 0x0a, 0x00, 0x79, 0x0d, 0x6d, 0x01, 0x00,
    0x79, 0x28, 0x25, 0x04, 0x00, 0x79, 0x79, 0x04, 0x0c, 0x00, 0x00, 0x1b, 0x27, 0x0a, 0x01, 0x79,
    0x79, 0x1f, 0x09, 0x00, 0x79, 0x79, 0x0a, 0x0c, 0x00, 0x79, 0x79, 0x1c, 0x0a, 0x00, 0x00, 0x51,
    0x6f, 0x01, 0x01, 0x00, 0x00, 0x04, 0x03, 0x01, 0x00, 0x1b, 0x25, 0x03, 0x01, 0x79, 0x79, 0x6c,
    0x09, 0x00, 0x79, 0x79, 0x28, 0x0a, 0x00, 0x79, 0x79, 0x6d, 0x0c, 0x00, 0x00, 0x51, 0x54, 0x04,
    0x01, 0x79, 0x79, 0x5d, 0x0d, 0x00, 0x00, 0x00, 0x0d, 0x0d, 0x01, 0x79, 0x79, 0x04, 0x09, 0x00,
    0x00, 0x00, 0x0a, 0x00, 0x01, 0x79, 0x79, 0x04, 0x01, 0x00, 0x00, 0x00, 0x0c, 0x01, 0x01, 0x00,
    0x51, 0x78, 0x0c, 0x01, 0x00, 0x09, 0x70, 0x0c, 0x01, 0x00, 0x1b, 0x24, 0x03, 0x01, 0x00, 0x00,
    0x52, 0x09, 0x01, 0x79, 0x28, 0x79, 0x03, 0x00, 0x00, 0x1b, 0x1f, 0x0c, 0x01, 0x00, 0x00, 0x5d,
    0x01, 0x01, 0x79, 0x79, 0x0a, 0x0d, 0x00, 0x79, 0x28, 0x1f, 0x09, 0x00, 0x00, 0x75, 0x52, 0x00,
    0x01, 0x79, 0x79, 0x00, 0x03, 0x00, 0x00, 0x1b, 0x1c, 0x09, 0x01, 0x79, 0x5e, 0x70, 0x04, 0x00,
    0x79, 0x28, 0x79, 0x0d, 0x00, 0x00, 0x00, 0x0d, 0x0a, 0x01, 0x00, 0x51, 0x5a, 0x01, 0x01, 0x00,
    0x51, 0x28, 0x09, 0x01, 0x79, 0x79, 0x03, 0x01, 0x00, 0x00, 0x00, 0x1c, 0x04, 0x01, 0x00, 0x51,
    0x79, 0x03, 0x01, 0x00, 0x00, 0x6d, 0x00, 0x01, 0x79, 0x28, 0x27, 0x0c, 0x00, 0x79, 0x79, 0x27,
    0x00, 0x00, 0x79, 0x28, 0x5e, 0x09, 0x00, 0x00, 0x51, 0x51, 0x09, 0x01, 0x79, 0x5e, 0x75, 0x09,
    0x00, 0x79, 0x79, 0x25, 0x00, 0x00, 0x00, 0x00, 0x79, 0x0d, 0x01, 0x00, 0x51, 0x76, 0x0d, 0x01,
    0x00, 0x00, 0x79, 0x01, 0x01, 0x79, 0x28, 0x5e, 0x0d, 0x00, 0x79, 0x79, 0x01, 0x0a, 0x00, 0x00,
    0x00, 0x52, 0x04, 0x01, 0x79, 0x79, 0x0c, 0x04, 0x00, 0x00, 0x51, 0x24, 0x00, 0x01, 0x79, 0x79,
    0x6d, 0x0a, 0x00, 0x79, 0x28, 0x25, 0x03, 0x00, 0x00, 0x00, 0x01, 0x01, 0x01, 0x79, 0x28, 0x78,
    0x01, 0x00, 0x79, 0x28, 0x1e, 0x0a, 0x00, 0x00, 0x00, 0x54, 0x09, 0x01, 0x79, 0x79, 0x1e, 0x04,
    0x00, 0x79, 0x79, 0x03, 0x01, 0x00, 0x79, 0x79, 0x03, 0x0d, 0x00, 0x79, 0x79, 0x03, 0x04, 0x00,
    0x00, 0x51, 0x55, 0x0c, 0x01, 0x00, 0x00, 0x54, 0x03, 0x01, 0x00, 0x00, 0x03, 0x0a, 0x01, 0x00,
    0x00, 0x6d, 0x0a, 0x01, 0x00, 0x00, 0x09, 0x0a, 0x01, 0x00, 0x51, 0x09, 0x00, 0x01, 0x00, 0x00,
    0x0c, 0x0a, 0x01, 0x00, 0x00, 0x52, 0x0d, 0x01, 0x79, 0x28, 0x25, 0x09, 0x00, 0x00, 0x51, 0x27,
    0x09, 0x01, 0x00, 0x00, 0x25, 0x00, 0x01, 0x79, 0x79, 0x6f, 0x0c, 0x00, 0x79, 0x79, 0x70, 0x0c,
    0x00, 0x00, 0x00, 0x54, 0x03, 0x01, 0x00, 0x1b, 0x5a, 0x00, 0x01, 0x79, 0x79, 0x5b, 0x01, 0x00,
    0x79, 0x79, 0x09, 0x04, 0x00, 0x79, 0x5e, 0x1e, 0x03, 0x00, 0x00, 0x51, 0x03, 0x00, 0x01, 0x79,
    0x79, 0x00, 0x0c, 0x00, 0x00, 0x00, 0x1c, 0x0c, 0x01, 0x00, 0x51, 0x54, 0x01, 0x01, 0x00, 0x00,
    0x5e, 0x03, 0x01, 0x79, 0x79, 0x0a, 0x01, 0x00, 0x00, 0x00, 0x52, 0x00, 0x01, 0x79, 0x79, 0x54,
    0x03, 0x00, 0x00, 0x6c, 0x5e, 0x03, 0x01, 0x79, 0x79, 0x09, 0x0a, 0x00, 0x79, 0x79, 0x5e, 0x0d,
    0x00, 0x00, 0x6c, 0x55, 0x00, 0x01, 0x79, 0x28, 0x55, 0x0a, 0x00, 0x00, 0x00, 0x0a, 0x0c, 0x01,
    0x79, 0x5e, 0x54, 0x00, 0x00, 0x00, 0x51, 0x76, 0x03, 0x01, 0x00, 0x51, 0x03, 0x09, 0x01, 0x79,
    0x28, 0x6f, 0x0c, 0x00, 0x79, 0x28, 0x79, 0x0c, 0x00, 0x00, 0x00, 0x28, 0x09, 0x01, 0x79, 0x79,
    0x5a, 0x0a, 0x00, 0x00, 0x00, 0x28, 0x03, 0x01, 0x00, 0x00, 0x01, 0x01, 0x01, 0x79, 0x79, 0x28,
    0x0c, 0x00, 0x79, 0x28, 0x79, 0x01, 0x00, 0x79, 0x79, 0x24, 0x0a, 0x00, 0x00, 0x00, 0x6f, 0x09,
    0x01, 0x00, 0x00, 0x00, 0x01, 0x01, 0x79, 0x79, 0x04, 0x01, 0x00, 0x79, 0x79, 0x00, 0x01, 0x00,
    0x79, 0x79, 0x70, 0x00, 0x00, 0x79, 0x79, 0x76, 0x0c, 0x00, 0x79, 0x79, 0x76, 0x0d, 0x00, 0x00,
    0x00, 0x0c, 0x04, 0x01, 0x79, 0x79, 0x6d, 0x0d, 0x00, 0x00, 0x00, 0x6f, 0x0c, 0x01, 0x00, 0x00,
    0x01, 0x0a, 0x01, 0x79, 0x79, 0x5b, 0x03, 0x00, 0x00, 0x00, 0x6c, 0x04, 0x01, 0x79, 0x79, 0x6f,
    0x04, 0x00, 0x00, 0x00, 0x6d, 0x09, 0x01, 0x79, 0x79, 0x09, 0x0c, 0x00, 0x00, 0x51, 0x51, 0x01,
    0x01, 0x00, 0x51, 0x5b, 0x0c, 0x01, 0x79, 0x79, 0x0c, 0x04, 0x00, 0x00, 0x00, 0x28, 0x03, 0x01,
    0x79, 0x5e, 0x1b, 0x00, 0x00, 0x00, 0x00, 0x0d, 0x01, 0x01, 0x79, 0x79, 0x03, 0x03, 0x00, 0x79,
    0x79, 0x27, 0x03, 0x00, 0x79, 0x79, 0x0a, 0x04, 0x00, 0x00, 0x00, 0x6f, 0x01, 0x01, 0x00, 0x00,
    0x24, 0x03, 0x01, 0x00, 0x00, 0x52, 0x09, 0x01, 0x79, 0x79, 0x1f, 0x0a, 0x00, 0x79, 0x79, 0x1c,
    0x04, 0x00, 0x79, 0x79, 0x78, 0x03, 0x00, 0x79, 0x79, 0x03, 0x0d, 0x00, 0x00, 0x51, 0x03, 0x0a,
    0x01, 0x79, 0x79, 0x25, 0x04, 0x00, 0x79, 0x79, 0x5b, 0x0c, 0x00, 0x79, 0x79, 0x5e, 0x0a, 0x00,
    0x00, 0x00, 0x0a, 0x03, 0x01, 0x00, 0x00, 0x28, 0x0c, 0x01, 0x00, 0x00, 0x1c, 0x0c, 0x01, 0x79,
    0x79, 0x1e, 0x0c, 0x00, 0x00, 0x00, 0x03, 0x0c, 0x01, 0x79, 0x28, 0x78, 0x01, 0x00, 0x79, 0x79,
    0x03, 0x09, 0x00, 0x79, 0x28, 0x25, 0x0d, 0x00, 0x79, 0x28, 0x5a, 0x03, 0x00, 0x00, 0x1b, 0x0a,
    0x00, 0x01, 0x00, 0x00, 0x0d, 0x01, 0x01, 0x00, 0x00, 0x76, 0x03, 0x01, 0x00, 0x00, 0x76, 0x01,
    0x01, 0x00, 0x51, 0x5d, 0x00, 0x01, 0x00, 0x00, 0x5d, 0x01, 0x01, 0x00, 0x00, 0x51, 0x04, 0x01,
    0x00, 0x00, 0x09, 0x09, 0x01, 0x00, 0x51, 0x03, 0x03, 0x01, 0x00, 0x51, 0x00, 0x0c, 0x01, 0x00,
    0x00, 0x6c, 0x0d, 0x01, 0x79, 0x1f, 0x1c, 0x0d, 0x00, 0x00, 0x51, 0x04, 0x01, 0x01, 0x79, 0x5e,
    0x76, 0x00, 0x00, 0x79, 0x79, 0x6d, 0x01, 0x00, 0x00, 0x51, 0x5d, 0x04, 0x01, 0x00, 0x00, 0x54,
    0x01, 0x01, 0x00, 0x1b, 0x0c, 0x0c, 0x01, 0x79, 0x28, 0x04, 0x0c, 0x00, 0x00, 0x00, 0x1e, 0x00,
    0x01, 0x00, 0x51, 0x00, 0x01, 0x01, 0x00, 0x00, 0x55, 0x09, 0x01, 0x00, 0x00, 0x24, 0x04, 0x01,
    0x79, 0x79, 0x24, 0x00, 0x00, 0x79, 0x79, 0x51, 0x0d, 0x00, 0x00, 0x00, 0x5a, 0x0c, 0x01, 0x79,
    0x28, 0x55, 0x04, 0x00, 0x79, 0x79, 0x25, 0x0c, 0x00, 0x00, 0x51, 0x79, 0x00, 0x01, 0x00, 0x00,
    0x52, 0x03, 0x01, 0x00, 0x00, 0x27, 0x00, 0x01, 0x79, 0x79, 0x1f, 0x0d, 0x00, 0x79, 0x79, 0x1e,
    0x01, 0x00, 0x00, 0x51, 0x75, 0x09, 0x01, 0x79, 0x28, 0x04, 0x0c, 0x00, 0x79, 0x79, 0x28, 0x0c,
    0x00, 0x00, 0x00, 0x28, 0x09, 0x01, 0x79, 0x79, 0x75, 0x03, 0x00, 0x00, 0x00, 0x27, 0x00, 0x01,
    0x00, 0x51, 0x1b, 0x01, 0x01, 0x00, 0x00, 0x0a, 0x00, 0x01, 0x79, 0x79, 0x0a, 0x04, 0x00, 0x79,
    0x28, 0x24, 0x03, 0x00, 0x79, 0x79, 0x6d, 0x09, 0x00, 0x79, 0x5e, 0x04, 0x01, 0x00, 0x00, 0x00,
    0x6f, 0x0a, 0x01, 0x00, 0x51, 0x09, 0x03, 0x01, 0x79, 0x79, 0x5e, 0x0a, 0x00, 0x00, 0x00, 0x27,
    0x03, 0x01, 0x00, 0x51, 0x01, 0x0d, 0x01, 0x00, 0x00, 0x1b, 0x04, 0x01, 0x79, 0x79, 0x6f, 0x0d,
    0x00, 0x79, 0x79, 0x27, 0x03, 0x00, 0x79, 0x79, 0x78, 0x0a, 0x00, 0x00, 0x00, 0x0c, 0x09, 0x01,
    0x00, 0x00, 0x79, 0x01, 0x01, 0x79, 0x79, 0x5e, 0x09, 0x00, 0x00, 0x00, 0x0d, 0x04, 0x01, 0x79,
    0x5e, 0x1c, 0x0c, 0x00, 0x79, 0x1f, 0x51, 0x0a, 0x00, 0x00, 0x1b, 0x0a, 0x00, 0x01, 0x00, 0x51,
    0x5a, 0x01, 0x01, 0x79, 0x79, 0x76, 0x0d, 0x00, 0x00, 0x00, 0x0a, 0x00, 0x01, 0x79, 0x79, 0x5e,
    0x03, 0x00, 0x00, 0x00, 0x54, 0x03, 0x01, 0x00, 0x51, 0x1c, 0x01, 0x01, 0x79, 0x79, 0x27, 0x0d,
    0x00, 0x79, 0x28, 0x55, 0x0d, 0x00, 0x00, 0x00, 0x75, 0x03, 0x01, 0x00, 0x00, 0x5e, 0x09, 0x01,
    0x00, 0x00, 0x5e, 0x00, 0x01, 0x00, 0x00, 0x0d, 0x04, 0x01, 0x79, 0x79, 0x5b, 0x01, 0x00, 0x00,
    0x00, 0x54, 0x04, 0x01, 0x00, 0x51, 0x6c, 0x0d, 0x01, 0x79, 0x28, 0x79, 0x0a, 0x00, 0x00, 0x00,
    0x52, 0x09, 0x01, 0x00, 0x00, 0x76, 0x00, 0x01, 0x00, 0x51, 0x24, 0x0d, 0x01, 0x00, 0x1b, 0x52,
    0x00, 0x01, 0x00, 0x00, 0x51, 0x0c, 0x01, 0x00, 0x00, 0x04, 0x09, 0x01, 0x79, 0x5e, 0x55, 0x0a,
    0x00, 0x00, 0x6c, 0x79, 0x03, 0x01, 0x00, 0x00, 0x6c, 0x03, 0x01, 0x00, 0x00, 0x6d, 0x09, 0x01,
    0x79, 0x79, 0x5a, 0x0c, 0x00, 0x00, 0x00, 0x54, 0x01, 0x01, 0x79, 0x28, 0x0a, 0x0a, 0x00, 0x79,
    0x79, 0x52, 0x0a, 0x00, 0x00, 0x00, 0x75, 0x09, 0x01, 0x79, 0x79, 0x0a, 0x0c, 0x00, 0x00, 0x00,
    0x27, 0x04, 0x01, 0x00, 0x1b, 0x5a, 0x09, 0x01, 0x79, 0x79, 0x25, 0x0d, 0x00, 0x79, 0x79, 0x5e,
    0x0d, 0x00, 0x00, 0x00, 0x1c, 0x0a, 0x01, 0x79, 0x79, 0x6f, 0x04, 0x00, 0x79, 0x79, 0x6c, 0x00,
    0x00, 0x00, 0x00, 0x00, 0x0d, 0x01, 0x79, 0x28, 0x1c, 0x0c, 0x00, 0x00, 0x51, 0x6c, 0x04, 0x01,
    0x79, 0x79, 0x70, 0x09, 0x00, 0x00, 0x51, 0x09, 0x0c, 0x01, 0x00, 0x00, 0x5a, 0x09, 0x01, 0x00,
    0x00, 0x79, 0x04, 0x01, 0x79, 0x28, 0x0c, 0x0a, 0x00, 0x00, 0x6c, 0x1f, 0x00, 0x01, 0x79, 0x28,
    0x6f, 0x04, 0x00, 0x00, 0x00, 0x1b, 0x0c, 0x01, 0x00, 0x00, 0x24, 0x04, 0x01, 0x79, 0x79, 0x6c,
    0x00, 0x00, 0x79, 0x79, 0x51, 0x09, 0x00, 0x00, 0x00, 0x0c, 0x03, 0x01, 0x79, 0x28, 0x70, 0x00,
    0x00, 0x79, 0x79, 0x25, 0x0c, 0x00, 0x00, 0x00, 0x5e, 0x04, 0x01, 0x79, 0x79, 0x03, 0x0a, 0x00,
    0x79, 0x79, 0x24, 0x03, 0x00, 0x00, 0x00, 0x5a, 0x00, 0x01, 0x79, 0x79, 0x75, 0x01, 0x00, 0x00,
    0x00, 0x25, 0x0a, 0x01, 0x79, 0x79, 0x6d, 0x03, 0x00, 0x79, 0x79, 0x1b, 0x0d, 0x00, 0x00, 0x00,
    0x52, 0x0c, 0x01, 0x79, 0x79, 0x1f, 0x04, 0x00, 0x79, 0x79, 0x0d, 0x0a, 0x00, 0x79, 0x28, 0x6d,
    0x0c, 0x00, 0x00, 0x00, 0x5a, 0x0a, 0x01, 0x00, 0x00, 0x25, 0x03, 0x01, 0x00, 0x00, 0x1f, 0x03,
    0x01, 0x00, 0x00, 0x24, 0x0c, 0x01, 0x00, 0x00, 0x09, 0x04, 0x01, 0x79, 0x79, 0x24, 0x01, 0x00,
    0x79, 0x79, 0x5e, 0x09, 0x00, 0x79, 0x79, 0x1f, 0x0c, 0x00, 0x00, 0x00, 0x55, 0x0d, 0x01, 0x79,
    0x79, 0x28, 0x0c, 0x00, 0x79, 0x79, 0x25, 0x0a, 0x00, 0x79, 0x79, 0x0a, 0x00, 0x00, 0x79, 0x28,
    0x04, 0x04, 0x00, 0x00, 0x00, 0x6c, 0x09, 0x01, 0x00, 0x00, 0x70, 0x0c, 0x01, 0x79, 0x79, 0x24,
    0x00, 0x00, 0x79, 0x79, 0x1e, 0x04, 0x00, 0x00, 0x00, 0x00, 0x01, 0x01, 0x00, 0x51, 0x75, 0x0a,
    0x01, 0x79, 0x79, 0x27, 0x0d, 0x00, 0x79, 0x79, 0x0d, 0x04, 0x00, 0x79, 0x79, 0x1b, 0x0d, 0x00,
    0x79, 0x79, 0x6f, 0x04, 0x00, 0x79, 0x79, 0x5b, 0x0c, 0x00, 0x00, 0x00, 0x1b, 0x0d, 0x01, 0x00,
    0x00, 0x09, 0x0d, 0x01, 0x79, 0x79, 0x0a, 0x0c, 0x00, 0x00, 0x00, 0x28, 0x03, 0x01, 0x79, 0x79,
    0x27, 0x09, 0x00, 0x79, 0x79, 0x01, 0x03, 0x00, 0x00, 0x00, 0x03, 0x01, 0x01, 0x79, 0x79, 0x5e,
    0x0c, 0x00, 0x00, 0x00, 0x04, 0x0c, 0x01, 0x00, 0x00, 0x52, 0x00, 0x01, 0x79, 0x79, 0x1f, 0x01,
    0x00, 0x79, 0x5e, 0x5d, 0x01, 0x00, 0x79, 0x5e, 0x6c, 0x04, 0x00, 0x00, 0x51, 0x76, 0x04, 0x01,
    0x79, 0x0d, 0x0d, 0x0a, 0x00, 0x00, 0x51, 0x24, 0x01, 0x01, 0x79, 0x79, 0x24, 0x03, 0x00, 0x00,
    0x51, 0x78, 0x0c, 0x01, 0x00, 0x51, 0x03, 0x0c, 0x01, 0x00, 0x00, 0x6c, 0x01, 0x01, 0x00, 0x00,
    0x00, 0x09, 0x01, 0x79, 0x79, 0x24, 0x0a, 0x00, 0x79, 0x79, 0x79, 0x00, 0x00, 0x79, 0x28, 0x1e,
    0x0c, 0x00, 0x79, 0x79, 0x5b, 0x01, 0x00, 0x00, 0x51, 0x09, 0x0d, 0x01, 0x79, 0x79, 0x1c, 0x0a,
    0x00, 0x79, 0x28, 0x0a, 0x0a, 0x00, 0x79, 0x79, 0x1c, 0x0c, 0x00, 0x00, 0x51, 0x25, 0x01, 0x01,
    0x00, 0x51, 0x09, 0x04, 0x01, 0x00, 0x00, 0x0d, 0x04, 0x01, 0x79, 0x28, 0x01, 0x09, 0x00, 0x79,
    0x79, 0x1c, 0x0d, 0x00, 0x00, 0x51, 0x70, 0x04, 0x01, 0x00, 0x51, 0x54, 0x09, 0x01, 0x79, 0x28,
    0x04, 0x0a, 0x00, 0x79, 0x79, 0x78, 0x09, 0x00, 0x79, 0x28, 0x0d, 0x03, 0x00, 0x00, 0x00, 0x1b,
    0x04, 0x01, 0x00, 0x00, 0x27, 0x0d, 0x01, 0x00, 0x00, 0x78, 0x09, 0x01, 0x79, 0x79, 0x6c, 0x0c,
    0x00, 0x00, 0x00, 0x6d, 0x00, 0x01, 0x79, 0x79, 0x6d, 0x0d, 0x00, 0x79, 0x79, 0x0d, 0x0d, 0x00,
    0x79, 0x79, 0x6f, 0x01, 0x00, 0x79, 0x28, 0x28, 0x0c, 0x00, 0x79, 0x79, 0x78, 0x04, 0x00, 0x00,
    0x00, 0x78, 0x0c, 0x01, 0x79, 0x28, 0x04, 0x09, 0x00, 0x00, 0x1b, 0x1b, 0x03, 0x01, 0x00, 0x51,
    0x6d, 0x01, 0x01, 0x79, 0x28, 0x04, 0x03, 0x00, 0x00, 0x51, 0x09, 0x0d, 0x01, 0x00, 0x1b, 0x1b,
    0x0c, 0x01, 0x79, 0x79, 0x6d, 0x09, 0x00, 0x79, 0x28, 0x0d, 0x04, 0x00, 0x00, 0x00, 0x00, 0x0d,
    0x01, 0x00, 0x24, 0x09, 0x0c, 0x01, 0x00, 0x1b, 0x75, 0x04, 0x01, 0x00, 0x1b, 0x03, 0x04, 0x01,
    0x79, 0x79, 0x1e, 0x0c, 0x00, 0x79, 0x5e, 0x1c, 0x00, 0x00, 0x79, 0x79, 0x1c, 0x00, 0x00, 0x00,
    0x00, 0x03, 0x0a, 0x01, 0x79, 0x79, 0x75, 0x0a, 0x00, 0x00, 0x00, 0x25, 0x00, 0x01, 0x00, 0x51,
    0x25, 0x04, 0x01, 0x00, 0x00, 0x6c, 0x0a, 0x01, 0x79, 0x79, 0x1f, 0x03, 0x00, 0x00, 0x00, 0x24,
    0x01, 0x01, 0x00, 0x00, 0x1b, 0x09, 0x01, 0x79, 0x79, 0x5b, 0x0d, 0x00, 0x00, 0x00, 0x75, 0x00,
    0x01, 0x79, 0x79, 0x5b, 0x01, 0x00, 0x79, 0x79, 0x28, 0x03, 0x00, 0x79, 0x79, 0x76, 0x0a, 0x00,
    0x79, 0x5e, 0x70, 0x0c, 0x00, 0x00, 0x51, 0x6c, 0x04, 0x01, 0x79, 0x28, 0x0c, 0x03, 0x00, 0x00,
    0x1b, 0x54, 0x0c, 0x01, 0x00, 0x51, 0x0c, 0x03, 0x01, 0x00, 0x00, 0x52, 0x04, 0x01, 0x79, 0x79,
    0x6c, 0x00, 0x00, 0x00, 0x1b, 0x0d, 0x0c, 0x01, 0x00, 0x00, 0x5a, 0x04, 0x01, 0x00, 0x6c, 0x0c,
    0x03, 0x01, 0x00, 0x51, 0x1f, 0x0d, 0x01, 0x79, 0x79, 0x75, 0x09, 0x00, 0x79, 0x79, 0x5a, 0x0c,
    0x00, 0x00, 0x51, 0x5a, 0x0c, 0x01, 0x00, 0x00, 0x1f, 0x01, 0x01, 0x00, 0x51, 0x6d, 0x0d, 0x01,
    0x00, 0x00, 0x78, 0x01, 0x01, 0x79, 0x79, 0x28, 0x04, 0x00, 0x79, 0x28, 0x52, 0x01, 0x00, 0x79,
    0x79, 0x01, 0x0d, 0x00, 0x00, 0x00, 0x00, 0x03, 0x01, 0x00, 0x00, 0x1e, 0x03, 0x01, 0x00, 0x5a,
    0x5d, 0x03, 0x01, 0x00, 0x1b, 0x00, 0x04, 0x01, 0x79, 0x79, 0x00, 0x0d, 0x00, 0x00, 0x51, 0x1e,
    0x03, 0x01, 0x79, 0x79, 0x76, 0x0d, 0x00, 0x00, 0x5a, 0x6c, 0x01, 0x01, 0x00, 0x00, 0x70, 0x01,
    0x01, 0x00, 0x00, 0x76, 0x04, 0x01, 0x00, 0x00, 0x28, 0x01, 0x01, 0x79, 0x28, 0x03, 0x04, 0x00,
    0x00, 0x51, 0x1b, 0x04, 0x01, 0x79, 0x28, 0x51, 0x03, 0x00, 0x79, 0x79, 0x5d, 0x0d, 0x00, 0x00,
    0x51, 0x78, 0x09, 0x01, 0x00, 0x00, 0x1c, 0x0d, 0x01, 0x00, 0x00, 0x79, 0x0c, 0x01, 0x00, 0x51,
    0x52, 0x0d, 0x01, 0x79, 0x5e, 0x5d, 0x0c, 0x00, 0x79, 0x79, 0x55, 0x01, 0x00, 0x00, 0x51, 0x55,
    0x00, 0x01, 0x79, 0x28, 0x0c, 0x03, 0x00, 0x79, 0x79, 0x04, 0x04, 0x00, 0x00, 0x1b, 0x70, 0x04,
    0x01, 0x79, 0x28, 0x09, 0x03, 0x00, 0x79, 0x28, 0x79, 0x01, 0x00, 0x79, 0x28, 0x0c, 0x09, 0x00,
    0x00, 0x1b, 0x55, 0x0d, 0x01, 0x79, 0x79, 0x5e, 0x00, 0x00, 0x00, 0x00, 0x51, 0x0a, 0x01, 0x79,
    0x79, 0x79, 0x0c, 0x00, 0x79, 0x79, 0x75, 0x09, 0x00, 0x79, 0x79, 0x75, 0x00, 0x00, 0x00, 0x00,
    0x76, 0x0c, 0x01, 0x79, 0x79, 0x1c, 0x04, 0x00, 0x00, 0x00, 0x78, 0x03, 0x01, 0x00, 0x00, 0x0a,
    0x00, 0x01, 0x00, 0x00, 0x54, 0x04, 0x01, 0x79, 0x79, 0x25, 0x04, 0x00, 0x00, 0x00, 0x1f, 0x09,
    0x01, 0x00, 0x1b, 0x75, 0x03, 0x01, 0x79, 0x79, 0x1e, 0x0a, 0x00, 0x79, 0x79, 0x01, 0x0c, 0x00,
    0x00, 0x00, 0x78, 0x0d, 0x01, 0x79, 0x79, 0x1e, 0x0d, 0x00, 0x79, 0x79, 0x0c, 0x03, 0x00, 0x00,
    0x51, 0x00, 0x0a, 0x01, 0x79, 0x79, 0x76, 0x0a, 0x00, 0x79, 0x79, 0x1c, 0x0c, 0x00, 0x79, 0x28,
    0x01, 0x0c, 0x00, 0x00, 0x51, 0x5a, 0x00, 0x01, 0x79, 0x28, 0x79, 0x04, 0x00, 0x00, 0x00, 0x54,
    0x01, 0x01, 0x79, 0x79, 0x04, 0x03, 0x00, 0x00, 0x00, 0x00, 0x03, 0x01, 0x00, 0x1b, 0x24, 0x01,
    0x01, 0x79, 0x79, 0x0c, 0x09, 0x00, 0x00, 0x09, 0x76, 0x01, 0x01, 0x79, 0x28, 0x01, 0x0c, 0x00,
    0x79, 0x28, 0x70, 0x03, 0x00, 0x79, 0x28, 0x6d, 0x04, 0x00, 0x00, 0x00, 0x0d, 0x03, 0x01, 0x00,
    0x00, 0x1c, 0x0c, 0x01, 0x79, 0x28, 0x04, 0x04, 0x00, 0x00, 0x00, 0x6c, 0x09, 0x01, 0x79, 0x28,
    0x09, 0x00, 0x00, 0x00, 0x51, 0x76, 0x00, 0x01, 0x00, 0x1b, 0x51, 0x0c, 0x01, 0x00, 0x51, 0x5a,
    0x00, 0x01, 0x00, 0x00, 0x51, 0x00, 0x01, 0x79, 0x79, 0x55, 0x04, 0x00, 0x79, 0x5e, 0x78, 0x04,
    0x00, 0x00, 0x00, 0x55, 0x00, 0x01, 0x79, 0x79, 0x28, 0x04, 0x00, 0x79, 0x79, 0x6f, 0x03, 0x00,
    0x00, 0x00, 0x24, 0x0a, 0x01, 0x00, 0x51, 0x5e, 0x0c, 0x01, 0x79, 0x79, 0x1c, 0x01, 0x00, 0x79,
    0x79, 0x5d, 0x03, 0x00, 0x00, 0x00, 0x54, 0x0d, 0x01, 0x79, 0x5e, 0x1f, 0x0a, 0x00, 0x00, 0x51,
    0x03, 0x01, 0x01, 0x00, 0x51, 0x1f, 0x0a, 0x01, 0x79, 0x5e, 0x0a, 0x0a, 0x00, 0x79, 0x79, 0x6d,
    0x04, 0x00, 0x00, 0x00, 0x1f, 0x04, 0x01, 0x79, 0x79, 0x0d, 0x0a, 0x00, 0x79, 0x79, 0x78, 0x0c,
    0x00, 0x00, 0x51, 0x76, 0x0a, 0x01, 0x00, 0x00, 0x1e, 0x0c, 0x01, 0x00, 0x00, 0x1c, 0x03, 0x01,
    0x79, 0x79, 0x0c, 0x0a, 0x00, 0x00, 0x00, 0x03, 0x0a, 0x01, 0x79, 0x5e, 0x00, 0x0c, 0x00, 0x00,
    0x00, 0x27, 0x04, 0x01, 0x00, 0x51, 0x25, 0x0d, 0x01, 0x79, 0x1f, 0x1b, 0x00, 0x00, 0x79, 0x28,
    0x5e, 0x0d, 0x00, 0x00, 0x51, 0x54, 0x09, 0x01, 0x79, 0x28, 0x1f, 0x01, 0x00, 0x79, 0x0d, 0x0c,
    0x0c, 0x00, 0x00, 0x00, 0x0d, 0x0a, 0x01, 0x00, 0x6c, 0x24, 0x0c, 0x01, 0x79, 0x79, 0x1e, 0x0d,
    0x00, 0x00, 0x51, 0x6f, 0x03, 0x01, 0x79, 0x79, 0x76, 0x0d, 0x00, 0x79, 0x5e, 0x5e, 0x0a, 0x00,
    0x00, 0x00, 0x52, 0x01, 0x01, 0x79, 0x28, 0x25, 0x01, 0x00, 0x79, 0x28, 0x0a, 0x0c, 0x00, 0x00,
    0x09, 0x00, 0x0c, 0x01, 0x79, 0x28, 0x28, 0x0c, 0x00, 0x00, 0x00, 0x54, 0x0c, 0x01, 0x00, 0x00,
    0x27, 0x03, 0x01, 0x00, 0x00, 0x75, 0x00, 0x01, 0x00, 0x1b, 0x70, 0x0d, 0x01, 0x00, 0x00, 0x0c,
    0x0a, 0x01, 0x00, 0x00, 0x5b, 0x0c, 0x01, 0x79, 0x79, 0x1f, 0x03, 0x00, 0x00, 0x00, 0x09, 0x09,
    0x01, 0x79, 0x5e, 0x28, 0x01, 0x00, 0x00, 0x51, 0x5e, 0x0c, 0x01, 0x00, 0x00, 0x5a, 0x0c, 0x01,
    0x00, 0x1b, 0x6c, 0x04, 0x01, 0x00, 0x00, 0x1e, 0x04, 0x01, 0x00, 0x51, 0x25, 0x04, 0x01, 0x79,
    0x79, 0x6c, 0x03, 0x00, 0x79, 0x79, 0x09, 0x0a, 0x00, 0x79, 0x79, 0x5a, 0x03, 0x00, 0x79, 0x79,
    0x0d, 0x0d, 0x00, 0x79, 0x79, 0x54, 0x09, 0x00, 0x79, 0x79, 0x03, 0x04, 0x00, 0x79, 0x79, 0x5e,
    0x03, 0x00, 0x79, 0x79, 0x01, 0x03, 0x00, 0x00, 0x00, 0x6d, 0x01, 0x01, 0x00, 0x00, 0x6d, 0x03,
    0x01, 0x79, 0x79, 0x27, 0x0a, 0x00, 0x79, 0x79, 0x1f, 0x0d, 0x00, 0x79, 0x5e, 0x79, 0x0c, 0x00,
    0x00, 0x51, 0x6c, 0x04, 0x01, 0x00, 0x00, 0x70, 0x04, 0x01, 0x00, 0x00, 0x5e, 0x0a, 0x01, 0x00,
    0x00, 0x24, 0x0d, 0x01, 0x79, 0x79, 0x0d, 0x0c, 0x00, 0x79, 0x5e, 0x75, 0x04, 0x00, 0x00, 0x00,
    0x79, 0x09, 0x01, 0x79, 0x79, 0x5d, 0x03, 0x00, 0x79, 0x79, 0x52, 0x0c, 0x00, 0x00, 0x51, 0x1b,
    0x0a, 0x01, 0x79, 0x79, 0x24, 0x04, 0x00, 0x00, 0x00, 0x5e, 0x03, 0x01, 0x00, 0x00, 0x6f, 0x0c,
    0x01, 0x79, 0x79, 0x78, 0x00, 0x00, 0x79, 0x79, 0x79, 0x0a, 0x00, 0x00, 0x51, 0x09, 0x04, 0x01,
    0x79, 0x5e, 0x00, 0x00, 0x00, 0x00, 0x00, 0x51, 0x04, 0x01, 0x79, 0x28, 0x70, 0x03, 0x00, 0x00,
    0x00, 0x52, 0x03, 0x01, 0x79, 0x5e, 0x79, 0x0c, 0x00, 0x79, 0x79, 0x01, 0x00, 0x00, 0x79, 0x28,
    0x5a, 0x0a, 0x00, 0x00, 0x51, 0x5e, 0x0d, 0x01, 0x79, 0x28, 0x75, 0x01, 0x00, 0x79, 0x79, 0x5e,
    0x04, 0x00, 0x00, 0x1b, 0x24, 0x0d, 0x01, 0x00, 0x00, 0x76, 0x01, 0x01, 0x79, 0x28, 0x1e, 0x0a,
    0x00, 0x79, 0x79, 0x5d, 0x0d, 0x00, 0x00, 0x09, 0x5e, 0x0d, 0x01, 0x00, 0x1b, 0x1e, 0x0c, 0x01,
    0x00, 0x00, 0x78, 0x03, 0x01, 0x79, 0x70, 0x51, 0x09, 0x00, 0x00, 0x51, 0x55, 0x01, 0x01, 0x00,
    0x51, 0x6c, 0x0d, 0x01, 0x79, 0x79, 0x0c, 0x0a, 0x00, 0x00, 0x00, 0x55, 0x0c, 0x01, 0x00, 0x51,
    0x1b, 0x00, 0x01, 0x00, 0x00, 0x00, 0x09, 0x01, 0x00, 0x51, 0x6c, 0x0c, 0x01, 0x00, 0x00, 0x6d,
    0x00, 0x01, 0x79, 0x79, 0x54, 0x0d, 0x00, 0x79, 0x79, 0x6d, 0x09, 0x00, 0x79, 0x79, 0x5e, 0x0c,
    0x00, 0x00, 0x00, 0x6f, 0x09, 0x01, 0x79, 0x28, 0x5e, 0x03, 0x00, 0x79, 0x28, 0x76, 0x0d, 0x00,
    0x00, 0x51, 0x1c, 0x0a, 0x01, 0x00, 0x00, 0x00, 0x0c, 0x01, 0x79, 0x79, 0x5d, 0x0d, 0x00, 0x79,
    0x79, 0x5d, 0x04, 0x00, 0x00, 0x51, 0x28, 0x04, 0x01, 0x79, 0x28, 0x1e, 0x0c, 0x00, 0x00, 0x1b,
    0x6f, 0x01, 0x01, 0x79, 0x79, 0x70, 0x03, 0x00, 0x79, 0x28, 0x5e, 0x0c, 0x00, 0x79, 0x79, 0x1e,
    0x00, 0x00, 0x00, 0x51, 0x1e, 0x0a, 0x01, 0x79, 0x28, 0x5b, 0x0c, 0x00, 0x79, 0x79, 0x25, 0x00,
    0x00, 0x79, 0x79, 0x0a, 0x04, 0x00, 0x79, 0x79, 0x04, 0x04, 0x00, 0x79, 0x79, 0x6d, 0x00, 0x00,
    0x79, 0x5e, 0x5e, 0x04, 0x00, 0x00, 0x51, 0x55, 0x00, 0x01, 0x00, 0x00, 0x70, 0x04, 0x01, 0x00,
    0x00, 0x1c, 0x04, 0x01, 0x79, 0x28, 0x04, 0x0a, 0x00, 0x00, 0x00, 0x1c, 0x09, 0x01, 0x79, 0x79,
    0x70, 0x0c, 0x00, 0x79, 0x79, 0x0d, 0x0d, 0x00, 0x79, 0x5e, 0x5e, 0x0d, 0x00, 0x79, 0x79, 0x5e,
    0x09, 0x00, 0x00, 0x00, 0x78, 0x00, 0x01, 0x79, 0x79, 0x76, 0x04, 0x00, 0x79, 0x79, 0x5a, 0x09,
    0x00, 0x00, 0x51, 0x6d, 0x01, 0x01, 0x79, 0x79, 0x03, 0x0d, 0x00, 0x79, 0x79, 0x79, 0x04, 0x00,
    0x00, 0x00, 0x04, 0x00, 0x01, 0x79, 0x79, 0x27, 0x09, 0x00, 0x00, 0x00, 0x5b, 0x01, 0x01, 0x00,
    0x00, 0x1f, 0x0a, 0x01, 0x79, 0x79, 0x01, 0x00, 0x00, 0x79, 0x79, 0x5a, 0x0c, 0x00, 0x00, 0x00,
    0x0c, 0x00, 0x01, 0x00, 0x51, 0x00, 0x00, 0x01, 0x79, 0x79, 0x78, 0x01, 0x00, 0x00, 0x00, 0x0c,
    0x00, 0x01, 0x79, 0x79, 0x55, 0x0a, 0x00, 0x00, 0x00, 0x75, 0x0c, 0x01, 0x00, 0x51, 0x09, 0x0a,
    0x01, 0x79, 0x79, 0x1e, 0x01, 0x00, 0x00, 0x51, 0x76, 0x0c, 0x01, 0x79, 0x79, 0x79, 0x03, 0x00,
    0x79, 0x79, 0x1f, 0x0c, 0x00, 0x79, 0x79, 0x28, 0x0a, 0x00, 0x79, 0x79, 0x55, 0x00, 0x00, 0x00,
    0x00, 0x52, 0x0c, 0x01, 0x00, 0x6c, 0x09, 0x00, 0x01, 0x00, 0x1b, 0x1b, 0x0c, 0x01, 0x00, 0x00,
    0x28, 0x0d, 0x01, 0x00, 0x51, 0x24, 0x00, 0x01, 0x79, 0x0d, 0x09, 0x0d, 0x00, 0x79, 0x28, 0x5b,
    0x0a, 0x00, 0x79, 0x5e, 0x6d, 0x03, 0x00, 0x00, 0x00, 0x5b, 0x09, 0x01, 0x00, 0x00, 0x78, 0x0d,
    0x01, 0x00, 0x24, 0x1f, 0x01, 0x01, 0x00, 0x1b, 0x51, 0x04, 0x01, 0x79, 0x70, 0x1e, 0x0d, 0x00,
    0x79, 0x79, 0x24, 0x0d, 0x00, 0x79, 0x28, 0x0c, 0x09, 0x00, 0x79, 0x70, 0x28, 0x09, 0x00, 0x79,
    0x5e, 0x0a, 0x01, 0x00, 0x00, 0x00, 0x6c, 0x04, 0x01, 0x79, 0x0d, 0x55, 0x00, 0x00, 0x00, 0x6c,
    0x79, 0x03, 0x01, 0x00, 0x00, 0x51, 0x00, 0x01, 0x79, 0x79, 0x1e, 0x01, 0x00, 0x79, 0x79, 0x5d,
    0x04, 0x00, 0x00, 0x00, 0x5a, 0x0d, 0x01, 0x79, 0x28, 0x6c, 0x0a, 0x00, 0x00, 0x6c, 0x5a, 0x04,
    0x01, 0x00, 0x09, 0x51, 0x03, 0x01, 0x00, 0x51, 0x55, 0x03, 0x01, 0x00, 0x1b, 0x75, 0x03, 0x01,
    0x00, 0x00, 0x6c, 0x09, 0x01, 0x79, 0x5e, 0x0a, 0x04, 0x00, 0x00, 0x1b, 0x0d, 0x0c, 0x01, 0x79,
    0x79, 0x55, 0x04, 0x00, 0x00, 0x00, 0x00, 0x0d, 0x01, 0x00, 0x00, 0x54, 0x0c, 0x01, 0x00, 0x00,
    0x6c, 0x00, 0x01, 0x00, 0x00, 0x6d, 0x09, 0x01, 0x00, 0x1b, 0x1f, 0x0c, 0x01, 0x79, 0x28, 0x0a,
    0x03, 0x00, 0x79, 0x28, 0x5b, 0x04, 0x00, 0x00, 0x51, 0x55, 0x03, 0x01, 0x79, 0x79, 0x52, 0x0a,
    0x00, 0x79, 0x5e, 0x27, 0x04, 0x00, 0x79, 0x28, 0x54, 0x0d, 0x00, 0x00, 0x00, 0x55, 0x09, 0x01,
    0x00, 0x00, 0x75, 0x0d, 0x01, 0x79, 0x79, 0x00, 0x09, 0x00, 0x00, 0x00, 0x5b, 0x0a, 0x01, 0x79,
    0x28, 0x6f, 0x00, 0x00, 0x79, 0x28, 0x25, 0x01, 0x00, 0x00, 0x00, 0x54, 0x00, 0x01, 0x00, 0x6c,
    0x5a, 0x04, 0x01, 0x79, 0x79, 0x01, 0x04, 0x00, 0x00, 0x6c, 0x70, 0x01, 0x01, 0x79, 0x0d, 0x5d,
    0x04, 0x00, 0x00, 0x24, 0x55, 0x01, 0x01, 0x79, 0x79, 0x52, 0x0c, 0x00, 0x79, 0x28, 0x70, 0x04,
    0x00, 0x00, 0x00, 0x6d, 0x0a, 0x01, 0x00, 0x00, 0x54, 0x03, 0x01, 0x79, 0x79, 0x1c, 0x03, 0x00,
    0x79, 0x79, 0x1b, 0x00, 0x00, 0x00, 0x51, 0x0c, 0x0d, 0x01, 0x79, 0x79, 0x28, 0x09, 0x00, 0x00,
    0x51, 0x76, 0x0c, 0x01, 0x00, 0x00, 0x79, 0x0d, 0x01, 0x00, 0x00, 0x1f, 0x09, 0x01, 0x79, 0x70,
    0x75, 0x00, 0x00, 0x79, 0x79, 0x0c, 0x0a, 0x00, 0x79, 0x79, 0x1e, 0x01, 0x00, 0x00, 0x00, 0x01,
    0x09, 0x01, 0x00, 0x00, 0x70, 0x09, 0x01, 0x00, 0x00, 0x6c, 0x0c, 0x01, 0x00, 0x1b, 0x0a, 0x00,
    0x01, 0x00, 0x24, 0x70, 0x0c, 0x01, 0x79, 0x79, 0x0d, 0x0a, 0x00, 0x00, 0x00, 0x6d, 0x0d, 0x01,
    0x79, 0x25, 0x1b, 0x0a, 0x00, 0x00, 0x51, 0x27, 0x01, 0x01, 0x00, 0x24, 0x0c, 0x0d, 0x01, 0x79,
    0x28, 0x1c, 0x03, 0x00, 0x00, 0x00, 0x25, 0x09, 0x01, 0x00, 0x51, 0x03, 0x01, 0x01, 0x00, 0x6c,
    0x52, 0x09, 0x01, 0x00, 0x51, 0x24, 0x0d, 0x01, 0x79, 0x79, 0x70, 0x04, 0x00, 0x00, 0x1b, 0x09,
    0x0d, 0x01, 0x00, 0x5a, 0x6c, 0x0a, 0x01, 0x79, 0x28, 0x1f, 0x0a, 0x00, 0x79, 0x5e, 0x0a, 0x04,
    0x00, 0x79, 0x28, 0x5e, 0x04, 0x00, 0x00, 0x51, 0x25, 0x0d, 0x01, 0x79, 0x5e, 0x01, 0x01, 0x00,
    0x00, 0x51, 0x6d, 0x01, 0x01, 0x79, 0x79, 0x28, 0x00, 0x00, 0x00, 0x00, 0x25, 0x09, 0x01, 0x00,
    0x1b, 0x27, 0x0c, 0x01, 0x79, 0x5e, 0x54, 0x09, 0x00, 0x79, 0x79, 0x28, 0x00, 0x00, 0x00, 0x51,
    0x52, 0x09, 0x01, 0x79, 0x79, 0x70, 0x09, 0x00, 0x00, 0x00, 0x79, 0x03, 0x01, 0x00, 0x00, 0x0d,
    0x09, 0x01, 0x79, 0x5e, 0x0d, 0x0a, 0x00, 0x79, 0x79, 0x1c, 0x00, 0x00, 0x79, 0x79, 0x51, 0x0c,
    0x00, 0x00, 0x00, 0x76, 0x04, 0x01, 0x00, 0x1b, 0x0a, 0x0c, 0x01, 0x79, 0x79, 0x5b, 0x04, 0x00,
    0x79, 0x28, 0x0d, 0x03, 0x00, 0x79, 0x79, 0x55, 0x09, 0x00, 0x79, 0x79, 0x1e, 0x0c, 0x00, 0x79,
    0x79, 0x00, 0x00, 0x00, 0x00, 0x00, 0x51, 0x0c, 0x01, 0x79, 0x28, 0x25, 0x0d, 0x00, 0x00, 0x00,
    0x76, 0x0a, 0x01, 0x00, 0x00, 0x70, 0x01, 0x01, 0x00, 0x51, 0x1c, 0x00, 0x01, 0x79, 0x28, 0x5e,
    0x04, 0x00, 0x79, 0x04, 0x75, 0x0d, 0x00, 0x79, 0x5e, 0x5d, 0x09, 0x00, 0x00, 0x09, 0x04, 0x04,
    0x01, 0x00, 0x00, 0x09, 0x0a, 0x01, 0x79, 0x5e, 0x09, 0x01, 0x00, 0x00, 0x00, 0x01, 0x09, 0x01,
    0x00, 0x51, 0x6f, 0x00, 0x01, 0x79, 0x5e, 0x1c, 0x0a, 0x00, 0x79, 0x79, 0x25, 0x03, 0x00, 0x79,
    0x28, 0x09, 0x09, 0x00, 0x00, 0x00, 0x5a, 0x04, 0x01, 0x79, 0x28, 0x6c, 0x03, 0x00, 0x79, 0x28,
    0x09, 0x09, 0x00, 0x00, 0x00, 0x24, 0x09, 0x01, 0x00, 0x00, 0x27, 0x00, 0x01, 0x00, 0x51, 0x03,
    0x0a, 0x01, 0x00, 0x1b, 0x24, 0x03, 0x01, 0x00, 0x00, 0x27, 0x0d, 0x01, 0x79, 0x79, 0x00, 0x0d,
    0x00, 0x79, 0x28, 0x5e, 0x01, 0x00, 0x79, 0x28, 0x52, 0x01, 0x00, 0x00, 0x1b, 0x1c, 0x0d, 0x01,
    0x79, 0x79, 0x0a, 0x0d, 0x00, 0x00, 0x6c, 0x0a, 0x0a, 0x01, 0x00, 0x00, 0x27, 0x03, 0x01, 0x79,
    0x28, 0x1e, 0x00, 0x00, 0x79, 0x79, 0x03, 0x0a, 0x00, 0x00, 0x51, 0x27, 0x09, 0x01, 0x79, 0x79,
    0x0d, 0x0c, 0x00, 0x00, 0x00, 0x03, 0x01, 0x01, 0x79, 0x79, 0x25, 0x03, 0x00, 0x79, 0x79, 0x0a,
    0x0c, 0x00, 0x00, 0x00, 0x01, 0x0a, 0x01, 0x79, 0x79, 0x0a, 0x00, 0x00, 0x79, 0x79, 0x1f, 0x03,
    0x00, 0x79, 0x5e, 0x24, 0x0c, 0x00, 0x79, 0x28, 0x5b, 0x0a, 0x00, 0x79, 0x28, 0x04, 0x03, 0x00,
    0x00, 0x00, 0x1f, 0x01, 0x01, 0x00, 0x51, 0x1b, 0x09, 0x01, 0x00, 0x00, 0x0a, 0x0d, 0x01, 0x00,
    0x00, 0x1c, 0x0a, 0x01, 0x79, 0x79, 0x27, 0x0c, 0x00, 0x79, 0x79, 0x6f, 0x03, 0x00, 0x79, 0x79,
    0x00, 0x00, 0x00, 0x79, 0x5e, 0x04, 0x0c, 0x00, 0x00, 0x00, 0x1b, 0x0d, 0x01, 0x79, 0x79, 0x03,
    0x04, 0x00, 0x00, 0x51, 0x75, 0x03, 0x01, 0x00, 0x51, 0x51, 0x0d, 0x01, 0x79, 0x79, 0x28, 0x0d,
    0x00, 0x79, 0x79, 0x6f, 0x09, 0x00, 0x79, 0x28, 0x78, 0x0a, 0x00, 0x00, 0x00, 0x55, 0x04, 0x01,
    0x00, 0x00, 0x76, 0x0a, 0x01, 0x00, 0x00, 0x24, 0x03, 0x01, 0x00, 0x51, 0x24, 0x00, 0x01, 0x79,
    0x79, 0x70, 0x00, 0x00, 0x79, 0x79, 0x5a, 0x04, 0x00, 0x00, 0x24, 0x0a, 0x0c, 0x01, 0x79, 0x79,
    0x6f, 0x04, 0x00, 0x00, 0x1b, 0x6c, 0x00, 0x01, 0x00, 0x00, 0x00, 0x0a, 0x01, 0x79, 0x79, 0x0c,
    0x0c, 0x00, 0x00, 0x00, 0x5e, 0x01, 0x01, 0x79, 0x79, 0x5b, 0x0a, 0x00, 0x00, 0x00, 0x5d, 0x0a,
    0x01, 0x00, 0x51, 0x1b, 0x04, 0x01, 0x00, 0x00, 0x0a, 0x0d, 0x01, 0x79, 0x28, 0x1e, 0x0c, 0x00,
    0x00, 0x00, 0x5a, 0x0d, 0x01, 0x79, 0x79, 0x76, 0x0c, 0x00, 0x00, 0x00, 0x01, 0x09, 0x01, 0x00,
    0x00, 0x24, 0x04, 0x01, 0x79, 0x79, 0x6c, 0x09, 0x00, 0x00, 0x00, 0x75, 0x09, 0x01, 0x00, 0x51,
    0x0c, 0x0a, 0x01, 0x79, 0x5e, 0x1c, 0x0a, 0x00, 0x79, 0x79, 0x09, 0x0a, 0x00, 0x79, 0x79, 0x76,
    0x03, 0x00, 0x00, 0x00, 0x6c, 0x01, 0x01, 0x00, 0x51, 0x70, 0x0a, 0x01, 0x79, 0x28, 0x79, 0x01,
    0x00, 0x79, 0x79, 0x0c, 0x0c, 0x00, 0x00, 0x00, 0x28, 0x0a, 0x01, 0x79, 0x28, 0x1f, 0x0a, 0x00,
    0x79, 0x5e, 0x1b, 0x09, 0x00, 0x79, 0x79, 0x1c, 0x00, 0x00, 0x00, 0x1b, 0x5d, 0x0c, 0x01, 0x00,
    0x00, 0x75, 0x0a, 0x01, 0x79, 0x79, 0x0d, 0x03, 0x00, 0x79, 0x79, 0x0a, 0x09, 0x00, 0x00, 0x1b,
    0x55, 0x0d, 0x01, 0x00, 0x00, 0x1c, 0x0a, 0x01, 0x00, 0x00, 0x01, 0x04, 0x01, 0x79, 0x79, 0x78,
    0x0a, 0x00, 0x79, 0x79, 0x52, 0x04, 0x00, 0x00, 0x00, 0x1b, 0x03, 0x01, 0x00, 0x00, 0x5e, 0x03,
    0x01, 0x79, 0x28, 0x24, 0x03, 0x00, 0x00, 0x1b, 0x79, 0x0a, 0x01, 0x00, 0x00, 0x54, 0x0a, 0x01,
    0x00, 0x00, 0x51, 0x0d, 0x01, 0x79, 0x28, 0x5b, 0x0c, 0x00, 0x79, 0x79, 0x28, 0x0c, 0x00, 0x79,
    0x28, 0x76, 0x03, 0x00, 0x79, 0x5e, 0x01, 0x04, 0x00, 0x00, 0x00, 0x5d, 0x0a, 0x01, 0x79, 0x79,
    0x0a, 0x0d, 0x00, 0x00, 0x51, 0x51, 0x0c, 0x01, 0x79, 0x5e, 0x0d, 0x0d, 0x00, 0x79, 0x79, 0x1f,
    0x0d, 0x00, 0x00, 0x00, 0x5e, 0x0a, 0x01, 0x00, 0x00, 0x5d, 0x01, 0x01, 0x00, 0x00, 0x6c, 0x01,
    0x01, 0x79, 0x28, 0x5e, 0x0d, 0x00, 0x00, 0x00, 0x6f, 0x09, 0x01, 0x00, 0x00, 0x0d, 0x00, 0x01,
    0x79, 0x79, 0x00, 0x0a, 0x00, 0x00, 0x00, 0x5a, 0x00, 0x01, 0x00, 0x00, 0x5a, 0x09, 0x01, 0x00,
    0x00, 0x1b, 0x04, 0x01, 0x79, 0x0d, 0x55, 0x00, 0x00, 0x79, 0x5e, 0x70, 0x0d, 0x00, 0x79, 0x28,
    0x0c, 0x00, 0x00, 0x00, 0x51, 0x75, 0x09, 0x01, 0x00, 0x51, 0x00, 0x0c, 0x01, 0x79, 0x79, 0x24,
    0x04, 0x00, 0x79, 0x5e, 0x5e, 0x0a, 0x00, 0x00, 0x51, 0x27, 0x01, 0x01, 0x00, 0x00, 0x25, 0x03,
    0x01, 0x79, 0x79, 0x0a, 0x09, 0x00, 0x00, 0x51, 0x78, 0x0a, 0x01, 0x00, 0x51, 0x28, 0x0d, 0x01,
    0x79, 0x79, 0x78, 0x0d, 0x00, 0x00, 0x51, 0x51, 0x0d, 0x01, 0x79, 0x28, 0x01, 0x03, 0x00, 0x79,
    0x28, 0x6c, 0x0d, 0x00, 0x00, 0x00, 0x27, 0x04, 0x01, 0x00, 0x00, 0x5e, 0x09, 0x01, 0x79, 0x79,
    0x70, 0x04, 0x00, 0x00, 0x1b, 0x0c, 0x0c, 0x01, 0x00, 0x00, 0x6c, 0x01, 0x01, 0x00, 0x00, 0x0d,
    0x03, 0x01, 0x00, 0x00, 0x09, 0x03, 0x01, 0x79, 0x28, 0x0a, 0x0d, 0x00, 0x79, 0x0d, 0x76, 0x04,
    0x00, 0x00, 0x00, 0x1b, 0x04, 0x01, 0x79, 0x5e, 0x0a, 0x0a, 0x00, 0x79, 0x28, 0x70, 0x00, 0x00,
    0x79, 0x28, 0x6f, 0x01, 0x00, 0x79, 0x28, 0x5a, 0x0a, 0x00, 0x79, 0x79, 0x1c, 0x0d, 0x00, 0x00,
    0x51, 0x04, 0x00, 0x01, 0x00, 0x51, 0x00, 0x0d, 0x01, 0x79, 0x5e, 0x79, 0x04, 0x00, 0x79, 0x28,
    0x5b, 0x0a, 0x00, 0x79, 0x5e, 0x27, 0x04, 0x00, 0x00, 0x1b, 0x1f, 0x0d, 0x01, 0x00, 0x51, 0x54,
    0x0a, 0x01, 0x00, 0x00, 0x6c, 0x00, 0x01, 0x00, 0x00, 0x6f, 0x00, 0x01, 0x79, 0x79, 0x0d, 0x0c,
    0x00, 0x79, 0x28, 0x52, 0x0a, 0x00, 0x79, 0x5e, 0x1e, 0x01, 0x00, 0x00, 0x00, 0x1c, 0x0a, 0x01,
    0x00, 0x51, 0x76, 0x04, 0x01, 0x00, 0x51, 0x5a, 0x04, 0x01, 0x79, 0x79, 0x1f, 0x01, 0x00, 0x79,
    0x79, 0x75, 0x01, 0x00, 0x79, 0x79, 0x03, 0x0c, 0x00, 0x79, 0x79, 0x5d, 0x03, 0x00, 0x00, 0x00,
    0x04, 0x0a, 0x01, 0x79, 0x55, 0x1c, 0x01, 0x00, 0x00, 0x51, 0x6c, 0x01, 0x01, 0x00, 0x1b, 0x04,
    0x0a, 0x01, 0x79, 0x79, 0x00, 0x0a, 0x00, 0x79, 0x79, 0x04, 0x0c, 0x00, 0x00, 0x00, 0x24, 0x01,
    0x01, 0x79, 0x5e, 0x0c, 0x04, 0x00, 0x00, 0x00, 0x1b, 0x0c, 0x01, 0x79, 0x79, 0x0d, 0x01, 0x00,
    0x79, 0x28, 0x09, 0x00, 0x00, 0x79, 0x28, 0x0d, 0x09, 0x00, 0x00, 0x51, 0x5e, 0x04, 0x01, 0x00,
    0x00, 0x01, 0x00, 0x01, 0x79, 0x28, 0x5e, 0x0d, 0x00, 0x00, 0x51, 0x03, 0x01, 0x01, 0x79, 0x79,
    0x52, 0x01, 0x00, 0x79, 0x79, 0x6d, 0x0a, 0x00, 0x79, 0x79, 0x1c, 0x03, 0x00, 0x79, 0x79, 0x01,
    0x00, 0x00, 0x00, 0x00, 0x6f, 0x00, 0x01, 0x00, 0x1b, 0x6c, 0x00, 0x01, 0x00, 0x00, 0x1e, 0x0c,
    0x01, 0x00, 0x51, 0x55, 0x09, 0x01, 0x79, 0x79, 0x5e, 0x04, 0x00, 0x79, 0x79, 0x76, 0x0d, 0x00,
    0x79, 0x79, 0x27, 0x03, 0x00, 0x00, 0x00, 0x52, 0x0c, 0x01, 0x00, 0x00, 0x1f, 0x03, 0x01, 0x00,
    0x00, 0x1e, 0x01, 0x01, 0x00, 0x00, 0x1e, 0x09, 0x01, 0x79, 0x79, 0x1b, 0x0c, 0x00, 0x79, 0x79,
    0x70, 0x04, 0x00, 0x79, 0x79, 0x5d, 0x04, 0x00, 0x79, 0x28, 0x04, 0x00, 0x00, 0x00, 0x00, 0x03,
    0x0a, 0x01, 0x00, 0x00, 0x76, 0x03, 0x01, 0x00, 0x00, 0x79, 0x01, 0x01, 0x79, 0x79, 0x0a, 0x00,
    0x00, 0x79, 0x28, 0x5e, 0x03, 0x00, 0x00, 0x00, 0x1b, 0x09, 0x01, 0x00, 0x00, 0x5d, 0x0d, 0x01,
    0x79, 0x28, 0x75, 0x0c, 0x00, 0x79, 0x79, 0x79, 0x0a, 0x00, 0x00, 0x00, 0x6d, 0x00, 0x01, 0x79,
    0x79, 0x01, 0x09, 0x00, 0x00, 0x51, 0x5a, 0x0d, 0x01, 0x00, 0x51, 0x1e, 0x0a, 0x01, 0x00, 0x00,
    0x27, 0x0c, 0x01, 0x00, 0x51, 0x03, 0x01, 0x01, 0x00, 0x00, 0x6c, 0x0c, 0x01, 0x79, 0x79, 0x6f,
    0x03, 0x00, 0x00, 0x00, 0x70, 0x04, 0x01, 0x79, 0x79, 0x1e, 0x0c, 0x00, 0x00, 0x1b, 0x09, 0x01,
    0x01, 0x00, 0x00, 0x51, 0x0d, 0x01, 0x00, 0x00, 0x01, 0x0c, 0x01, 0x79, 0x79, 0x5a, 0x00, 0x00,
    0x79, 0x79, 0x70, 0x03, 0x00, 0x79, 0x28, 0x1c, 0x04, 0x00, 0x79, 0x79, 0x75, 0x03, 0x00, 0x79,
    0x79, 0x04, 0x00, 0x00, 0x00, 0x00, 0x03, 0x0a, 0x01, 0x00, 0x51, 0x54, 0x00, 0x01, 0x00, 0x00,
    0x0d, 0x03, 0x01, 0x79, 0x79, 0x04, 0x01, 0x00, 0x79, 0x5e, 0x6c, 0x09, 0x00, 0x79, 0x79, 0x5a,
    0x03, 0x00, 0x79, 0x28, 0x76, 0x0a, 0x00, 0x00, 0x00, 0x6d, 0x00, 0x01, 0x79, 0x28, 0x27, 0x00,
    0x00, 0x00, 0x51, 0x78, 0x09, 0x01, 0x00, 0x51, 0x00, 0x04, 0x01, 0x79, 0x79, 0x0c, 0x0d, 0x00,
    0x00, 0x00, 0x27, 0x03, 0x01, 0x79, 0x79, 0x70, 0x03, 0x00, 0x00, 0x00, 0x03, 0x00, 0x01, 0x00,
    0x51, 0x04, 0x0a, 0x01, 0x00, 0x00, 0x75, 0x0d, 0x01, 0x00, 0x1b, 0x28, 0x09, 0x01, 0x00, 0x00,
    0x0a, 0x0c, 0x01, 0x00, 0x51, 0x5b, 0x01, 0x01, 0x00, 0x00, 0x04, 0x01, 0x01, 0x79, 0x0d, 0x6d,
    0x03, 0x00, 0x79, 0x79, 0x78, 0x04, 0x00, 0x79, 0x28, 0x04, 0x0a, 0x00, 0x00, 0x51, 0x6c, 0x0a,
    0x01, 0x79, 0x79, 0x5e, 0x03, 0x00, 0x79, 0x28, 0x79, 0x0a, 0x00, 0x79, 0x79, 0x25, 0x01, 0x00,
    0x00, 0x00, 0x0c, 0x0d, 0x01, 0x00, 0x00, 0x1e, 0x0c, 0x01, 0x00, 0x00, 0x00, 0x04, 0x01, 0x00,
    0x00, 0x1b, 0x0a, 0x01, 0x00, 0x00, 0x27, 0x03, 0x01, 0x00, 0x09, 0x5d, 0x00, 0x01, 0x00, 0x00,
    0x75, 0x0a, 0x01, 0x79, 0x0d, 0x0d, 0x0d, 0x00, 0x00, 0x00, 0x78, 0x04, 0x01, 0x00, 0x00, 0x03,
    0x0a, 0x01, 0x00, 0x00, 0x0d, 0x03, 0x01, 0x79, 0x28, 0x51, 0x01, 0x00, 0x79, 0x28, 0x52, 0x0a,
    0x00, 0x00, 0x51, 0x78, 0x00, 0x01, 0x79, 0x28, 0x1c, 0x09, 0x00, 0x00, 0x00, 0x0c, 0x0c, 0x01,
    0x00, 0x00, 0x27, 0x0a, 0x01, 0x79, 0x79, 0x52, 0x0c, 0x00, 0x00, 0x00, 0x5a, 0x0c, 0x01, 0x79,
    0x79, 0x1c, 0x00, 0x00, 0x79, 0x79, 0x55, 0x0c, 0x00, 0x79, 0x79, 0x55, 0x0c, 0x00, 0x00, 0x00,
    0x1b, 0x01, 0x01, 0x00, 0x00, 0x27, 0x0c, 0x01, 0x00, 0x51, 0x01, 0x0a, 0x01, 0x79, 0x79, 0x52,
    0x00, 0x00, 0x79, 0x5e, 0x1c, 0x0c, 0x00, 0x79, 0x79, 0x1f, 0x0c, 0x00, 0x79, 0x28, 0x5e, 0x03,
    0x00, 0x00, 0x51, 0x1b, 0x00, 0x01, 0x00, 0x51, 0x51, 0x09, 0x01, 0x00, 0x00, 0x1c, 0x01, 0x01,
    0x79, 0x28, 0x27, 0x0a, 0x00, 0x79, 0x79, 0x6d, 0x0a, 0x00, 0x79, 0x79, 0x70, 0x03, 0x00, 0x79,
    0x28, 0x1f, 0x00, 0x00, 0x00, 0x51, 0x03, 0x09, 0x01, 0x79, 0x79, 0x0c, 0x01, 0x00, 0x79, 0x79,
    0x25, 0x03, 0x00, 0x00, 0x51, 0x6c, 0x00, 0x01, 0x79, 0x79, 0x24, 0x04, 0x00, 0x00, 0x00, 0x1f,
    0x04, 0x01, 0x00, 0x00, 0x75, 0x03, 0x01, 0x00, 0x00, 0x78, 0x0d, 0x01, 0x79, 0x5e, 0x28, 0x0c,
    0x00, 0x79, 0x79, 0x75, 0x01, 0x00, 0x00, 0x00, 0x03, 0x09, 0x01, 0x00, 0x00, 0x6d, 0x0a, 0x01,
    0x00, 0x00, 0x0d, 0x09, 0x01, 0x79, 0x79, 0x51, 0x0d, 0x00, 0x00, 0x00, 0x5b, 0x09, 0x01, 0x00,
    0x6c, 0x24, 0x04, 0x01, 0x79, 0x70, 0x6d, 0x0a, 0x00, 0x00, 0x00, 0x27, 0x00, 0x01, 0x79, 0x79,
    0x1c, 0x01, 0x00, 0x79, 0x70, 0x51, 0x01, 0x00, 0x79, 0x79, 0x5e, 0x09, 0x00, 0x79, 0x79, 0x1b,
    0x04, 0x00, 0x79, 0x70, 0x76, 0x0a, 0x00, 0x79, 0x1f, 0x5d, 0x09, 0x00, 0x00, 0x09, 0x09, 0x0c,
    0x01, 0x79, 0x79, 0x70, 0x00, 0x00, 0x00, 0x00, 0x00, 0x04, 0x01, 0x00, 0x51, 0x52, 0x00, 0x01,
    0x79, 0x79, 0x04, 0x01, 0x00, 0x00, 0x51, 0x5d, 0x0c, 0x01, 0x00, 0x51, 0x09, 0x09, 0x01, 0x00,
    0x51, 0x6c, 0x01, 0x01, 0x00, 0x00, 0x25, 0x09, 0x01, 0x00, 0x00, 0x55, 0x04, 0x01, 0x79, 0x79,
    0x28, 0x04, 0x00, 0x00, 0x51, 0x5d, 0x00, 0x01, 0x00, 0x00, 0x01, 0x04, 0x01, 0x00, 0x00, 0x09,
    0x00, 0x01, 0x00, 0x00, 0x79, 0x01, 0x01, 0x79, 0x79, 0x1e, 0x09, 0x00, 0x00, 0x51, 0x6f, 0x03,
    0x01, 0x00, 0x1b, 0x0a, 0x04, 0x01, 0x00, 0x51, 0x75, 0x0c, 0x01, 0x79, 0x28, 0x25, 0x03, 0x00,
    0x00, 0x00, 0x0a, 0x01, 0x01, 0x79, 0x28, 0x6f, 0x00, 0x00, 0x79, 0x28, 0x5e, 0x03, 0x00, 0x00,
    0x51, 0x00, 0x03, 0x01, 0x79, 0x79, 0x0a, 0x01, 0x00, 0x00, 0x00, 0x6f, 0x0c, 0x01, 0x79, 0x79,
    0x03, 0x0c, 0x00, 0x00, 0x00, 0x0d, 0x00, 0x01, 0x79, 0x79, 0x04, 0x04, 0x00, 0x00, 0x00, 0x54,
    0x04, 0x01, 0x00, 0x51, 0x1e, 0x01, 0x01, 0x79, 0x79, 0x55, 0x01, 0x00, 0x00, 0x00, 0x75, 0x09,
    0x01, 0x00, 0x51, 0x25, 0x0d, 0x01, 0x79, 0x28, 0x75, 0x0d, 0x00, 0x79, 0x79, 0x01, 0x0d, 0x00,
    0x00, 0x00, 0x0c, 0x04, 0x01, 0x00, 0x51, 0x5a, 0x03, 0x01, 0x00, 0x00, 0x00, 0x01, 0x01, 0x00,
    0x51, 0x75, 0x0c, 0x01, 0x00, 0x00, 0x1c, 0x03, 0x01, 0x79, 0x79, 0x54, 0x0a, 0x00, 0x00, 0x00,
    0x78, 0x04, 0x01, 0x79, 0x79, 0x24, 0x09, 0x00, 0x00, 0x00, 0x5a, 0x03, 0x01, 0x00, 0x00, 0x55,
    0x0d, 0x01, 0x00, 0x00, 0x78, 0x04, 0x01, 0x00, 0x00, 0x78, 0x09, 0x01, 0x79, 0x79, 0x5b, 0x04,
    0x00, 0x00, 0x00, 0x75, 0x00, 0x01, 0x79, 0x28, 0x28, 0x0c, 0x00, 0x79, 0x79, 0x25, 0x09, 0x00,
    0x00, 0x00, 0x70, 0x09, 0x01, 0x79, 0x79, 0x51, 0x00, 0x00, 0x00, 0x00, 0x6c, 0x04, 0x01, 0x00,
    0x00, 0x52, 0x04, 0x01, 0x79, 0x79, 0x1e, 0x00, 0x00, 0x00, 0x00, 0x00, 0x0a, 0x01, 0x79, 0x79,
    0x5e, 0x0d, 0x00, 0x79, 0x79, 0x55, 0x01, 0x00, 0x79, 0x79, 0x1b, 0x04, 0x00, 0x00, 0x00, 0x70,
    0x03, 0x01, 0x00, 0x51, 0x54, 0x09, 0x01, 0x00, 0x00, 0x09, 0x0c, 0x01, 0x79, 0x79, 0x0a, 0x03,
    0x00, 0x00, 0x00, 0x55, 0x03, 0x01, 0x00, 0x00, 0x6d, 0x0c, 0x01, 0x00, 0x00, 0x55, 0x0a, 0x01,
    0x79, 0x79, 0x1c, 0x0a, 0x00, 0x00, 0x00, 0x5e, 0x0c, 0x01, 0x79, 0x79, 0x0d, 0x01, 0x00, 0x79,
    0x79, 0x27, 0x03, 0x00, 0x00, 0x00, 0x76, 0x00, 0x01, 0x79, 0x5e, 0x55, 0x0d, 0x00, 0x79, 0x79,
    0x70, 0x0c, 0x00, 0x79, 0x79, 0x0d, 0x01, 0x00, 0x79, 0x79, 0x54, 0x04, 0x00, 0x00, 0x00, 0x09,
    0x09, 0x01, 0x00, 0x00, 0x0c, 0x03, 0x01, 0x79, 0x79, 0x5a, 0x04, 0x00, 0x79, 0x79, 0x76, 0x03,
    0x00, 0x00, 0x51, 0x75, 0x03, 0x01, 0x79, 0x79, 0x78, 0x01, 0x00, 0x00, 0x51, 0x5d, 0x0a, 0x01,
    0x00, 0x1b, 0x5b, 0x0d, 0x01, 0x00, 0x1b, 0x24, 0x0d, 0x01, 0x00, 0x1b, 0x03, 0x0c, 0x01, 0x79,
    0x79, 0x28, 0x0d, 0x00, 0x79, 0x5e, 0x5a, 0x01, 0x00, 0x00, 0x1b, 0x54, 0x00, 0x01, 0x00, 0x00,
    0x6c, 0x03, 0x01, 0x00, 0x00, 0x75, 0x04, 0x01, 0x00, 0x1b, 0x01, 0x00, 0x01, 0x00, 0x00, 0x5d,
    0x01, 0x01, 0x00, 0x00, 0x27, 0x0d, 0x01, 0x00, 0x00, 0x52, 0x04, 0x01, 0x00, 0x09, 0x28, 0x0c,
    0x01, 0x00, 0x00, 0x55, 0x0c, 0x01, 0x00, 0x00, 0x1e, 0x04, 0x01, 0x79, 0x28, 0x0a, 0x0c, 0x00,
    0x79, 0x79, 0x01, 0x0c, 0x00, 0x79, 0x79, 0x27, 0x04, 0x00, 0x79, 0x79, 0x5b, 0x0a, 0x00, 0x79,
    0x79, 0x70, 0x09, 0x00, 0x79, 0x79, 0x09, 0x0a, 0x00, 0x00, 0x00, 0x04, 0x09, 0x01, 0x79, 0x28,
    0x1f, 0x04, 0x00, 0x79, 0x79, 0x01, 0x04, 0x00, 0x00, 0x51, 0x5b, 0x03, 0x01, 0x79, 0x79, 0x24,
    0x0c, 0x00, 0x00, 0x00, 0x5e, 0x0a, 0x01, 0x00, 0x00, 0x6d, 0x0a, 0x01, 0x79, 0x28, 0x27, 0x0d,
    0x00, 0x79, 0x5e, 0x1e, 0x0c, 0x00, 0x00, 0x51, 0x52, 0x0c, 0x01, 0x79, 0x28, 0x70, 0x03, 0x00,
    0x79, 0x79, 0x28, 0x04, 0x00, 0x00, 0x1b, 0x75, 0x0c, 0x01, 0x00, 0x00, 0x28, 0x01, 0x01, 0x00,
    0x51, 0x25, 0x03, 0x01, 0x79, 0x79, 0x6d, 0x0d, 0x00, 0x79, 0x79, 0x78, 0x09, 0x00, 0x00, 0x1b,
    0x09, 0x03, 0x01, 0x79, 0x28, 0x03, 0x00, 0x00, 0x79, 0x79, 0x09, 0x01, 0x00, 0x00, 0x00, 0x03,
    0x0d, 0x01, 0x00, 0x00, 0x5a, 0x04, 0x01, 0x79, 0x79, 0x0c, 0x00, 0x00, 0x79, 0x79, 0x0a, 0x09,
    0x00, 0x00, 0x00, 0x78, 0x0d, 0x01, 0x79, 0x79, 0x5d, 0x01, 0x00, 0x00, 0x00, 0x01, 0x09, 0x01,
    0x79, 0x28, 0x55, 0x04, 0x00, 0x00, 0x00, 0x0c, 0x0d, 0x01, 0x79, 0x79, 0x01, 0x0d, 0x00, 0x00,
    0x51, 0x55, 0x0d, 0x01, 0x79, 0x79, 0x0d, 0x09, 0x00, 0x00, 0x00, 0x25, 0x0d, 0x01, 0x79, 0x79,
    0x78, 0x0a, 0x00, 0x79, 0x28, 0x1f, 0x0d, 0x00, 0x79, 0x28, 0x75, 0x03, 0x00, 0x79, 0x79, 0x54,
    0x04, 0x00, 0x79, 0x79, 0x76, 0x0d, 0x00, 0x00, 0x00, 0x0a, 0x01, 0x01, 0x79, 0x28, 0x27, 0x03,
    0x00, 0x79, 0x79, 0x76, 0x0d, 0x00, 0x00, 0x00, 0x55, 0x03, 0x01, 0x00, 0x00, 0x75, 0x0a, 0x01,
    0x79, 0x79, 0x03, 0x03, 0x00, 0x79, 0x79, 0x52, 0x0a, 0x00, 0x79, 0x5e, 0x0d, 0x0c, 0x00, 0x79,
    0x79, 0x0a, 0x09, 0x00, 0x79, 0x79, 0x5e, 0x04, 0x00, 0x00, 0x00, 0x0a, 0x03, 0x01, 0x79, 0x28,
    0x5e, 0x0a, 0x00, 0x00, 0x00, 0x0c, 0x03, 0x01, 0x79, 0x79, 0x6c, 0x0d, 0x00, 0x79, 0x79, 0x54,
    0x00, 0x00, 0x79, 0x28, 0x6f, 0x03, 0x00, 0x00, 0x00, 0x6f, 0x00, 0x01, 0x00, 0x00, 0x1e, 0x03,
    0x01, 0x00, 0x1b, 0x6c, 0x04, 0x01, 0x79, 0x5e, 0x25, 0x00, 0x00, 0x00, 0x1b, 0x1f, 0x01, 0x01,
    0x00, 0x1b, 0x6c, 0x04, 0x01, 0x79, 0x5e, 0x5a, 0x03, 0x00, 0x79, 0x0d, 0x79, 0x01, 0x00, 0x79,
    0x0d, 0x1f, 0x09, 0x00, 0x79, 0x79, 0x25, 0x00, 0x00, 0x79, 0x79, 0x79, 0x0a, 0x00, 0x79, 0x79,
    0x09, 0x0a, 0x00, 0x79, 0x04, 0x5b, 0x04, 0x00, 0x79, 0x79, 0x5e, 0x00, 0x00, 0x79, 0x79, 0x78,
    0x0c, 0x00, 0x00, 0x1b, 0x78, 0x01, 0x01, 0x00, 0x00, 0x01, 0x00, 0x01, 0x79, 0x28, 0x5d, 0x0a,
    0x00, 0x00, 0x1b, 0x76, 0x04, 0x01, 0x00, 0x00, 0x76, 0x0d, 0x01, 0x79, 0x79, 0x0c, 0x01, 0x00,
    0x00, 0x00, 0x6f, 0x0c, 0x01, 0x00, 0x00, 0x5a, 0x01, 0x01, 0x00, 0x00, 0x0a, 0x0a, 0x01, 0x79,
    0x79, 0x03, 0x0a, 0x00, 0x79, 0x79, 0x52, 0x00, 0x00, 0x00, 0x00, 0x5e, 0x0d, 0x01, 0x00, 0x51,
    0x1f, 0x03, 0x01, 0x00, 0x51, 0x6f, 0x0c, 0x01, 0x79, 0x28, 0x27, 0x0d, 0x00, 0x79, 0x79, 0x75,
    0x03, 0x00, 0x79, 0x79, 0x5b, 0x0a, 0x00, 0x00, 0x51, 0x75, 0x03, 0x01, 0x00, 0x00, 0x76, 0x0a,
    0x01, 0x00, 0x00, 0x52, 0x03, 0x01, 0x00, 0x51, 0x75, 0x01, 0x01, 0x79, 0x79, 0x51, 0x0d, 0x00,
    0x79, 0x28, 0x6d, 0x01, 0x00, 0x79, 0x79, 0x0a, 0x00, 0x00, 0x79, 0x79, 0x5d, 0x0d, 0x00, 0x00,
    0x00, 0x52, 0x04, 0x01, 0x79, 0x79, 0x5b, 0x0a, 0x00, 0x79, 0x79, 0x54, 0x09, 0x00, 0x79, 0x79,
    0x0d, 0x01, 0x00, 0x00, 0x00, 0x1b, 0x03, 0x01, 0x79, 0x79, 0x1b, 0x0d, 0x00, 0x00, 0x00, 0x1c,
    0x04, 0x01, 0x00, 0x00, 0x03, 0x04, 0x01, 0x79, 0x79, 0x0d, 0x01, 0x00, 0x79, 0x79, 0x70, 0x0c,
    0x00, 0x79, 0x79, 0x6d, 0x00, 0x00, 0x79, 0x79, 0x76, 0x00, 0x00, 0x79, 0x28, 0x01, 0x09, 0x00,
    0x00, 0x00, 0x1c, 0x04, 0x01, 0x00, 0x51, 0x6c, 0x0a, 0x01, 0x79, 0x79, 0x51, 0x09, 0x00, 0x00,
    0x00, 0x79, 0x00, 0x01, 0x00, 0x51, 0x0a, 0x04, 0x01, 0x00, 0x00, 0x27, 0x09, 0x01, 0x79, 0x79,
    0x28, 0x03, 0x00, 0x00, 0x00, 0x0d, 0x0a, 0x01, 0x79, 0x79, 0x09, 0x09, 0x00, 0x00, 0x00, 0x75,
    0x01, 0x01, 0x79, 0x79, 0x79, 0x09, 0x00, 0x00, 0x00, 0x1e, 0x04, 0x01, 0x00, 0x1b, 0x00, 0x03,
    0x01, 0x79, 0x5e, 0x01, 0x0d, 0x00, 0x79, 0x79, 0x28, 0x0c, 0x00, 0x79, 0x79, 0x6c, 0x09, 0x00,
    0x79, 0x28, 0x0d, 0x04, 0x00, 0x00, 0x00, 0x55, 0x0a, 0x01, 0x79, 0x79, 0x5d, 0x0c, 0x00, 0x00,
    0x51, 0x75, 0x0d, 0x01, 0x00, 0x00, 0x0d, 0x03, 0x01, 0x00, 0x00, 0x52, 0x04, 0x01, 0x79, 0x79,
    0x0a, 0x03, 0x00, 0x00, 0x00, 0x00, 0x0c, 0x01, 0x00, 0x00, 0x78, 0x0c, 0x01, 0x79, 0x79, 0x24,
    0x0c, 0x00, 0x79, 0x79, 0x03, 0x09, 0x00, 0x79, 0x5e, 0x55, 0x01, 0x00, 0x00, 0x00, 0x54, 0x04,
    0x01, 0x00, 0x51, 0x55, 0x00, 0x01, 0x00, 0x51, 0x54, 0x03, 0x01, 0x79, 0x79, 0x6f, 0x0c, 0x00,
    0x00, 0x51, 0x01, 0x03, 0x01, 0x79, 0x79, 0x0d, 0x0c, 0x00, 0x00, 0x00, 0x52, 0x00, 0x01, 0x00,
    0x51, 0x1f, 0x00, 0x01, 0x00, 0x00, 0x5b, 0x04, 0x01, 0x00, 0x00, 0x6c, 0x03, 0x01, 0x00, 0x51,
    0x70, 0x01, 0x01, 0x00, 0x00, 0x27, 0x04, 0x01, 0x79, 0x79, 0x1b, 0x04, 0x00, 0x79, 0x79, 0x1c,
    0x00, 0x00, 0x00, 0x00, 0x24, 0x03, 0x01, 0x79, 0x79, 0x75, 0x04, 0x00, 0x00, 0x51, 0x1f, 0x04,
    0x01, 0x00, 0x51, 0x27, 0x04, 0x01, 0x79, 0x79, 0x1c, 0x0c, 0x00, 0x00, 0x51, 0x1e, 0x0a, 0x01,
    0x79, 0x79, 0x28, 0x0a, 0x00, 0x00, 0x51, 0x28, 0x0a, 0x01, 0x00, 0x51, 0x52, 0x01, 0x01, 0x00,
    0x00, 0x01, 0x0c, 0x01, 0x79, 0x28, 0x28, 0x03, 0x00, 0x79, 0x0d, 0x1f, 0x0c, 0x00, 0x79, 0x0d,
    0x27, 0x0d, 0x00, 0x00, 0x51, 0x76, 0x01, 0x01, 0x79, 0x79, 0x76, 0x0d, 0x00, 0x00, 0x51, 0x24,
    0x01, 0x01, 0x00, 0x00, 0x5d, 0x01, 0x01, 0x79, 0x79, 0x00, 0x00, 0x00, 0x79, 0x79, 0x5a, 0x01,
    0x00, 0x79, 0x28, 0x70, 0x0d, 0x00, 0x79, 0x79, 0x25, 0x04, 0x00, 0x79, 0x79, 0x03, 0x09, 0x00,
    0x79, 0x28, 0x5d, 0x09, 0x00, 0x79, 0x79, 0x24, 0x0c, 0x00, 0x79, 0x28, 0x04, 0x0a, 0x00, 0x79,
    0x79, 0x78, 0x03, 0x00, 0x79, 0x79, 0x0c, 0x03, 0x00, 0x79, 0x28, 0x51, 0x03, 0x00, 0x79, 0x5e,
    0x0a, 0x0c, 0x00, 0x79, 0x5e, 0x6d, 0x0a, 0x00, 0x00, 0x00, 0x25, 0x0d, 0x01, 0x00, 0x1b, 0x6f,
    0x09, 0x01, 0x00, 0x51, 0x51, 0x0d, 0x01, 0x79, 0x28, 0x76, 0x01, 0x00, 0x00, 0x00, 0x76, 0x0d,
    0x01, 0x79, 0x28, 0x76, 0x0c, 0x00, 0x00, 0x51, 0x03, 0x0c, 0x01, 0x00, 0x51, 0x09, 0x01, 0x01,
    0x79, 0x79, 0x76, 0x04, 0x00, 0x00, 0x00, 0x54, 0x0d, 0x01, 0x00, 0x51, 0x54, 0x09, 0x01, 0x00,
    0x51, 0x00, 0x04, 0x01, 0x79, 0x79, 0x5e, 0x09, 0x00, 0x79, 0x28, 0x24, 0x04, 0x00, 0x00, 0x00,
    0x00, 0x0d, 0x01, 0x79, 0x79, 0x5e, 0x09, 0x00, 0x79, 0x79, 0x00, 0x0c, 0x00, 0x79, 0x28, 0x1e,
    0x09, 0x00, 0x00, 0x1b, 0x75, 0x0d, 0x01, 0x79, 0x28, 0x76, 0x09, 0x00, 0x79, 0x79, 0x25, 0x04,
    0x00, 0x00, 0x00, 0x25, 0x01, 0x01, 0x00, 0x00, 0x25, 0x0a, 0x01, 0x79, 0x28, 0x52, 0x03, 0x00,
    0x79, 0x79, 0x0a, 0x09, 0x00, 0x79, 0x5e, 0x75, 0x0c, 0x00, 0x00, 0x00, 0x76, 0x09, 0x01, 0x00,
    0x6c, 0x28, 0x04, 0x01, 0x00, 0x51, 0x51, 0x00, 0x01, 0x79, 0x28, 0x28, 0x09, 0x00, 0x00, 0x00,
    0x54, 0x00, 0x01, 0x00, 0x00, 0x75, 0x09, 0x01, 0x79, 0x28, 0x0a, 0x0d, 0x00, 0x00, 0x00, 0x78,
    0x01, 0x01, 0x00, 0x51, 0x78, 0x09, 0x01, 0x79, 0x79, 0x0d, 0x04, 0x00, 0x79, 0x79, 0x54, 0x0c,
    0x00, 0x79, 0x79, 0x03, 0x0d, 0x00, 0x79, 0x79, 0x76, 0x0d, 0x00, 0x00, 0x00, 0x0c, 0x0d, 0x01,
    0x00, 0x00, 0x79, 0x00, 0x01, 0x79, 0x79, 0x5b, 0x0d, 0x00, 0x79, 0x79, 0x27, 0x0d, 0x00, 0x79,
    0x79, 0x5e, 0x09, 0x00, 0x79, 0x28, 0x5a, 0x03, 0x00, 0x79, 0x79, 0x78, 0x03, 0x00, 0x79, 0x79,
    0x55, 0x01, 0x00, 0x79, 0x79, 0x0a, 0x00, 0x00, 0x00, 0x1b, 0x51, 0x00, 0x01, 0x79, 0x79, 0x01,
    0x00, 0x00, 0x79, 0x79, 0x27, 0x09, 0x00, 0x00, 0x00, 0x1b, 0x09, 0x01, 0x00, 0x00, 0x03, 0x09,
    0x01, 0x00, 0x51, 0x51, 0x00, 0x01, 0x00, 0x00, 0x75, 0x0d, 0x01, 0x00, 0x00, 0x09, 0x03, 0x01,
    0x00, 0x00, 0x1e, 0x04, 0x01, 0x79, 0x79, 0x5d, 0x09, 0x00, 0x79, 0x79, 0x0d, 0x09, 0x00, 0x79,
    0x28, 0x5b, 0x04, 0x00, 0x00, 0x51, 0x03, 0x04, 0x01, 0x00, 0x00, 0x01, 0x0d, 0x01, 0x00, 0x09,
    0x03, 0x01, 0x01, 0x00, 0x00, 0x1c, 0x01, 0x01, 0x79, 0x79, 0x5e, 0x0a, 0x00, 0x00, 0x00, 0x1b,
    0x03, 0x01, 0x00, 0x00, 0x1b, 0x0c, 0x01, 0x00, 0x00, 0x00, 0x0a, 0x01, 0x79, 0x28, 0x55, 0x0c,
    0x00, 0x79, 0x55, 0x75, 0x03, 0x00, 0x00, 0x51, 0x1b, 0x04, 0x01, 0x79, 0x5e, 0x70, 0x0a, 0x00,
    0x79, 0x28, 0x78, 0x00, 0x00, 0x79, 0x79, 0x52, 0x04, 0x00, 0x00, 0x00, 0x52, 0x04, 0x01, 0x00,
    0x51, 0x01, 0x0c, 0x01, 0x79, 0x79, 0x6f, 0x04, 0x00, 0x79, 0x28, 0x1e, 0x0d, 0x00, 0x00, 0x00,
    0x76, 0x0d, 0x01, 0x79, 0x79, 0x55, 0x04, 0x00, 0x00, 0x51, 0x51, 0x0c, 0x01, 0x79, 0x79, 0x28,
    0x09, 0x00, 0x79, 0x79, 0x79, 0x01, 0x00, 0x79, 0x79, 0x1c, 0x09, 0x00, 0x00, 0x00, 0x09, 0x01,
    0x01, 0x00, 0x00, 0x6d, 0x00, 0x01, 0x79, 0x79, 0x52, 0x04, 0x00, 0x00, 0x51, 0x5d, 0x0d, 0x01,
    0x00, 0x00, 0x1b, 0x09, 0x01, 0x79, 0x79, 0x28, 0x01, 0x00, 0x00, 0x00, 0x5a, 0x01, 0x01, 0x79,
    0x79, 0x76, 0x0a, 0x00, 0x79, 0x79, 0x1b, 0x01, 0x00, 0x79, 0x79, 0x5e, 0x03, 0x00, 0x00, 0x00,
    0x51, 0x0c, 0x01, 0x79, 0x79, 0x25, 0x0a, 0x00, 0x79, 0x28, 0x1f, 0x09, 0x00, 0x79, 0x5e, 0x0d,
    0x04, 0x00, 0x79, 0x28, 0x27, 0x00, 0x00, 0x00, 0x1b, 0x6c, 0x09, 0x01, 0x79, 0x1f, 0x1f, 0x03,
    0x00, 0x00, 0x51, 0x75, 0x0a, 0x01, 0x00, 0x51, 0x6f, 0x0c, 0x01, 0x00, 0x1b, 0x70, 0x01, 0x01,
    0x79, 0x28, 0x5a, 0x0d, 0x00, 0x79, 0x79, 0x70, 0x09, 0x00, 0x00, 0x00, 0x6c, 0x0c, 0x01, 0x00,
    0x00, 0x5b, 0x0a, 0x01, 0x00, 0x51, 0x24, 0x03, 0x01, 0x79, 0x79, 0x1c, 0x03, 0x00, 0x79, 0x28,
    0x04, 0x09, 0x00, 0x00, 0x51, 0x6c, 0x0d, 0x01, 0x79, 0x28, 0x00, 0x00, 0x00, 0x00, 0x51, 0x5a,
    0x00, 0x01, 0x00, 0x00, 0x28, 0x0c, 0x01, 0x00, 0x00, 0x1b, 0x0a, 0x01, 0x79, 0x04, 0x6d, 0x03,
    0x00, 0x79, 0x70, 0x5a, 0x03, 0x00, 0x79, 0x5e, 0x5a, 0x04, 0x00, 0x00, 0x1b, 0x79, 0x09, 0x01,
    0x79, 0x79, 0x03, 0x0a, 0x00, 0x79, 0x79, 0x1f, 0x0a, 0x00, 0x79, 0x5e, 0x1f, 0x04, 0x00, 0x00,
    0x1b, 0x52, 0x0a, 0x01, 0x79, 0x28, 0x1c, 0x04, 0x00, 0x00, 0x75, 0x51, 0x04, 0x01, 0x79, 0x79,
    0x28, 0x00, 0x00, 0x79, 0x79, 0x04, 0x0a, 0x00, 0x00, 0x00, 0x04, 0x0a, 0x01, 0x00, 0x00, 0x04,
    0x0d, 0x01, 0x79, 0x79, 0x5d, 0x0a, 0x00, 0x00, 0x00, 0x51, 0x04, 0x01, 0x00, 0x1b, 0x6f, 0x0c,
    0x01, 0x00, 0x00, 0x5b, 0x09, 0x01, 0x79, 0x79, 0x28, 0x0d, 0x00, 0x79, 0x79, 0x55, 0x04, 0x00,
    0x79, 0x28, 0x04, 0x0d, 0x00, 0x79, 0x79, 0x1c, 0x0d, 0x00, 0x79, 0x79, 0x1e, 0x03, 0x00, 0x00,
    0x51, 0x52, 0x01, 0x01, 0x00, 0x1b, 0x6d, 0x0a, 0x01, 0x79, 0x5e, 0x09, 0x04, 0x00, 0x79, 0x79,
    0x24, 0x0a, 0x00, 0x79, 0x5e, 0x09, 0x0d, 0x00, 0x00, 0x75, 0x00, 0x00, 0x01, 0x00, 0x51, 0x04,
    0x03, 0x01, 0x00, 0x00, 0x0d, 0x0c, 0x01, 0x00, 0x1b, 0x03, 0x0c, 0x01, 0x79, 0x79, 0x70, 0x04,
    0x00, 0x00, 0x75, 0x5a, 0x00, 0x01, 0x79, 0x79, 0x24, 0x01, 0x00, 0x79, 0x79, 0x24, 0x0d, 0x00,
    0x00, 0x51, 0x75, 0x04, 0x01, 0x79, 0x5e, 0x03, 0x0d, 0x00, 0x00, 0x00, 0x0a, 0x04, 0x01, 0x79,
    0x79, 0x0a, 0x03, 0x00, 0x00, 0x1b, 0x75, 0x0c, 0x01, 0x00, 0x51, 0x00, 0x03, 0x01, 0x79, 0x5e,
    0x5a, 0x0d, 0x00, 0x00, 0x00, 0x75, 0x0d, 0x01, 0x00, 0x00, 0x55, 0x03, 0x01, 0x00, 0x00, 0x1e,
    0x0c, 0x01, 0x79, 0x79, 0x1c, 0x00, 0x00, 0x00, 0x00, 0x09, 0x0c, 0x01, 0x79, 0x79, 0x27, 0x01,
    0x00, 0x00, 0x51, 0x04, 0x0a, 0x01, 0x79, 0x28, 0x5e, 0x0d, 0x00, 0x00, 0x6c, 0x1f, 0x01, 0x01,
    0x79, 0x79, 0x54, 0x04, 0x00, 0x79, 0x5e, 0x79, 0x0d, 0x00, 0x00, 0x00, 0x5d, 0x0a, 0x01, 0x00,
    0x51, 0x76, 0x01, 0x01, 0x79, 0x79, 0x6d, 0x04, 0x00, 0x00, 0x00, 0x09, 0x01, 0x01, 0x00, 0x00,
    0x75, 0x03, 0x01, 0x00, 0x51, 0x03, 0x01, 0x01, 0x79, 0x79, 0x5e, 0x01, 0x00, 0x00, 0x00, 0x6f,
    0x00, 0x01, 0x79, 0x79, 0x51, 0x0a, 0x00, 0x79, 0x79, 0x70, 0x04, 0x00, 0x00, 0x00, 0x1b, 0x00,
    0x01, 0x00, 0x00, 0x76, 0x03, 0x01, 0x00, 0x00, 0x55, 0x00, 0x01, 0x00, 0x00, 0x09, 0x01, 0x01,
    0x79, 0x79, 0x79, 0x00, 0x00, 0x00, 0x51, 0x28, 0x03, 0x01, 0x00, 0x00, 0x54, 0x00, 0x01, 0x00,
    0x00, 0x5a, 0x03, 0x01, 0x00, 0x1b, 0x5b, 0x0c, 0x01, 0x79, 0x28, 0x70, 0x0c, 0x00, 0x79, 0x5e,
    0x0a, 0x04, 0x00, 0x00, 0x00, 0x27, 0x00, 0x01, 0x00, 0x51, 0x00, 0x0d, 0x01, 0x00, 0x00, 0x00,
    0x01, 0x01, 0x00, 0x51, 0x0c, 0x0c, 0x01, 0x00, 0x00, 0x1b, 0x0c, 0x01, 0x79, 0x79, 0x5a, 0x0a,
    0x00, 0x79, 0x28, 0x70, 0x09, 0x00, 0x00, 0x00, 0x03, 0x03, 0x01, 0x79, 0x79, 0x5e, 0x0c, 0x00,
    0x00, 0x51, 0x75, 0x04, 0x01, 0x00, 0x51, 0x6c, 0x03, 0x01, 0x79, 0x79, 0x76, 0x04, 0x00, 0x79,
    0x79, 0x28, 0x0d, 0x00, 0x79, 0x79, 0x5a, 0x0c, 0x00, 0x00, 0x00, 0x01, 0x03, 0x01, 0x00, 0x00,
    0x24, 0x01, 0x01, 0x79, 0x79, 0x04, 0x0c, 0x00, 0x79, 0x28, 0x1e, 0x01, 0x00, 0x00, 0x00, 0x03,
    0x00, 0x01, 0x79, 0x79, 0x04, 0x00, 0x00, 0x79, 0x79, 0x24, 0x0a, 0x00, 0x79, 0x79, 0x6f, 0x04,
    0x00, 0x00, 0x51, 0x70, 0x0a, 0x01, 0x79, 0x79, 0x01, 0x0a, 0x00, 0x79, 0x79, 0x52, 0x03, 0x00,
    0x79, 0x79, 0x79, 0x0a, 0x00, 0x00, 0x00, 0x76, 0x0d, 0x01, 0x00, 0x00, 0x1c, 0x0a, 0x01, 0x00,
    0x00, 0x5e, 0x09, 0x01, 0x79, 0x5e, 0x09, 0x00, 0x00, 0x79, 0x79, 0x70, 0x0c, 0x00, 0x79, 0x79,
    0x1f, 0x03, 0x00, 0x79, 0x28, 0x28, 0x00, 0x00, 0x00, 0x51, 0x04, 0x00, 0x01, 0x00, 0x00, 0x01,
    0x0c, 0x01, 0x00, 0x00, 0x0d, 0x00, 0x01, 0x00, 0x00, 0x1b, 0x0c, 0x01, 0x79, 0x79, 0x6c, 0x0c,
    0x00, 0x00, 0x00, 0x51, 0x0c, 0x01, 0x79, 0x28, 0x0c, 0x0d, 0x00, 0x00, 0x00, 0x01, 0x09, 0x01,
    0x00, 0x00, 0x1e, 0x0a, 0x01, 0x79, 0x79, 0x0a, 0x0d, 0x00, 0x79, 0x79, 0x28, 0x0a, 0x00, 0x79,
    0x28, 0x70, 0x0a, 0x00, 0x00, 0x00, 0x01, 0x00, 0x01, 0x79, 0x28, 0x79, 0x09, 0x00, 0x00, 0x1b,
    0x5e, 0x04, 0x01, 0x00, 0x00, 0x5b, 0x01, 0x01, 0x79, 0x5e, 0x0a, 0x01, 0x00, 0x79, 0x79, 0x1e,
    0x0a, 0x00, 0x00, 0x00, 0x0c, 0x00, 0x01, 0x00, 0x51, 0x75, 0x0d, 0x01, 0x79, 0x79, 0x76, 0x01,
    0x00, 0x00, 0x00, 0x24, 0x09, 0x01, 0x79, 0x79, 0x55, 0x0c, 0x00, 0x00, 0x00, 0x1b, 0x00, 0x01,
    0x00, 0x00, 0x00, 0x03, 0x01, 0x00, 0x00, 0x5a, 0x01, 0x01, 0x00, 0x00, 0x76, 0x04, 0x01, 0x79,
    0x79, 0x1c, 0x0c, 0x00, 0x00, 0x00, 0x5d, 0x00, 0x01, 0x00, 0x00, 0x27, 0x0a, 0x01, 0x00, 0x00,
    0x54, 0x09, 0x01, 0x79, 0x79, 0x1c, 0x0d, 0x00, 0x79, 0x79, 0x76, 0x00, 0x00, 0x79, 0x79, 0x70,
    0x04, 0x00, 0x00, 0x00, 0x0c, 0x0c, 0x01, 0x79, 0x79, 0x0d, 0x00, 0x00, 0x79, 0x79, 0x1b, 0x09,
    0x00, 0x00, 0x00, 0x0c, 0x0d, 0x01, 0x00, 0x00, 0x28, 0x01, 0x01, 0x79, 0x79, 0x0c, 0x0d, 0x00,
    0x00, 0x00, 0x5b, 0x09, 0x01, 0x79, 0x79, 0x5d, 0x0a, 0x00, 0x79, 0x79, 0x0a, 0x01, 0x00, 0x79,
    0x79, 0x55, 0x00, 0x00, 0x00, 0x00, 0x0a, 0x09, 0x01, 0x00, 0x00, 0x5a, 0x00, 0x01, 0x79, 0x79,
    0x25, 0x04, 0x00, 0x00, 0x00, 0x25, 0x0c, 0x01, 0x79, 0x79, 0x6f, 0x0c, 0x00, 0x79, 0x79, 0x79,
    0x01, 0x00, 0x79, 0x79, 0x0a, 0x00, 0x00, 0x00, 0x00, 0x24, 0x0a, 0x01, 0x00, 0x00, 0x5a, 0x04,
    0x01, 0x00, 0x00, 0x03, 0x0c, 0x01, 0x00, 0x00, 0x6c, 0x09, 0x01, 0x00, 0x51, 0x09, 0x01, 0x01,
    0x00, 0x00, 0x04, 0x04, 0x01, 0x00, 0x51, 0x00, 0x0a, 0x01, 0x00, 0x51, 0x03, 0x01, 0x01, 0x79,
    0x28, 0x0d, 0x09, 0x00, 0x79, 0x79, 0x27, 0x04, 0x00, 0x79, 0x79, 0x6d, 0x00, 0x00, 0x79, 0x79,
    0x75, 0x0c, 0x00, 0x79, 0x79, 0x75, 0x09, 0x00, 0x79, 0x79, 0x79, 0x00, 0x00, 0x00, 0x00, 0x0c,
    0x00, 0x01, 0x79, 0x79, 0x1b, 0x0d, 0x00, 0x79, 0x79, 0x1f, 0x09, 0x00, 0x00, 0x00, 0x25, 0x0d,
    0x01, 0x00, 0x1b, 0x6c, 0x09, 0x01, 0x00, 0x51, 0x1b, 0x0a, 0x01, 0x00, 0x51, 0x0c, 0x0a, 0x01,
    0x79, 0x79, 0x09, 0x01, 0x00, 0x79, 0x79, 0x28, 0x03, 0x00, 0x00, 0x00, 0x6c, 0x00, 0x01, 0x79,
    0x79, 0x03, 0x0c, 0x00, 0x79, 0x79, 0x70, 0x04, 0x00, 0x79, 0x5e, 0x75, 0x0c, 0x00, 0x00, 0x00,
    0x5a, 0x03, 0x01, 0x79, 0x79, 0x6d, 0x0c, 0x00, 0x79, 0x79, 0x70, 0x04, 0x00, 0x00, 0x00, 0x5b,
    0x03, 0x01, 0x00, 0x00, 0x00, 0x0a, 0x01, 0x79, 0x79, 0x5b, 0x0a, 0x00, 0x79, 0x79, 0x1f, 0x03,
    0x00, 0x79, 0x5e, 0x5a, 0x04, 0x00, 0x00, 0x6c, 0x51, 0x09, 0x01, 0x00, 0x00, 0x1b, 0x01, 0x01,
    0x79, 0x79, 0x27, 0x0d, 0x00, 0x79, 0x79, 0x09, 0x0c, 0x00, 0x00, 0x51, 0x79, 0x00, 0x01, 0x79,
    0x79, 0x6f, 0x00, 0x00, 0x79, 0x28, 0x03, 0x09, 0x00, 0x79, 0x79, 0x5e, 0x04, 0x00, 0x00, 0x00,
    0x09, 0x03, 0x01, 0x00, 0x00, 0x0d, 0x04, 0x01, 0x79, 0x79, 0x0c, 0x0c, 0x00, 0x79, 0x79, 0x52,
    0x03, 0x00, 0x00, 0x00, 0x6f, 0x03, 0x01, 0x79, 0x28, 0x55, 0x03, 0x00, 0x00, 0x00, 0x24, 0x03,
    0x01, 0x79, 0x79, 0x1f, 0x0d, 0x00, 0x00, 0x51, 0x09, 0x00, 0x01, 0x79, 0x28, 0x5a, 0x0c, 0x00,
    0x79, 0x79, 0x0c, 0x04, 0x00, 0x79, 0x79, 0x76, 0x04, 0x00, 0x00, 0x00, 0x27, 0x01, 0x01, 0x79,
    0x79, 0x03, 0x0d, 0x00, 0x00, 0x51, 0x01, 0x03, 0x01, 0x79, 0x0d, 0x52, 0x04, 0x00, 0x00, 0x00,
    0x6c, 0x04, 0x01, 0x00, 0x00, 0x01, 0x00, 0x01, 0x00, 0x00, 0x5b, 0x0c, 0x01, 0x79, 0x28, 0x51,
    0x00, 0x00, 0x79, 0x28, 0x0a, 0x09, 0x00, 0x00, 0x1b, 0x51, 0x09, 0x01, 0x79, 0x79, 0x78, 0x00,
    0x00, 0x79, 0x79, 0x1e, 0x0a, 0x00, 0x00, 0x00, 0x03, 0x01, 0x01, 0x79, 0x28, 0x70, 0x0d, 0x00,
    0x00, 0x51, 0x54, 0x00, 0x01, 0x00, 0x00, 0x76, 0x0a, 0x01, 0x00, 0x51, 0x6c, 0x04, 0x01, 0x00,
    0x00, 0x76, 0x01, 0x01, 0x00, 0x51, 0x00, 0x00, 0x01, 0x00, 0x51, 0x27, 0x0d, 0x01, 0x00, 0x00,
    0x03, 0x03, 0x01, 0x00, 0x1b, 0x52, 0x09, 0x01, 0x79, 0x79, 0x0a, 0x0c, 0x00, 0x00, 0x00, 0x1f,
    0x0a, 0x01, 0x79, 0x28, 0x52, 0x0d, 0x00, 0x79, 0x79, 0x6d, 0x01, 0x00, 0x00, 0x51, 0x01, 0x01,
    0x01, 0x00, 0x51, 0x27, 0x01, 0x01, 0x00, 0x1b, 0x1e, 0x04, 0x01, 0x00, 0x1b, 0x0a, 0x0c, 0x01,
    0x79, 0x28, 0x0d, 0x0a, 0x00, 0x00, 0x51, 0x6d, 0x09, 0x01, 0x00, 0x00, 0x52, 0x09, 0x01, 0x79,
    0x5e, 0x0d, 0x01, 0x00, 0x00, 0x51, 0x24, 0x03, 0x01, 0x79, 0x28, 0x1f, 0x01, 0x00, 0x79, 0x28,
    0x70, 0x01, 0x00, 0x00, 0x00, 0x03, 0x09, 0x01, 0x00, 0x00, 0x75, 0x0a, 0x01, 0x79, 0x79, 0x00,
    0x03, 0x00, 0x79, 0x79, 0x0a, 0x03, 0x00, 0x00, 0x00, 0x0a, 0x03, 0x01, 0x00, 0x1b, 0x09, 0x04,
    0x01, 0x00, 0x00, 0x52, 0x0c, 0x01, 0x79, 0x79, 0x75, 0x09, 0x00, 0x00, 0x00, 0x0c, 0x03, 0x01,
    0x00, 0x1b, 0x24, 0x01, 0x01, 0x79, 0x79, 0x6d, 0x09, 0x00, 0x79, 0x79, 0x1b, 0x00, 0x00, 0x79,
    0x28, 0x1e, 0x09, 0x00, 0x00, 0x09, 0x03, 0x00, 0x01, 0x79, 0x5e, 0x0d, 0x0d, 0x00, 0x79, 0x5e,
    0x25, 0x09, 0x00, 0x00, 0x00, 0x0a, 0x00, 0x01, 0x00, 0x51, 0x51, 0x01, 0x01, 0x00, 0x00, 0x78,
    0x0c, 0x01, 0x00, 0x00, 0x78, 0x01, 0x01, 0x00, 0x00, 0x1c, 0x00, 0x01, 0x79, 0x79, 0x0c, 0x09,
    0x00, 0x79, 0x79, 0x0a, 0x0d, 0x00, 0x79, 0x79, 0x52, 0x04, 0x00, 0x79, 0x79, 0x1c, 0x04, 0x00,
    0x00, 0x00, 0x1b, 0x0a, 0x01, 0x79, 0x28, 0x04, 0x09, 0x00, 0x00, 0x00, 0x24, 0x0d, 0x01, 0x79,
    0x79, 0x00, 0x0c, 0x00, 0x00, 0x00, 0x6c, 0x0a, 0x01, 0x00, 0x00, 0x51, 0x04, 0x01, 0x79, 0x28,
    0x76, 0x03, 0x00, 0x00, 0x00, 0x75, 0x0d, 0x01, 0x00, 0x00, 0x5e, 0x0c, 0x01, 0x79, 0x79, 0x6d,
    0x04, 0x00, 0x79, 0x79, 0x28, 0x01, 0x00, 0x79, 0x79, 0x0c, 0x01, 0x00, 0x79, 0x5e, 0x00, 0x04,
    0x00, 0x79, 0x79, 0x0c, 0x00, 0x00, 0x79, 0x79, 0x1b, 0x0c, 0x00, 0x00, 0x00, 0x03, 0x00, 0x01,
    0x00, 0x00, 0x5e, 0x04, 0x01, 0x79, 0x28, 0x78, 0x04, 0x00, 0x79, 0x79, 0x5e, 0x01, 0x00, 0x00,
    0x00, 0x70, 0x0d, 0x01, 0x00, 0x00, 0x70, 0x0c, 0x01, 0x00, 0x51, 0x6f, 0x00, 0x01, 0x79, 0x28,
    0x28, 0x09, 0x00, 0x00, 0x00, 0x1f, 0x01, 0x01, 0x79, 0x79, 0x5a, 0x09, 0x00, 0x00, 0x00, 0x1e,
    0x0d, 0x01, 0x00, 0x00, 0x1e, 0x0d, 0x01, 0x79, 0x79, 0x5e, 0x0d, 0x00, 0x79, 0x79, 0x28, 0x01,
    0x00, 0x00, 0x00, 0x1c, 0x09, 0x01, 0x79, 0x79, 0x09, 0x04, 0x00, 0x79, 0x79, 0x5e, 0x09, 0x00,
    0x00, 0x00, 0x24, 0x00, 0x01, 0x00, 0x00, 0x00, 0x0d, 0x01, 0x00, 0x00, 0x6c, 0x0c, 0x01, 0x00,
    0x00, 0x09, 0x0a, 0x01, 0x79, 0x79, 0x5e, 0x09, 0x00, 0x00, 0x00, 0x03, 0x0c, 0x01, 0x79, 0x79,
    0x78, 0x09, 0x00, 0x00, 0x00, 0x5a, 0x01, 0x01, 0x79, 0x79, 0x28, 0x01, 0x00, 0x79, 0x79, 0x25,
    0x00, 0x00, 0x00, 0x00, 0x01, 0x01, 0x01, 0x79, 0x79, 0x1f, 0x0c, 0x00, 0x79, 0x79, 0x79, 0x09,
    0x00, 0x00, 0x00, 0x0c, 0x03, 0x01, 0x00, 0x00, 0x51, 0x03, 0x01, 0x00, 0x00, 0x51, 0x09, 0x01,
    0x00, 0x00, 0x51, 0x0c, 0x01, 0x79, 0x79, 0x0c, 0x03, 0x00, 0x79, 0x79, 0x28, 0x04, 0x00, 0x79,
    0x79, 0x04, 0x0c, 0x00, 0x00, 0x00, 0x51, 0x04, 0x01, 0x00, 0x00, 0x27, 0x0d, 0x01, 0x79, 0x79,
    0x5b, 0x04, 0x00, 0x79, 0x79, 0x70, 0x0a, 0x00, 0x79, 0x79, 0x0c, 0x0a, 0x00, 0x00, 0x00, 0x52,
    0x0a, 0x01, 0x00, 0x00, 0x1e, 0x0a, 0x01, 0x00, 0x00, 0x6d, 0x0a, 0x01, 0x00, 0x1b, 0x6c, 0x0c,
    0x01, 0x00, 0x00, 0x0a, 0x09, 0x01, 0x79, 0x79, 0x0d, 0x0a, 0x00, 0x79, 0x79, 0x55, 0x0d, 0x00,
    0x00, 0x00, 0x75, 0x04, 0x01, 0x79, 0x28, 0x75, 0x09, 0x00, 0x00, 0x00, 0x54, 0x03, 0x01, 0x00,
    0x00, 0x78, 0x0d, 0x01, 0x00, 0x1b, 0x6c, 0x0d, 0x01, 0x00, 0x00, 0x1b, 0x0a, 0x01, 0x79, 0x79,
    0x0d, 0x0d, 0x00, 0x79, 0x28, 0x01, 0x0c, 0x00, 0x00, 0x00, 0x04, 0x01, 0x01, 0x00, 0x51, 0x6f,
    0x03, 0x01, 0x00, 0x00, 0x6c, 0x00, 0x01, 0x79, 0x28, 0x79, 0x01, 0x00, 0x79, 0x79, 0x55, 0x0d,
    0x00, 0x79, 0x28, 0x55, 0x0d, 0x00, 0x00, 0x51, 0x6c, 0x04, 0x01, 0x79, 0x79, 0x55, 0x0d, 0x00,
    0x79, 0x79, 0x6f, 0x0a, 0x00, 0x79, 0x79, 0x03, 0x0d, 0x00, 0x79, 0x79, 0x5e, 0x03, 0x00, 0x79,
    0x28, 0x70, 0x09, 0x00, 0x00, 0x00, 0x76, 0x04, 0x01, 0x79, 0x28, 0x04, 0x04, 0x00, 0x00, 0x00,
    0x03, 0x04, 0x01, 0x79, 0x28, 0x04, 0x01, 0x00, 0x79, 0x79, 0x70, 0x04, 0x00, 0x00, 0x00, 0x1e,
    0x03, 0x01, 0x00, 0x00, 0x09, 0x00, 0x01, 0x79, 0x79, 0x1e, 0x04, 0x00, 0x00, 0x51, 0x6c, 0x00,
    0x01, 0x79, 0x79, 0x5d, 0x01, 0x00, 0x00, 0x00, 0x28, 0x01, 0x01, 0x00, 0x00, 0x09, 0x0a, 0x01,
    0x79, 0x5e, 0x5b, 0x0a, 0x00, 0x00, 0x00, 0x75, 0x0a, 0x01, 0x00, 0x00, 0x52, 0x00, 0x01, 0x00,
    0x00, 0x27, 0x0a, 0x01, 0x00, 0x00, 0x04, 0x00, 0x01, 0x00, 0x00, 0x6f, 0x09, 0x01, 0x00, 0x00,
    0x76, 0x09, 0x01, 0x79, 0x79, 0x09, 0x09, 0x00, 0x00, 0x00, 0x1f, 0x00, 0x01, 0x00, 0x51, 0x5d,
    0x0c, 0x01, 0x79, 0x79, 0x25, 0x0c, 0x00, 0x00, 0x00, 0x04, 0x09, 0x01, 0x00, 0x00, 0x1e, 0x04,
    0x01, 0x79, 0x5e, 0x5d, 0x0a, 0x00, 0x79, 0x79, 0x1c, 0x01, 0x00, 0x00, 0x00, 0x5b, 0x0c, 0x01,
    0x00, 0x1b, 0x5a, 0x00, 0x01, 0x00, 0x00, 0x6d, 0x0a, 0x01, 0x79, 0x28, 0x52, 0x00, 0x00, 0x79,
    0x79, 0x27, 0x0c, 0x00, 0x00, 0x51, 0x00, 0x0c, 0x01, 0x00, 0x00, 0x6c, 0x0c, 0x01, 0x00, 0x00,
    0x00, 0x04, 0x01, 0x00, 0x00, 0x1b, 0x09, 0x01, 0x79, 0x79, 0x0c, 0x09, 0x00, 0x79, 0x79, 0x1e,
    0x0d, 0x00, 0x79, 0x79, 0x1b, 0x01, 0x00, 0x00, 0x00, 0x25, 0x03, 0x01, 0x00, 0x00, 0x0d, 0x00,
    0x01, 0x00, 0x00, 0x75, 0x04, 0x01, 0x79, 0x79, 0x01, 0x03, 0x00, 0x79, 0x79, 0x04, 0x01, 0x00,
    0x00, 0x00, 0x5d, 0x0a, 0x01, 0x00, 0x00, 0x52, 0x09, 0x01, 0x00, 0x00, 0x6d, 0x04, 0x01, 0x00,
    0x51, 0x1b, 0x09, 0x01, 0x79, 0x79, 0x5d, 0x0a, 0x00, 0x79, 0x28, 0x0d, 0x01, 0x00, 0x00, 0x00,
    0x5b, 0x0c, 0x01, 0x00, 0x51, 0x1e, 0x03, 0x01, 0x79, 0x79, 0x51, 0x0d, 0x00, 0x00, 0x51, 0x27,
    0x00, 0x01, 0x00, 0x03, 0x0a, 0x04, 0x01, 0x79, 0x70, 0x28, 0x0a, 0x00, 0x00, 0x00, 0x0c, 0x0d,
    0x01, 0x00, 0x1b, 0x24, 0x01, 0x01, 0x79, 0x79, 0x5d, 0x01, 0x00, 0x79, 0x28, 0x04, 0x0c, 0x00,
    0x00, 0x51, 0x1b, 0x09, 0x01, 0x00, 0x00, 0x6c, 0x00, 0x01, 0x79, 0x79, 0x27, 0x0a, 0x00, 0x00,
    0x00, 0x54, 0x0c, 0x01, 0x79, 0x79, 0x04, 0x00, 0x00, 0x00, 0x00, 0x1c, 0x0c, 0x01, 0x79, 0x79,
    0x79, 0x0a, 0x00, 0x00, 0x00, 0x00, 0x0c, 0x01, 0x79, 0x79, 0x03, 0x00, 0x00, 0x00, 0x00, 0x24,
    0x00, 0x01, 0x79, 0x79, 0x76, 0x0c, 0x00, 0x79, 0x79, 0x5d, 0x09, 0x00, 0x79, 0x79, 0x76, 0x0c,
    0x00, 0x00, 0x51, 0x04, 0x00, 0x01, 0x00, 0x00, 0x0a, 0x00, 0x01, 0x00, 0x09, 0x1f, 0x0c, 0x01,
    0x00, 0x09, 0x75, 0x00, 0x01, 0x79, 0x28, 0x1f, 0x09, 0x00, 0x79, 0x79, 0x52, 0x03, 0x00, 0x00,
    0x00, 0x76, 0x0d, 0x01, 0x00, 0x6f, 0x25, 0x04, 0x01, 0x79, 0x28, 0x6c, 0x0a, 0x00, 0x00, 0x00,
    0x00, 0x03, 0x01, 0x79, 0x28, 0x6f, 0x0a, 0x00, 0x00, 0x51, 0x78, 0x09, 0x01, 0x00, 0x1b, 0x04,
    0x09, 0x01, 0x00, 0x00, 0x1f, 0x09, 0x01, 0x00, 0x00, 0x09, 0x01, 0x01, 0x00, 0x6c, 0x5b, 0x04,
    0x01, 0x79, 0x79, 0x5a, 0x01, 0x00, 0x79, 0x79, 0x01, 0x0d, 0x00, 0x00, 0x51, 0x25, 0x04, 0x01,
    0x00, 0x51, 0x79, 0x09, 0x01, 0x79, 0x28, 0x6c, 0x03, 0x00, 0x79, 0x79, 0x6f, 0x04, 0x00, 0x00,
    0x00, 0x75, 0x00, 0x01, 0x00, 0x00, 0x5d, 0x0d, 0x01, 0x79, 0x79, 0x78, 0x0a, 0x00, 0x79, 0x0d,
    0x03, 0x0a, 0x00, 0x00, 0x51, 0x5e, 0x03, 0x01, 0x00, 0x00, 0x28, 0x0d, 0x01, 0x00, 0x00, 0x24,
    0x04, 0x01, 0x00, 0x51, 0x6d, 0x0d, 0x01, 0x79, 0x28, 0x03, 0x0c, 0x00, 0x79, 0x79, 0x1f, 0x01,
    0x00, 0x79, 0x79, 0x79, 0x01, 0x00, 0x79, 0x79, 0x5b, 0x00, 0x00, 0x79, 0x79, 0x52, 0x00, 0x00,
    0x00, 0x00, 0x5e, 0x0a, 0x01, 0x79, 0x79, 0x1f, 0x0c, 0x00, 0x00, 0x00, 0x5b, 0x04, 0x01, 0x79,
    0x79, 0x01, 0x00, 0x00, 0x00, 0x00, 0x5a, 0x01, 0x01, 0x00, 0x00, 0x6d, 0x04, 0x01, 0x79, 0x79,
    0x52, 0x01, 0x00, 0x00, 0x00, 0x04, 0x04, 0x01, 0x00, 0x00, 0x0d, 0x0a, 0x01, 0x79, 0x79, 0x5b,
    0x04, 0x00, 0x79, 0x28, 0x28, 0x0a, 0x00, 0x79, 0x79, 0x00, 0x04, 0x00, 0x79, 0x79, 0x04, 0x01,
    0x00, 0x79, 0x79, 0x1c, 0x09, 0x00, 0x79, 0x28, 0x70, 0x0d, 0x00, 0x00, 0x00, 0x6f, 0x0c, 0x01,
    0x00, 0x51, 0x6c, 0x0d, 0x01, 0x00, 0x00, 0x6c, 0x03, 0x01, 0x00, 0x00, 0x5a, 0x0d, 0x01, 0x79,
    0x5e, 0x28, 0x00, 0x00, 0x00, 0x51, 0x55, 0x04, 0x01, 0x79, 0x79, 0x6d, 0x01, 0x00, 0x00, 0x00,
    0x09, 0x0c, 0x01, 0x79, 0x79, 0x6d, 0x00, 0x00, 0x00, 0x00, 0x5e, 0x0a, 0x01, 0x00, 0x00, 0x03,
    0x0c, 0x01, 0x00, 0x00, 0x01, 0x04, 0x01, 0x00, 0x00, 0x78, 0x0a, 0x01, 0x79, 0x79, 0x52, 0x09,
    0x00, 0x00, 0x00, 0x01, 0x09, 0x01, 0x00, 0x00, 0x5d, 0x04, 0x01, 0x79, 0x79, 0x6d, 0x09, 0x00,
    0x79, 0x79, 0x0c, 0x0c, 0x00, 0x00, 0x00, 0x51, 0x09, 0x01, 0x00, 0x51, 0x03, 0x01, 0x01, 0x00,
    0x51, 0x5d, 0x00, 0x01, 0x00, 0x00, 0x25, 0x03, 0x01, 0x00, 0x00, 0x6d, 0x0a, 0x01, 0x79, 0x79,
    0x0a, 0x09, 0x00, 0x79, 0x79, 0x27, 0x00, 0x00, 0x00, 0x00, 0x5b, 0x01, 0x01, 0x00, 0x51, 0x09,
    0x0a, 0x01, 0x79, 0x79, 0x0d, 0x00, 0x00, 0x00, 0x00, 0x78, 0x0c, 0x01, 0x79, 0x28, 0x54, 0x0a,
    0x00, 0x79, 0x79, 0x78, 0x0d, 0x00, 0x00, 0x1b, 0x24, 0x0d, 0x01, 0x79, 0x79, 0x0d, 0x04, 0x00,
    0x00, 0x00, 0x5a, 0x00, 0x01, 0x00, 0x1b, 0x09, 0x0c, 0x01, 0x00, 0x09, 0x54, 0x04, 0x01, 0x00,
    0x1b, 0x52, 0x03, 0x01, 0x00, 0x09, 0x09, 0x04, 0x01, 0x79, 0x28, 0x25, 0x0a, 0x00, 0x00, 0x1b,
    0x6f, 0x0a, 0x01, 0x79, 0x79, 0x0c, 0x03, 0x00, 0x79, 0x5e, 0x0a, 0x01, 0x00, 0x79, 0x79, 0x76,
    0x0c, 0x00, 0x79, 0x28, 0x54, 0x03, 0x00, 0x00, 0x51, 0x04, 0x0c, 0x01, 0x79, 0x79, 0x24, 0x09,
    0x00, 0x79, 0x5e, 0x70, 0x00, 0x00, 0x79, 0x1f, 0x79, 0x0d, 0x00, 0x00, 0x51, 0x01, 0x0d, 0x01,
    0x79, 0x28, 0x52, 0x0c, 0x00, 0x79, 0x79, 0x00, 0x0a, 0x00, 0x00, 0x51, 0x09, 0x04, 0x01, 0x00,
    0x00, 0x0d, 0x01, 0x01, 0x79, 0x79, 0x78, 0x01, 0x00, 0x00, 0x00, 0x1b, 0x04, 0x01, 0x79, 0x79,
    0x5a, 0x00, 0x00, 0x79, 0x28, 0x5b, 0x09, 0x00, 0x79, 0x70, 0x1f, 0x04, 0x00, 0x79, 0x79, 0x54,
    0x0c, 0x00, 0x79, 0x70, 0x25, 0x09, 0x00, 0x00, 0x51, 0x54, 0x01, 0x01, 0x79, 0x79, 0x5d, 0x0d,
    0x00, 0x79, 0x28, 0x79, 0x00, 0x00, 0x79, 0x28, 0x70, 0x01, 0x00, 0x79, 0x79, 0x79, 0x04, 0x00,
    0x00, 0x00, 0x00, 0x0c, 0x01, 0x00, 0x00, 0x5e, 0x01, 0x01, 0x00, 0x00, 0x0c, 0x03, 0x01, 0x00,
    0x00, 0x6f, 0x03, 0x01, 0x00, 0x6c, 0x27, 0x01, 0x01, 0x79, 0x76, 0x0d, 0x00, 0x00, 0x00, 0x51,
    0x78, 0x0d, 0x01, 0x00, 0x6c, 0x6c, 0x0a, 0x01, 0x00, 0x00, 0x76, 0x09, 0x01, 0x79, 0x5e, 0x27,
    0x0c, 0x00, 0x79, 0x28, 0x1f, 0x00, 0x00, 0x00, 0x00, 0x00, 0x0c, 0x01, 0x00, 0x09, 0x5d, 0x0d,
    0x01, 0x00, 0x51, 0x1b, 0x03, 0x01, 0x79, 0x79, 0x76, 0x03, 0x00, 0x00, 0x51, 0x0c, 0x0c, 0x01,
    0x79, 0x28, 0x78, 0x0c, 0x00, 0x79, 0x28, 0x5d, 0x09, 0x00, 0x00, 0x00, 0x0a, 0x04, 0x01, 0x00,
    0x00, 0x27, 0x04, 0x01, 0x00, 0x51, 0x51, 0x0a, 0x01, 0x00, 0x51, 0x1c, 0x04, 0x01, 0x79, 0x79,
    0x5b, 0x09, 0x00, 0x00, 0x51, 0x79, 0x0d, 0x01, 0x00, 0x51, 0x5e, 0x0a, 0x01, 0x79, 0x28, 0x24,
    0x0d, 0x00, 0x00, 0x00, 0x09, 0x09, 0x01, 0x79, 0x79, 0x0c, 0x01, 0x00, 0x00, 0x00, 0x1e, 0x0d,
    0x01, 0x00, 0x51, 0x0c, 0x0a, 0x01, 0x00, 0x00, 0x09, 0x0d, 0x01, 0x00, 0x00, 0x04, 0x01, 0x01,
    0x79, 0x79, 0x09, 0x0a, 0x00, 0x00, 0x51, 0x25, 0x0d, 0x01, 0x79, 0x28, 0x0d, 0x04, 0x00, 0x00,
    0x1b, 0x25, 0x01, 0x01, 0x79, 0x5e, 0x1c, 0x00, 0x00, 0x79, 0x5e, 0x5d, 0x0a, 0x00, 0x79, 0x79,
    0x28, 0x0d, 0x00, 0x00, 0x51, 0x51, 0x00, 0x01, 0x79, 0x5e, 0x6c, 0x00, 0x00, 0x00, 0x00, 0x25,
    0x0a, 0x01, 0x79, 0x79, 0x24, 0x04, 0x00, 0x00, 0x51, 0x0c, 0x01, 0x01, 0x00, 0x00, 0x0c, 0x04,
    0x01, 0x79, 0x79, 0x78, 0x03, 0x00, 0x79, 0x79, 0x27, 0x0c, 0x00, 0x00, 0x00, 0x1b, 0x0c, 0x01,
    0x00, 0x51, 0x25, 0x04, 0x01, 0x79, 0x28, 0x1e, 0x0c, 0x00, 0x79, 0x28, 0x0a, 0x0d, 0x00, 0x79,
    0x79, 0x01, 0x00, 0x00, 0x00, 0x51, 0x6d, 0x0d, 0x01, 0x00, 0x51, 0x5e, 0x09, 0x01, 0x00, 0x00,
    0x5d, 0x0d, 0x01, 0x79, 0x28, 0x76, 0x0a, 0x00, 0x00, 0x1b, 0x76, 0x0d, 0x01, 0x00, 0x51, 0x75,
    0x04, 0x01, 0x79, 0x5e, 0x1c, 0x01, 0x00, 0x00, 0x51, 0x70, 0x0a, 0x01, 0x00, 0x6c, 0x03, 0x0c,
    0x01, 0x79, 0x28, 0x00, 0x0d, 0x00, 0x79, 0x5e, 0x25, 0x0c, 0x00, 0x00, 0x1b, 0x24, 0x09, 0x01,
    0x00, 0x1b, 0x1e, 0x04, 0x01, 0x79, 0x79, 0x51, 0x0d, 0x00, 0x00, 0x00, 0x78, 0x0d, 0x01, 0x00,
    0x00, 0x25, 0x01, 0x01, 0x00, 0x00, 0x76, 0x0c, 0x01, 0x79, 0x28, 0x5b, 0x0a, 0x00, 0x79, 0x0d,
    0x27, 0x09, 0x00, 0x79, 0x5e, 0x03, 0x04, 0x00, 0x00, 0x00, 0x5e, 0x09, 0x01, 0x00, 0x51, 0x78,
    0x00, 0x01, 0x79, 0x79, 0x25, 0x00, 0x00, 0x00, 0x51, 0x51, 0x0d, 0x01, 0x79, 0x5e, 0x0c, 0x0c,
    0x00, 0x79, 0x5e, 0x01, 0x0d, 0x00, 0x79, 0x28, 0x5e, 0x00, 0x00, 0x79, 0x28, 0x55, 0x0a, 0x00,
    0x00, 0x00, 0x5a, 0x0d, 0x01, 0x79, 0x28, 0x70, 0x0d, 0x00, 0x00, 0x00, 0x03, 0x00, 0x01, 0x00,
    0x00, 0x6c, 0x04, 0x01, 0x00, 0x51, 0x1b, 0x00, 0x01, 0x00, 0x00, 0x00, 0x0d, 0x01, 0x00, 0x00,
    0x28, 0x09, 0x01, 0x79, 0x79, 0x03, 0x0d, 0x00, 0x00, 0x51, 0x5a, 0x09, 0x01, 0x00, 0x00, 0x0a,
    0x01, 0x01, 0x00, 0x00, 0x78, 0x03, 0x01, 0x79, 0x79, 0x03, 0x01, 0x00, 0x00, 0x00, 0x03, 0x0d,
    0x01, 0x79, 0x79, 0x1f, 0x04, 0x00, 0x79, 0x79, 0x79, 0x0d, 0x00, 0x79, 0x79, 0x04, 0x0c, 0x00,
    0x00, 0x00, 0x52, 0x04, 0x01, 0x00, 0x00, 0x04, 0x01, 0x01, 0x79, 0x79, 0x52, 0x0d, 0x00, 0x79,
    0x79, 0x5b, 0x0c, 0x00, 0x79, 0x79, 0x55, 0x03, 0x00, 0x79, 0x5e, 0x79, 0x00, 0x00, 0x00, 0x51,
    0x01, 0x04, 0x01, 0x79, 0x79, 0x5b, 0x01, 0x00, 0x79, 0x79, 0x6f, 0x03, 0x00, 0x00, 0x00, 0x24,
    0x0c, 0x01, 0x00, 0x00, 0x1c, 0x0a, 0x01, 0x79, 0x28, 0x0d, 0x00, 0x00, 0x79, 0x79, 0x28, 0x03,
    0x00, 0x00, 0x00, 0x1e, 0x0d, 0x01, 0x00, 0x00, 0x5a, 0x0d, 0x01, 0x00, 0x00, 0x0c, 0x04, 0x01,
    0x79, 0x79, 0x79, 0x0d, 0x00, 0x00, 0x00, 0x6c, 0x0a, 0x01, 0x79, 0x79, 0x28, 0x01, 0x00, 0x79,
    0x79, 0x79, 0x00, 0x00, 0x79, 0x79, 0x6d, 0x09, 0x00, 0x79, 0x79, 0x5e, 0x09, 0x00, 0x00, 0x00,
    0x55, 0x0a, 0x01, 0x00, 0x00, 0x78, 0x03, 0x01, 0x79, 0x79, 0x1b, 0x03, 0x00, 0x79, 0x79, 0x0d,
    0x0d, 0x00, 0x79, 0x79, 0x28, 0x04, 0x00, 0x00, 0x00, 0x55, 0x0d, 0x01, 0x00, 0x51, 0x54, 0x01,
    0x01, 0x00, 0x00, 0x24, 0x0c, 0x01, 0x00, 0x00, 0x55, 0x0c, 0x01, 0x79, 0x79, 0x52, 0x0d, 0x00,
    0x79, 0x5e, 0x0d, 0x0a, 0x00, 0x00, 0x51, 0x1e, 0x0d, 0x01, 0x79, 0x79, 0x24, 0x09, 0x00, 0x79,
    0x79, 0x76, 0x0a, 0x00, 0x79, 0x79, 0x0a, 0x04, 0x00, 0x79, 0x5e, 0x79, 0x03, 0x00, 0x79, 0x79,
    0x5a, 0x09, 0x00, 0x00, 0x00, 0x1e, 0x0d, 0x01, 0x79, 0x79, 0x1f, 0x03, 0x00, 0x00, 0x6c, 0x5d,
    0x04, 0x01, 0x00, 0x00, 0x70, 0x01, 0x01, 0x79, 0x79, 0x76, 0x00, 0x00, 0x00, 0x00, 0x0c, 0x03,
    0x01, 0x00, 0x1b, 0x0d, 0x0c, 0x01, 0x00, 0x00, 0x04, 0x03, 0x01, 0x79, 0x28, 0x0a, 0x04, 0x00,
    0x79, 0x28, 0x76, 0x09, 0x00, 0x79, 0x79, 0x1c, 0x00, 0x00, 0x79, 0x28, 0x00, 0x01, 0x00, 0x00,
    0x00, 0x0c, 0x0d, 0x01, 0x00, 0x1b, 0x1c, 0x0a, 0x01, 0x79, 0x79, 0x79, 0x0c, 0x00, 0x79, 0x5e,
    0x79, 0x01, 0x00, 0x79, 0x5e, 0x04, 0x09, 0x00, 0x00, 0x00, 0x5d, 0x04, 0x01, 0x79, 0x5e, 0x1e,
    0x03, 0x00, 0x79, 0x28, 0x27, 0x04, 0x00, 0x00, 0x00, 0x5b, 0x0c, 0x01, 0x00, 0x51, 0x1b, 0x01,
    0x01, 0x00, 0x00, 0x01, 0x04, 0x01, 0x00, 0x00, 0x6c, 0x0d, 0x01, 0x79, 0x79, 0x00, 0x00, 0x00,
    0x00, 0x1b, 0x27, 0x03, 0x01, 0x79, 0x5e, 0x5a, 0x04, 0x00, 0x00, 0x00, 0x25, 0x04, 0x01, 0x79,
    0x5e, 0x27, 0x09, 0x00, 0x00, 0x6c, 0x00, 0x04, 0x01, 0x00, 0x1b, 0x00, 0x04, 0x01, 0x00, 0x00,
    0x52, 0x09, 0x01, 0x00, 0x51, 0x24, 0x03, 0x01, 0x00, 0x00, 0x5d, 0x0a, 0x01, 0x00, 0x1b, 0x5a,
    0x0a, 0x01, 0x00, 0x00, 0x04, 0x0d, 0x01, 0x00, 0x00, 0x52, 0x0c, 0x01, 0x79, 0x70, 0x01, 0x04,
    0x00, 0x00, 0x6c, 0x1c, 0x00, 0x01, 0x79, 0x79, 0x5d, 0x01, 0x00, 0x79, 0x79, 0x6c, 0x09, 0x00,
    0x00, 0x1b, 0x00, 0x04, 0x01, 0x00, 0x1b, 0x1b, 0x0d, 0x01, 0x79, 0x28, 0x75, 0x01, 0x00, 0x00,
    0x51, 0x0a, 0x0a, 0x01, 0x79, 0x28, 0x1f, 0x09, 0x00, 0x00, 0x51, 0x76, 0x01, 0x01, 0x00, 0x00,
    0x5d, 0x04, 0x01, 0x79, 0x28, 0x5d, 0x09, 0x00, 0x79, 0x79, 0x04, 0x0a, 0x00, 0x79, 0x28, 0x27,
    0x0c, 0x00, 0x79, 0x28, 0x09, 0x0c, 0x00, 0x00, 0x51, 0x78, 0x04, 0x01, 0x79, 0x28, 0x0a, 0x09,
    0x00, 0x79, 0x79, 0x6c, 0x0a, 0x00, 0x79, 0x79, 0x76, 0x01, 0x00, 0x00, 0x00, 0x54, 0x09, 0x01,
    0x79, 0x28, 0x01, 0x09, 0x00, 0x00, 0x51, 0x54, 0x01, 0x01, 0x00, 0x00, 0x0a, 0x04, 0x01, 0x79,
    0x5e, 0x1f, 0x0c, 0x00, 0x79, 0x5e, 0x5b, 0x00, 0x00, 0x00, 0x6c, 0x75, 0x00, 0x01, 0x00, 0x51,
    0x5d, 0x03, 0x01, 0x79, 0x0d, 0x5b, 0x03, 0x00, 0x00, 0x51, 0x0a, 0x0c, 0x01, 0x00, 0x00, 0x28,
    0x0d, 0x01, 0x00, 0x00, 0x51, 0x0d, 0x01, 0x79, 0x28, 0x1b, 0x03, 0x00, 0x00, 0x51, 0x6c, 0x09,
    0x01, 0x00, 0x51, 0x01, 0x01, 0x01, 0x00, 0x00, 0x76, 0x0c, 0x01, 0x00, 0x51, 0x24, 0x00, 0x01,
    0x00, 0x00, 0x09, 0x03, 0x01, 0x79, 0x79, 0x78, 0x0c, 0x00, 0x79, 0x28, 0x5a, 0x00, 0x00, 0x79,
    0x5e, 0x70, 0x0a, 0x00, 0x79, 0x28, 0x5b, 0x0d, 0x00, 0x79, 0x79, 0x27, 0x04, 0x00, 0x00, 0x6c,
    0x25, 0x0a, 0x01, 0x00, 0x51, 0x0c, 0x0d, 0x01, 0x79, 0x28, 0x28, 0x01, 0x00, 0x79, 0x79, 0x78,
    0x0c, 0x00, 0x00, 0x00, 0x0d, 0x03, 0x01, 0x79, 0x79, 0x76, 0x0c, 0x00, 0x79, 0x28, 0x1f, 0x00,
    0x00, 0x00, 0x6c, 0x75, 0x04, 0x01, 0x00, 0x00, 0x09, 0x01, 0x01, 0x79, 0x5e, 0x55, 0x0a, 0x00,
    0x00, 0x1b, 0x1e, 0x09, 0x01, 0x79, 0x79, 0x25, 0x09, 0x00, 0x79, 0x79, 0x6d, 0x0c, 0x00, 0x79,
    0x79, 0x09, 0x0c, 0x00, 0x79, 0x79, 0x75, 0x04, 0x00, 0x79, 0x79, 0x51, 0x00, 0x00, 0x00, 0x00,
    0x75, 0x0a, 0x01, 0x79, 0x5e, 0x6f, 0x01, 0x00, 0x79, 0x28, 0x55, 0x04, 0x00, 0x79, 0x0d, 0x1b,
    0x0c, 0x00, 0x79, 0x0d, 0x6f, 0x03, 0x00, 0x00, 0x1b, 0x5b, 0x0c, 0x01, 0x79, 0x5e, 0x0a, 0x0a,
    0x00, 0x79, 0x79, 0x5a, 0x00, 0x00, 0x00, 0x00, 0x09, 0x01, 0x01, 0x79, 0x79, 0x52, 0x0c, 0x00,
    0x00, 0x6c, 0x75, 0x04, 0x01, 0x00, 0x51, 0x1b, 0x0c, 0x01, 0x00, 0x00, 0x5e, 0x01, 0x01, 0x79,
    0x28, 0x54, 0x03, 0x00, 0x00, 0x00, 0x5d, 0x04, 0x01, 0x79, 0x70, 0x6c, 0x00, 0x00, 0x00, 0x1b,
    0x79, 0x0d, 0x01, 0x00, 0x51, 0x55, 0x03, 0x01, 0x79, 0x79, 0x27, 0x03, 0x00, 0x00, 0x51, 0x04,
    0x09, 0x01, 0x00, 0x00, 0x04, 0x0a, 0x01, 0x00, 0x51, 0x6f, 0x0d, 0x01, 0x00, 0x00, 0x5b, 0x04,
    0x01, 0x00, 0x00, 0x03, 0x03, 0x01, 0x00, 0x51, 0x54, 0x04, 0x01, 0x79, 0x79, 0x52, 0x03, 0x00,
    0x79, 0x28, 0x5b, 0x03, 0x00, 0x00, 0x51, 0x75, 0x0c, 0x01, 0x00, 0x00, 0x1b, 0x0a, 0x01, 0x00,
    0x00, 0x00, 0x0d, 0x01, 0x79, 0x79, 0x55, 0x01, 0x00, 0x79, 0x79, 0x0a, 0x03, 0x00, 0x79, 0x79,
    0x1f, 0x09, 0x00, 0x00, 0x00, 0x79, 0x0a, 0x01, 0x00, 0x00, 0x51, 0x04, 0x01, 0x00, 0x51, 0x1c,
    0x09, 0x01, 0x79, 0x79, 0x75, 0x01, 0x00, 0x00, 0x00, 0x52, 0x03, 0x01, 0x00, 0x00, 0x1f, 0x0c,
    0x01, 0x79, 0x79, 0x04, 0x01, 0x00, 0x00, 0x00, 0x03, 0x09, 0x01, 0x79, 0x79, 0x55, 0x0d, 0x00,
    0x79, 0x79, 0x1f, 0x0d, 0x00, 0x00, 0x00, 0x24, 0x0d, 0x01, 0x00, 0x00, 0x52, 0x09, 0x01, 0x79,
    0x28, 0x5e, 0x01, 0x00, 0x00, 0x00, 0x54, 0x09, 0x01, 0x79, 0x79, 0x5e, 0x03, 0x00, 0x79, 0x79,
    0x5b, 0x09, 0x00, 0x00, 0x00, 0x09, 0x00, 0x01, 0x00, 0x00, 0x1c, 0x04, 0x01, 0x00, 0x00, 0x1f,
    0x00, 0x01, 0x79, 0x79, 0x01, 0x09, 0x00, 0x00, 0x00, 0x09, 0x00, 0x01, 0x00, 0x00, 0x75, 0x01,
    0x01, 0x79, 0x79, 0x28, 0x01, 0x00, 0x79, 0x79, 0x6f, 0x09, 0x00, 0x79, 0x79, 0x5d, 0x04, 0x00,
    0x79, 0x79, 0x79, 0x03, 0x00, 0x00, 0x00, 0x28, 0x09, 0x01, 0x79, 0x79, 0x1c, 0x00, 0x00, 0x00,
    0x00, 0x6c, 0x00, 0x01, 0x00, 0x00, 0x5d, 0x09, 0x01, 0x00, 0x00, 0x70, 0x01, 0x01, 0x00, 0x00,
    0x0a, 0x01, 0x01, 0x00, 0x51, 0x79, 0x00, 0x01, 0x00, 0x00, 0x5d, 0x0c, 0x01, 0x79, 0x79, 0x1e,
    0x00, 0x00, 0x79, 0x79, 0x04, 0x0c, 0x00, 0x79, 0x79, 0x24, 0x03, 0x00, 0x00, 0x1b, 0x00, 0x00,
    0x01, 0x00, 0x00, 0x0d, 0x0a, 0x01, 0x79, 0x79, 0x25, 0x09, 0x00, 0x79, 0x79, 0x54, 0x0a, 0x00,
    0x79, 0x79, 0x75, 0x09, 0x00, 0x00, 0x51, 0x52, 0x01, 0x01, 0x79, 0x79, 0x5d, 0x04, 0x00, 0x79,
    0x79, 0x76, 0x03, 0x00, 0x00, 0x51, 0x24, 0x01, 0x01, 0x79, 0x79, 0x25, 0x03, 0x00, 0x79, 0x5e,
    0x70, 0x01, 0x00, 0x00, 0x00, 0x5b, 0x01, 0x01, 0x79, 0x79, 0x27, 0x0c, 0x00, 0x79, 0x79, 0x6f,
    0x03, 0x00, 0x00, 0x00, 0x75, 0x04, 0x01, 0x00, 0x00, 0x1b, 0x03, 0x01, 0x79, 0x28, 0x0c, 0x04,
    0x00, 0x79, 0x28, 0x75, 0x0d, 0x00, 0x00, 0x00, 0x76, 0x0a, 0x01, 0x79, 0x79, 0x5d, 0x04, 0x00,
    0x79, 0x28, 0x1c, 0x0d, 0x00, 0x00, 0x00, 0x5d, 0x0a, 0x01, 0x00, 0x51, 0x09, 0x01, 0x01, 0x79,
    0x79, 0x5e, 0x00, 0x00, 0x00, 0x00, 0x75, 0x04, 0x01, 0x79, 0x79, 0x00, 0x0c, 0x00, 0x00, 0x00,
    0x1f, 0x00, 0x01, 0x79, 0x79, 0x5b, 0x04, 0x00, 0x79, 0x79, 0x24, 0x03, 0x00, 0x00, 0x51, 0x03,
    0x03, 0x01, 0x00, 0x1b, 0x6d, 0x0a, 0x01, 0x79, 0x79, 0x6c, 0x09, 0x00, 0x00, 0x51, 0x51, 0x03,
    0x01, 0x79, 0x79, 0x70, 0x0a, 0x00, 0x00, 0x00, 0x27, 0x0a, 0x01, 0x00, 0x00, 0x5a, 0x03, 0x01,
    0x79, 0x79, 0x27, 0x0a, 0x00, 0x79, 0x28, 0x5a, 0x0a, 0x00, 0x00, 0x51, 0x1b, 0x03, 0x01, 0x00,
    0x51, 0x75, 0x0c, 0x01, 0x79, 0x28, 0x0d, 0x03, 0x00, 0x79, 0x0d, 0x0d, 0x0c, 0x00, 0x79, 0x28,
    0x6f, 0x00, 0x00, 0x00, 0x51, 0x1e, 0x0c, 0x01, 0x00, 0x00, 0x09, 0x0c, 0x01, 0x79, 0x79, 0x6f,
    0x09, 0x00, 0x79, 0x79, 0x5b, 0x04, 0x00, 0x79, 0x79, 0x28, 0x0a, 0x00, 0x00, 0x00, 0x6f, 0x0a,
    0x01, 0x00, 0x00, 0x28, 0x09, 0x01, 0x00, 0x00, 0x0c, 0x0d, 0x01, 0x79, 0x79, 0x24, 0x03, 0x00,
    0x00, 0x00, 0x27, 0x0a, 0x01, 0x00, 0x00, 0x0a, 0x03, 0x01, 0x00, 0x00, 0x52, 0x03, 0x01, 0x79,
    0x79, 0x6f, 0x00, 0x00, 0x79, 0x79, 0x79, 0x04, 0x00, 0x00, 0x51, 0x09, 0x0d, 0x01, 0x79, 0x79,
    0x6f, 0x01, 0x00, 0x00, 0x00, 0x79, 0x03, 0x01, 0x79, 0x79, 0x5a, 0x0d, 0x00, 0x79, 0x79, 0x27,
    0x00, 0x00, 0x79, 0x28, 0x54, 0x00, 0x00, 0x00, 0x00, 0x6d, 0x0d, 0x01, 0x79, 0x79, 0x04, 0x09,
    0x00, 0x00, 0x09, 0x51, 0x04, 0x01, 0x79, 0x5e, 0x24, 0x04, 0x00, 0x79, 0x28, 0x28, 0x0d, 0x00,
    0x00, 0x00, 0x03, 0x0c, 0x01, 0x79, 0x70, 0x00, 0x09, 0x00, 0x00, 0x51, 0x52, 0x03, 0x01, 0x00,
    0x51, 0x00, 0x0c, 0x01, 0x00, 0x00, 0x1c, 0x0d, 0x01, 0x00, 0x00, 0x6d, 0x0d, 0x01, 0x00, 0x51,
    0x0c, 0x03, 0x01, 0x00, 0x1b, 0x03, 0x00, 0x01, 0x79, 0x28, 0x1c, 0x0d, 0x00, 0x00, 0x51, 0x52,
    0x09, 0x01, 0x00, 0x00, 0x1b, 0x03, 0x01, 0x00, 0x00, 0x5a, 0x04, 0x01, 0x79, 0x79, 0x5d, 0x03,
    0x00, 0x00, 0x51, 0x54, 0x03, 0x01, 0x79, 0x79, 0x0d, 0x04, 0x00, 0x79, 0x79, 0x76, 0x00, 0x00,
    0x00, 0x00, 0x51, 0x01, 0x01, 0x79, 0x79, 0x6d, 0x0c, 0x00, 0x79, 0x79, 0x78, 0x03, 0x00, 0x00,
    0x00, 0x79, 0x0d, 0x01, 0x79, 0x79, 0x76, 0x0c, 0x00, 0x79, 0x5e, 0x78, 0x01, 0x00, 0x00, 0x51,
    0x52, 0x09, 0x01, 0x00, 0x00, 0x5e, 0x09, 0x01, 0x79, 0x0d, 0x1f, 0x0a, 0x00, 0x79, 0x79, 0x76,
    0x0c, 0x00, 0x79, 0x0d, 0x1c, 0x0d, 0x00, 0x79, 0x28, 0x28, 0x00, 0x00, 0x00, 0x00, 0x1b, 0x0d,
    0x01, 0x79, 0x5e, 0x28, 0x03, 0x00, 0x79, 0x79, 0x51, 0x09, 0x00, 0x79, 0x28, 0x5b, 0x0d, 0x00,
    0x79, 0x79, 0x0a, 0x09, 0x00, 0x00, 0x1b, 0x78, 0x03, 0x01, 0x79, 0x28, 0x04, 0x03, 0x00, 0x00,
    0x00, 0x24, 0x00, 0x01, 0x79, 0x79, 0x01, 0x00, 0x00, 0x79, 0x28, 0x0c, 0x0a, 0x00, 0x79, 0x79,
    0x25, 0x0a, 0x00, 0x79, 0x28, 0x5a, 0x04, 0x00, 0x00, 0x51, 0x03, 0x0c, 0x01, 0x79, 0x79, 0x1e,
    0x00, 0x00, 0x00, 0x1b, 0x6c, 0x0d, 0x01, 0x00, 0x51, 0x5b, 0x03, 0x01, 0x79, 0x1f, 0x6d, 0x01,
    0x00, 0x00, 0x09, 0x28, 0x01, 0x01, 0x79, 0x28, 0x79, 0x03, 0x00, 0x79, 0x28, 0x5b, 0x03, 0x00,
    0x79, 0x5e, 0x5b, 0x01, 0x00, 0x79, 0x5e, 0x76, 0x09, 0x00, 0x79, 0x28, 0x00, 0x01, 0x00, 0x00,
    0x1b, 0x5d, 0x04, 0x01, 0x79, 0x79, 0x04, 0x0a, 0x00, 0x79, 0x5e, 0x1b, 0x09, 0x00, 0x00, 0x00,
    0x6d, 0x0a, 0x01, 0x00, 0x1b, 0x51, 0x0a, 0x01, 0x79, 0x79, 0x5d, 0x0c, 0x00, 0x00, 0x00, 0x6c,
    0x01, 0x01, 0x00, 0x00, 0x1f, 0x00, 0x01, 0x00, 0x00, 0x27, 0x01, 0x01, 0x79, 0x79, 0x1f, 0x0c,
    0x00, 0x79, 0x28, 0x0d, 0x0a, 0x00, 0x00, 0x51, 0x6c, 0x01, 0x01, 0x79, 0x28, 0x1f, 0x01, 0x00,
    0x00, 0x00, 0x51, 0x09, 0x01, 0x79, 0x79, 0x27, 0x01, 0x00, 0x00, 0x00, 0x5e, 0x01, 0x01, 0x79,
    0x79, 0x6f, 0x09, 0x00, 0x79, 0x79, 0x6f, 0x04, 0x00, 0x79, 0x28, 0x6d, 0x03, 0x00, 0x79, 0x28,
    0x79, 0x0a, 0x00, 0x00, 0x51, 0x0c, 0x0d, 0x01, 0x79, 0x28, 0x09, 0x01, 0x00, 0x79, 0x28, 0x27,
    0x01, 0x00, 0x79, 0x79, 0x6d, 0x0a, 0x00, 0x00, 0x1b, 0x09, 0x0d, 0x01, 0x00, 0x00, 0x54, 0x0d,
    0x01, 0x00, 0x00, 0x00, 0x0c, 0x01, 0x79, 0x28, 0x04, 0x01, 0x00, 0x00, 0x51, 0x6d, 0x03, 0x01,
    0x00, 0x00, 0x6d, 0x00, 0x01, 0x00, 0x51, 0x6d, 0x03, 0x01, 0x00, 0x00, 0x1e, 0x04, 0x01, 0x79,
    0x79, 0x78, 0x00, 0x00, 0x00, 0x00, 0x1c, 0x0d, 0x01, 0x79, 0x79, 0x04, 0x01, 0x00, 0x00, 0x00,
    0x52, 0x0a, 0x01, 0x79, 0x79, 0x79, 0x00, 0x00, 0x79, 0x79, 0x70, 0x0c, 0x00, 0x00, 0x00, 0x28,
    0x0a, 0x01, 0x79, 0x79, 0x70, 0x03, 0x00, 0x00, 0x00, 0x1c, 0x01, 0x01, 0x79, 0x79, 0x76, 0x09,
    0x00, 0x79, 0x79, 0x5d, 0x0a, 0x00, 0x00, 0x00, 0x0a, 0x0d, 0x01, 0x00, 0x00, 0x09, 0x01, 0x01,
    0x00, 0x00, 0x78, 0x03, 0x01, 0x00, 0x51, 0x00, 0x0d, 0x01, 0x79, 0x79, 0x76, 0x0a, 0x00, 0x00,
    0x00, 0x5d, 0x0d, 0x01, 0x00, 0x00, 0x51, 0x0c, 0x01, 0x79, 0x79, 0x1c, 0x03, 0x00, 0x79, 0x79,
    0x52, 0x01, 0x00, 0x00, 0x1b, 0x25, 0x0c, 0x01, 0x79, 0x79, 0x6c, 0x01, 0x00, 0x00, 0x00, 0x78,
    0x04, 0x01, 0x79, 0x79, 0x6c, 0x0a, 0x00, 0x79, 0x79, 0x03, 0x0a, 0x00, 0x00, 0x00, 0x00, 0x0d,
    0x01, 0x00, 0x00, 0x09, 0x09, 0x01, 0x00, 0x00, 0x0d, 0x0a, 0x01, 0x79, 0x79, 0x1c, 0x0a, 0x00,
    0x79, 0x79, 0x09, 0x01, 0x00, 0x79, 0x79, 0x25, 0x04, 0x00, 0x00, 0x00, 0x28, 0x09, 0x01, 0x79,
    0x79, 0x55, 0x0d, 0x00, 0x00, 0x51, 0x1f, 0x04, 0x01, 0x79, 0x79, 0x54, 0x0d, 0x00, 0x00, 0x00,
    0x6f, 0x09, 0x01, 0x00, 0x51, 0x70, 0x0c, 0x01, 0x79, 0x79, 0x1c, 0x01, 0x00, 0x79, 0x79, 0x1b,
    0x0a, 0x00, 0x79, 0x79, 0x54, 0x01, 0x00, 0x00, 0x00, 0x09, 0x03, 0x01, 0x00, 0x51, 0x5a, 0x0c,
    0x01, 0x00, 0x00, 0x1f, 0x0d, 0x01, 0x79, 0x28, 0x28, 0x09, 0x00, 0x79, 0x79, 0x6f, 0x00, 0x00,
    0x79, 0x79, 0x54, 0x0a, 0x00, 0x00, 0x00, 0x51, 0x0c, 0x01, 0x79, 0x28, 0x24, 0x03, 0x00, 0x00,
    0x00, 0x1e, 0x09, 0x01, 0x00, 0x00, 0x03, 0x01, 0x01, 0x79, 0x79, 0x6c, 0x0a, 0x00, 0x79, 0x79,
    0x5a, 0x0d, 0x00, 0x00, 0x51, 0x24, 0x0d, 0x01, 0x00, 0x51, 0x6d, 0x04, 0x01, 0x00, 0x00, 0x1c,
    0x03, 0x01, 0x79, 0x79, 0x28, 0x03, 0x00, 0x79, 0x0d, 0x01, 0x04, 0x00, 0x00, 0x51, 0x76, 0x01,
    0x01, 0x79, 0x1f, 0x04, 0x00, 0x00, 0x79, 0x79, 0x6d, 0x09, 0x00, 0x00, 0x00, 0x28, 0x03, 0x01,
    0x00, 0x51, 0x1f, 0x00, 0x01, 0x00, 0x00, 0x00, 0x0a, 0x01, 0x79, 0x79, 0x0d, 0x01, 0x00, 0x00,
    0x00, 0x54, 0x03, 0x01, 0x79, 0x79, 0x5b, 0x01, 0x00, 0x00, 0x51, 0x0c, 0x03, 0x01, 0x00, 0x00,
    0x5b, 0x09, 0x01, 0x79, 0x79, 0x00, 0x04, 0x00, 0x79, 0x79, 0x04, 0x0a, 0x00, 0x79, 0x79, 0x75,
    0x03, 0x00, 0x79, 0x79, 0x52, 0x0d, 0x00, 0x79, 0x79, 0x5b, 0x0d, 0x00, 0x00, 0x1b, 0x55, 0x0d,
    0x01, 0x79, 0x79, 0x04, 0x09, 0x00, 0x00, 0x00, 0x52, 0x0d, 0x01, 0x79, 0x28, 0x5e, 0x00, 0x00,
    0x00, 0x00, 0x1c, 0x09, 0x01, 0x79, 0x79, 0x0d, 0x04, 0x00, 0x00, 0x00, 0x0a, 0x00, 0x01, 0x79,
    0x28, 0x04, 0x0d, 0x00, 0x00, 0x51, 0x0c, 0x01, 0x01, 0x00, 0x6c, 0x1c, 0x04, 0x01, 0x00, 0x00,
    0x0d, 0x03, 0x01, 0x79, 0x28, 0x0d, 0x04, 0x00, 0x00, 0x51, 0x27, 0x00, 0x01, 0x79, 0x79, 0x25,
    0x0c, 0x00, 0x79, 0x79, 0x6f, 0x0a, 0x00, 0x79, 0x79, 0x5a, 0x03, 0x00, 0x00, 0x00, 0x00, 0x0c,
    0x01, 0x00, 0x00, 0x75, 0x03, 0x01, 0x79, 0x79, 0x52, 0x0a, 0x00, 0x79, 0x79, 0x6d, 0x0c, 0x00,
    0x79, 0x79, 0x01, 0x00, 0x00, 0x79, 0x79, 0x75, 0x03, 0x00, 0x79, 0x79, 0x5e, 0x0a, 0x00, 0x79,
    0x79, 0x75, 0x01, 0x00, 0x00, 0x00, 0x70, 0x0c, 0x01, 0x00, 0x00, 0x1e, 0x09, 0x01, 0x00, 0x00,
    0x52, 0x03, 0x01, 0x00, 0x00, 0x0a, 0x09, 0x01, 0x00, 0x00, 0x27, 0x09, 0x01, 0x00, 0x5a, 0x00,
    0x0a, 0x01, 0x00, 0x00, 0x5b, 0x0a, 0x01, 0x79, 0x79, 0x78, 0x04, 0x00, 0x00, 0x00, 0x79, 0x03,
    0x01, 0x79, 0x28, 0x5e, 0x0c, 0x00, 0x00, 0x51, 0x03, 0x0d, 0x01, 0x79, 0x28, 0x1e, 0x09, 0x00,
    0x00, 0x00, 0x79, 0x0a, 0x01, 0x00, 0x00, 0x24, 0x09, 0x01, 0x00, 0x6c, 0x01, 0x0a, 0x01, 0x79,
    0x28, 0x5e, 0x00, 0x00, 0x79, 0x79, 0x25, 0x01, 0x00, 0x00, 0x51, 0x04, 0x00, 0x01, 0x79, 0x79,
    0x5b, 0x04, 0x00, 0x79, 0x79, 0x24, 0x00, 0x00, 0x79, 0x28, 0x52, 0x00, 0x00, 0x79, 0x79, 0x03,
    0x01, 0x00, 0x00, 0x00, 0x09, 0x0a, 0x01, 0x00, 0x00, 0x51, 0x0a, 0x01, 0x79, 0x79, 0x09, 0x0a,
    0x00, 0x00, 0x00, 0x1f, 0x09, 0x01, 0x00, 0x00, 0x54, 0x0a, 0x01, 0x79, 0x79, 0x75, 0x01, 0x00,
    0x00, 0x00, 0x03, 0x00, 0x01, 0x79, 0x79, 0x27, 0x0c, 0x00, 0x00, 0x51, 0x6f, 0x01, 0x01, 0x79,
    0x28, 0x78, 0x00, 0x00, 0x00, 0x51, 0x0a, 0x03, 0x01, 0x79, 0x28, 0x1e, 0x04, 0x00, 0x79, 0x28,
    0x0d, 0x01, 0x00, 0x79, 0x79, 0x28, 0x03, 0x00, 0x00, 0x1b, 0x00, 0x0c, 0x01, 0x79, 0x79, 0x5a,
    0x0a, 0x00, 0x79, 0x79, 0x1f, 0x0c, 0x00, 0x00, 0x51, 0x25, 0x01, 0x01, 0x00, 0x00, 0x5a, 0x03,
    0x01, 0x79, 0x79, 0x1f, 0x04, 0x00, 0x79, 0x79, 0x5a, 0x03, 0x00, 0x79, 0x79, 0x0a, 0x0d, 0x00,
    0x79, 0x79, 0x5e, 0x09, 0x00, 0x79, 0x79, 0x0c, 0x09, 0x00, 0x79, 0x79, 0x5e, 0x01, 0x00, 0x00,
    0x00, 0x24, 0x0c, 0x01, 0x00, 0x51, 0x24, 0x00, 0x01, 0x79, 0x79, 0x5b, 0x00, 0x00, 0x00, 0x00,
    0x5d, 0x09, 0x01, 0x00, 0x51, 0x6f, 0x0d, 0x01, 0x00, 0x51, 0x1c, 0x01, 0x01, 0x79, 0x79, 0x5b,
    0x09, 0x00, 0x79, 0x28, 0x04, 0x04, 0x00, 0x00, 0x00, 0x00, 0x0d, 0x01, 0x79, 0x79, 0x5d, 0x0c,
    0x00, 0x00, 0x00, 0x00, 0x0a, 0x01, 0x79, 0x79, 0x5b, 0x0d, 0x00, 0x79, 0x79, 0x51, 0x0a, 0x00,
    0x00, 0x00, 0x1b, 0x0a, 0x01, 0x79, 0x79, 0x70, 0x0a, 0x00, 0x79, 0x79, 0x6d, 0x0a, 0x00, 0x00,
    0x00, 0x28, 0x03, 0x01, 0x79, 0x79, 0x00, 0x03, 0x00, 0x00, 0x00, 0x1b, 0x03, 0x01, 0x79, 0x79,
    0x25, 0x00, 0x00, 0x00, 0x51, 0x6c, 0x0d, 0x01, 0x79, 0x79, 0x1e, 0x0c, 0x00, 0x00, 0x1b, 0x0d,
    0x04, 0x01, 0x00, 0x09, 0x6d, 0x04, 0x01, 0x79, 0x79, 0x28, 0x09, 0x00, 0x79, 0x28, 0x54, 0x00,
    0x00, 0x00, 0x00, 0x6c, 0x0a, 0x01, 0x79, 0x28, 0x28, 0x04, 0x00, 0x00, 0x51, 0x28, 0x0a, 0x01,
    0x79, 0x79, 0x28, 0x00, 0x00, 0x79, 0x28, 0x5e, 0x0d, 0x00, 0x00, 0x51, 0x24, 0x0d, 0x01, 0x00,
    0x00, 0x25, 0x0d, 0x01, 0x79, 0x79, 0x04, 0x03, 0x00, 0x00, 0x51, 0x03, 0x0d, 0x01, 0x00, 0x00,
    0x09, 0x01, 0x01, 0x79, 0x79, 0x27, 0x09, 0x00, 0x79, 0x79, 0x5d, 0x00, 0x00, 0x00, 0x00, 0x09,
    0x03, 0x01, 0x00, 0x00, 0x5d, 0x0a, 0x01, 0x79, 0x28, 0x5b, 0x01, 0x00, 0x00, 0x51, 0x52, 0x03,
    0x01, 0x00, 0x51, 0x27, 0x00, 0x01, 0x00, 0x00, 0x1f, 0x09, 0x01, 0x79, 0x79, 0x6f, 0x00, 0x00,
    0x00, 0x6c, 0x6f, 0x04, 0x01, 0x00, 0x75, 0x0c, 0x00, 0x01, 0x79, 0x79, 0x5d, 0x0a, 0x00, 0x00,
    0x51, 0x6f, 0x0d, 0x01, 0x79, 0x79, 0x5e, 0x0c, 0x00, 0x00, 0x00, 0x28, 0x03, 0x01, 0x79, 0x5e,
    0x00, 0x01, 0x00, 0x00, 0x00, 0x52, 0x04, 0x01, 0x79, 0x79, 0x1b, 0x09, 0x00, 0x79, 0x79, 0x00,
    0x09, 0x00, 0x79, 0x5e, 0x1c, 0x09, 0x00, 0x79, 0x0d, 0x5d, 0x03, 0x00, 0x00, 0x51, 0x5d, 0x04,
    0x01, 0x00, 0x00, 0x5e, 0x03, 0x01, 0x00, 0x00, 0x03, 0x04, 0x01, 0x79, 0x28, 0x6d, 0x00, 0x00,
    0x79, 0x28, 0x75, 0x03, 0x00, 0x00, 0x51, 0x1b, 0x03, 0x01, 0x79, 0x5e, 0x1e, 0x0c, 0x00, 0x79,
    0x28, 0x28, 0x0d, 0x00, 0x79, 0x79, 0x1c, 0x09, 0x00, 0x00, 0x00, 0x5b, 0x04, 0x01, 0x79, 0x79,
    0x24, 0x0d, 0x00, 0x00, 0x51, 0x00, 0x0d, 0x01, 0x00, 0x00, 0x6c, 0x01, 0x01, 0x00, 0x00, 0x54,
    0x0a, 0x01, 0x79, 0x79, 0x75, 0x01, 0x00, 0x00, 0x00, 0x1f, 0x03, 0x01, 0x79, 0x79, 0x51, 0x00,
    0x00, 0x00, 0x00, 0x1b, 0x01, 0x01, 0x00, 0x00, 0x1c, 0x0c, 0x01, 0x79, 0x79, 0x1e, 0x01, 0x00,
    0x79, 0x28, 0x5d, 0x09, 0x00, 0x00, 0x00, 0x5a, 0x03, 0x01, 0x00, 0x00, 0x54, 0x00, 0x01, 0x00,
    0x1b, 0x0d, 0x0d, 0x01, 0x79, 0x28, 0x6f, 0x04, 0x00, 0x00, 0x1b, 0x54, 0x04, 0x01, 0x00, 0x51,
    0x28, 0x00, 0x01, 0x79, 0x28, 0x0d, 0x0c, 0x00, 0x79, 0x28, 0x01, 0x04, 0x00, 0x00, 0x00, 0x54,
    0x0c, 0x01, 0x00, 0x51, 0x03, 0x00, 0x01, 0x00, 0x1b, 0x51, 0x0d, 0x01, 0x79, 0x28, 0x70, 0x0d,
    0x00, 0x00, 0x00, 0x04, 0x0a, 0x01, 0x00, 0x00, 0x09, 0x03, 0x01, 0x79, 0x28, 0x6f, 0x0c, 0x00,
    0x79, 0x79, 0x1b, 0x0a, 0x00, 0x00, 0x00, 0x03, 0x0d, 0x01, 0x79, 0x79, 0x76, 0x0a, 0x00, 0x79,
    0x79, 0x5d, 0x0a, 0x00, 0x79, 0x28, 0x79, 0x00, 0x00, 0x00, 0x51, 0x1e, 0x0c, 0x01, 0x00, 0x00,
    0x5b, 0x03, 0x01, 0x00, 0x51, 0x1f, 0x00, 0x01, 0x00, 0x00, 0x54, 0x00, 0x01, 0x00, 0x51, 0x78,
    0x01, 0x01, 0x00, 0x00, 0x54, 0x03, 0x01, 0x79, 0x28, 0x70, 0x00, 0x00, 0x00, 0x5a, 0x1f, 0x04,
    0x01, 0x79, 0x0d, 0x1c, 0x0c, 0x00, 0x00, 0x00, 0x6c, 0x04, 0x01, 0x00, 0x51, 0x28, 0x0a, 0x01,
    0x00, 0x51, 0x1c, 0x09, 0x01, 0x79, 0x79, 0x54, 0x00, 0x00, 0x00, 0x09, 0x1e, 0x09, 0x01, 0x00,
    0x00, 0x0a, 0x00, 0x01, 0x79, 0x28, 0x5b, 0x09, 0x00, 0x00, 0x51, 0x52, 0x09, 0x01, 0x00, 0x51,
    0x0c, 0x00, 0x01, 0x00, 0x1b, 0x6c, 0x04, 0x01, 0x79, 0x28, 0x00, 0x03, 0x00, 0x00, 0x51, 0x03,
    0x0a, 0x01, 0x79, 0x28, 0x76, 0x03, 0x00, 0x79, 0x28, 0x25, 0x03, 0x00, 0x79, 0x0d, 0x6d, 0x01,
    0x00, 0x79, 0x28, 0x1c, 0x01, 0x00, 0x79, 0x79, 0x1f, 0x03, 0x00, 0x79, 0x79, 0x5b, 0x09, 0x00,
    0x00, 0x00, 0x51, 0x01, 0x01, 0x79, 0x5e, 0x24, 0x0c, 0x00, 0x00, 0x00, 0x1b, 0x09, 0x01, 0x79,
    0x76, 0x70, 0x01, 0x00, 0x79, 0x28, 0x54, 0x0c, 0x00, 0x00, 0x51, 0x27, 0x03, 0x01, 0x79, 0x5e,
    0x0d, 0x03, 0x00, 0x79, 0x28, 0x78, 0x09, 0x00, 0x00, 0x00, 0x24, 0x04, 0x01, 0x00, 0x00, 0x5b,
    0x03, 0x01, 0x79, 0x79, 0x27, 0x00, 0x00, 0x79, 0x79, 0x25, 0x00, 0x00, 0x00, 0x00, 0x09, 0x09,
    0x01, 0x00, 0x51, 0x01, 0x03, 0x01, 0x00, 0x00, 0x51, 0x03, 0x01, 0x79, 0x79, 0x52, 0x0d, 0x00,
    0x00, 0x51, 0x28, 0x01, 0x01, 0x00, 0x00, 0x1b, 0x00, 0x01, 0x00, 0x51, 0x51, 0x0d, 0x01, 0x79,
    0x79, 0x78, 0x00, 0x00, 0x00, 0x00, 0x1c, 0x0d, 0x01, 0x00, 0x00, 0x0c, 0x0c, 0x01, 0x79, 0x79,
    0x01, 0x09, 0x00, 0x79, 0x79, 0x25, 0x0c, 0x00, 0x79, 0x79, 0x1e, 0x0a, 0x00, 0x00, 0x00, 0x5b,
    0x01, 0x01, 0x00, 0x00, 0x78, 0x04, 0x01, 0x79, 0x28, 0x6d, 0x0c, 0x00, 0x79, 0x0d, 0x1c, 0x09,
    0x00, 0x79, 0x28, 0x52, 0x04, 0x00, 0x79, 0x79, 0x01, 0x0c, 0x00, 0x00, 0x00, 0x54, 0x04, 0x01,
    0x00, 0x00, 0x5e, 0x03, 0x01, 0x79, 0x28, 0x1e, 0x0a, 0x00, 0x79, 0x79, 0x09, 0x00, 0x00, 0x00,
    0x51, 0x6f, 0x00, 0x01, 0x00, 0x00, 0x5a, 0x00, 0x01, 0x00, 0x51, 0x78, 0x04, 0x01, 0x79, 0x28,
    0x6d, 0x00, 0x00, 0x00, 0x51, 0x52, 0x09, 0x01, 0x00, 0x00, 0x1e, 0x0d, 0x01, 0x79, 0x28, 0x04,
    0x01, 0x00, 0x79, 0x79, 0x25, 0x01, 0x00, 0x00, 0x51, 0x01, 0x03, 0x01, 0x79, 0x79, 0x09, 0x01,
    0x00, 0x79, 0x79, 0x24, 0x0d, 0x00, 0x00, 0x00, 0x55, 0x09, 0x01, 0x00, 0x00, 0x09, 0x0c, 0x01,
    0x79, 0x28, 0x04, 0x09, 0x00, 0x00, 0x00, 0x54, 0x01, 0x01, 0x79, 0x79, 0x28, 0x0d, 0x00, 0x00,
    0x51, 0x27, 0x00, 0x01, 0x79, 0x79, 0x01, 0x0a, 0x00, 0x00, 0x00, 0x1c, 0x0c, 0x01, 0x79, 0x79,
    0x0a, 0x03, 0x00, 0x00, 0x00, 0x03, 0x0d, 0x01, 0x79, 0x79, 0x55, 0x09, 0x00, 0x79, 0x79, 0x79,
    0x09, 0x00, 0x79, 0x79, 0x28, 0x03, 0x00, 0x79, 0x79, 0x5e, 0x0d, 0x00, 0x79, 0x79, 0x24, 0x0a,
    0x00, 0x00, 0x00, 0x51, 0x09, 0x01, 0x79, 0x79, 0x25, 0x00, 0x00, 0x79, 0x79, 0x01, 0x03, 0x00,
    0x00, 0x00, 0x76, 0x09, 0x01, 0x00, 0x00, 0x0a, 0x04, 0x01, 0x00, 0x00, 0x54, 0x0d, 0x01, 0x00,
    0x51, 0x01, 0x0d, 0x01, 0x79, 0x79, 0x25, 0x01, 0x00, 0x79, 0x79, 0x25, 0x01, 0x00, 0x00, 0x00,
    0x1e, 0x03, 0x01, 0x00, 0x51, 0x5d, 0x00, 0x01, 0x79, 0x79, 0x5e, 0x01, 0x00, 0x00, 0x00, 0x5a,
    0x0d, 0x01, 0x79, 0x79, 0x5b, 0x0c, 0x00, 0x79, 0x79, 0x5d, 0x0d, 0x00, 0x00, 0x51, 0x51, 0x0c,
    0x01, 0x79, 0x28, 0x5e, 0x00, 0x00, 0x00, 0x00, 0x0c, 0x00, 0x01, 0x79, 0x28, 0x0c, 0x0a, 0x00,
    0x00, 0x00, 0x03, 0x09, 0x01, 0x79, 0x28, 0x6d, 0x03, 0x00, 0x00, 0x00, 0x6c, 0x01, 0x01, 0x00,
    0x00, 0x6c, 0x0a, 0x01, 0x00, 0x00, 0x0c, 0x0a, 0x01, 0x00, 0x00, 0x79, 0x0d, 0x01, 0x79, 0x5e,
    0x70, 0x03, 0x00, 0x79, 0x79, 0x52, 0x0a, 0x00, 0x79, 0x0d, 0x00, 0x01, 0x00, 0x79, 0x0d, 0x55,
    0x0d, 0x00, 0x79, 0x79, 0x78, 0x03, 0x00, 0x00, 0x00, 0x1c, 0x0d, 0x01, 0x00, 0x00, 0x70, 0x03,
    0x01, 0x79, 0x28, 0x03, 0x04, 0x00, 0x79, 0x79, 0x70, 0x00, 0x00, 0x79, 0x79, 0x76, 0x09, 0x00,
    0x79, 0x79, 0x6d, 0x0d, 0x00, 0x00, 0x00, 0x1b, 0x0a, 0x01, 0x79, 0x79, 0x1c, 0x00, 0x00, 0x00,
    0x1b, 0x75, 0x0a, 0x01, 0x79, 0x5e, 0x1e, 0x0d, 0x00, 0x00, 0x6c, 0x6c, 0x0c, 0x01, 0x00, 0x51,
    0x79, 0x0d, 0x01, 0x79, 0x79, 0x54, 0x09, 0x00, 0x00, 0x51, 0x1f, 0x0c, 0x01, 0x00, 0x00, 0x24,
    0x0a, 0x01, 0x79, 0x79, 0x6f, 0x00, 0x00, 0x00, 0x00, 0x6f, 0x04, 0x01, 0x00, 0x00, 0x28, 0x09,
    0x01, 0x79, 0x79, 0x00, 0x0d, 0x00, 0x79, 0x79, 0x1e, 0x0c, 0x00, 0x00, 0x51, 0x1e, 0x00, 0x01,
    0x79, 0x5e, 0x00, 0x0c, 0x00, 0x79, 0x79, 0x55, 0x0a, 0x00, 0x79, 0x0d, 0x1e, 0x0d, 0x00, 0x00,
    0x51, 0x28, 0x00, 0x01, 0x79, 0x28, 0x25, 0x0c, 0x00, 0x00, 0x00, 0x5a, 0x0d, 0x01, 0x79, 0x79,
    0x1f, 0x04, 0x00, 0x00, 0x00, 0x1f, 0x00, 0x01, 0x00, 0x00, 0x52, 0x09, 0x01, 0x00, 0x00, 0x54,
    0x0a, 0x01, 0x00, 0x00, 0x5d, 0x0a, 0x01, 0x00, 0x00, 0x6f, 0x0c, 0x01, 0x79, 0x28, 0x5d, 0x00,
    0x00, 0x79, 0x1f, 0x0d, 0x0c, 0x00, 0x79, 0x79, 0x6d, 0x0d, 0x00, 0x79, 0x28, 0x27, 0x03, 0x00,
    0x00, 0x00, 0x01, 0x01, 0x01, 0x79, 0x28, 0x75, 0x04, 0x00, 0x00, 0x00, 0x75, 0x04, 0x01, 0x00,
    0x51, 0x25, 0x04, 0x01, 0x79, 0x79, 0x5d, 0x09, 0x00, 0x79, 0x79, 0x51, 0x0c, 0x00, 0x79, 0x28,
    0x1f, 0x0c, 0x00, 0x00, 0x51, 0x1e, 0x0d, 0x01, 0x79, 0x79, 0x09, 0x0a, 0x00, 0x00, 0x51, 0x76,
    0x09, 0x01, 0x00, 0x00, 0x6f, 0x00, 0x01, 0x00, 0x00, 0x5d, 0x0c, 0x01, 0x00, 0x00, 0x54, 0x0c,
    0x01, 0x79, 0x79, 0x55, 0x09, 0x00, 0x79, 0x79, 0x6f, 0x0a, 0x00, 0x00, 0x1b, 0x51, 0x00, 0x01,
    0x79, 0x28, 0x55, 0x03, 0x00, 0x00, 0x00, 0x6f, 0x01, 0x01, 0x79, 0x79, 0x01, 0x0c, 0x00, 0x79,
    0x79, 0x79, 0x00, 0x00, 0x79, 0x0d, 0x75, 0x03, 0x00, 0x00, 0x6c, 0x00, 0x0a, 0x01, 0x79, 0x79,
    0x1c, 0x00, 0x00, 0x00, 0x51, 0x0d, 0x04, 0x01, 0x00, 0x51, 0x0c, 0x04, 0x01, 0x79, 0x5e, 0x75,
    0x01, 0x00, 0x00, 0x6c, 0x1b, 0x0c, 0x01, 0x00, 0x00, 0x6f, 0x0a, 0x01, 0x79, 0x79, 0x28, 0x03,
    0x00, 0x00, 0x00, 0x5e, 0x0d, 0x01, 0x79, 0x28, 0x76, 0x01, 0x00, 0x00, 0x00, 0x1b, 0x0a, 0x01,
    0x00, 0x51, 0x25, 0x04, 0x01, 0x79, 0x5e, 0x54, 0x01, 0x00, 0x79, 0x79, 0x5b, 0x0a, 0x00, 0x79,
    0x79, 0x0c, 0x0a, 0x00, 0x00, 0x00, 0x04, 0x0c, 0x01, 0x79, 0x79, 0x03, 0x01, 0x00, 0x00, 0x00,
    0x6f, 0x09, 0x01, 0x79, 0x28, 0x55, 0x01, 0x00, 0x79, 0x79, 0x5a, 0x0a, 0x00, 0x79, 0x79, 0x1f,
    0x09, 0x00, 0x79, 0x79, 0x54, 0x0c, 0x00, 0x79, 0x79, 0x55, 0x03, 0x00, 0x00, 0x51, 0x52, 0x00,
    0x01, 0x79, 0x79, 0x24, 0x0c, 0x00, 0x79, 0x28, 0x1b, 0x04, 0x00, 0x79, 0x28, 0x0c, 0x01, 0x00,
    0x00, 0x00, 0x6c, 0x0d, 0x01, 0x00, 0x00, 0x04, 0x00, 0x01, 0x79, 0x28, 0x0c, 0x0d, 0x00, 0x00,
    0x51, 0x00, 0x00, 0x01, 0x00, 0x00, 0x25, 0x0c, 0x01, 0x79, 0x79, 0x52, 0x03, 0x00, 0x79, 0x79,
    0x28, 0x0a, 0x00, 0x00, 0x00, 0x01, 0x0c, 0x01, 0x00, 0x00, 0x1f, 0x09, 0x01, 0x00, 0x51, 0x75,
    0x03, 0x01, 0x79, 0x79, 0x6c, 0x0d, 0x00, 0x79, 0x79, 0x5b, 0x0d, 0x00, 0x00, 0x51, 0x52, 0x03,
    0x01, 0x79, 0x79, 0x51, 0x01, 0x00, 0x00, 0x00, 0x0c, 0x09, 0x01, 0x79, 0x79, 0x52, 0x0a, 0x00,
    0x00, 0x00, 0x03, 0x04, 0x01, 0x79, 0x5e, 0x79, 0x0a, 0x00, 0x79, 0x79, 0x5a, 0x09, 0x00, 0x00,
    0x00, 0x1b, 0x04, 0x01, 0x00, 0x00, 0x1c, 0x09, 0x01, 0x00, 0x0c, 0x79, 0x09, 0x01, 0x00, 0x1b,
    0x24, 0x0c, 0x01, 0x79, 0x79, 0x6c, 0x0d, 0x00, 0x00, 0x6c, 0x5d, 0x04, 0x01, 0x79, 0x79, 0x09,
    0x0a, 0x00, 0x79, 0x79, 0x5d, 0x0c, 0x00, 0x00, 0x51, 0x52, 0x0a, 0x01, 0x79, 0x79, 0x0d, 0x0d,
    0x00, 0x79, 0x28, 0x28, 0x09, 0x00, 0x00, 0x00, 0x25, 0x0c, 0x01, 0x79, 0x79, 0x76, 0x04, 0x00,
    0x79, 0x28, 0x0c, 0x00, 0x00, 0x79, 0x5e, 0x28, 0x03, 0x00, 0x79, 0x28, 0x6d, 0x09, 0x00, 0x00,
    0x51, 0x0c, 0x04, 0x01, 0x00, 0x00, 0x6c, 0x01, 0x01, 0x79, 0x79, 0x1e, 0x03, 0x00, 0x00, 0x00,
    0x1b, 0x03, 0x01, 0x79, 0x79, 0x55, 0x0c, 0x00, 0x00, 0x00, 0x1b, 0x01, 0x01, 0x79, 0x79, 0x03,
    0x03, 0x00, 0x79, 0x28, 0x28, 0x04, 0x00, 0x79, 0x79, 0x0a, 0x00, 0x00, 0x79, 0x28, 0x0a, 0x0c,
    0x00, 0x79, 0x79, 0x51, 0x01, 0x00, 0x00, 0x00, 0x04, 0x00, 0x01, 0x00, 0x00, 0x55, 0x0d, 0x01,
    0x00, 0x00, 0x03, 0x01, 0x01, 0x00, 0x00, 0x75, 0x03, 0x01, 0x79, 0x79, 0x28, 0x01, 0x00, 0x00,
    0x00, 0x04, 0x00, 0x01, 0x79, 0x28, 0x1f, 0x04, 0x00, 0x00, 0x51, 0x09, 0x03, 0x01, 0x00, 0x00,
    0x78, 0x00, 0x01, 0x79, 0x79, 0x04, 0x09, 0x00, 0x00, 0x00, 0x0c, 0x0c, 0x01, 0x79, 0x28, 0x5a,
    0x0c, 0x00, 0x00, 0x00, 0x6c, 0x0d, 0x01, 0x00, 0x00, 0x52, 0x03, 0x01, 0x79, 0x79, 0x54, 0x04,
    0x00, 0x79, 0x79, 0x78, 0x03, 0x00, 0x00, 0x00, 0x6c, 0x03, 0x01, 0x79, 0x79, 0x55, 0x04, 0x00,
    0x00, 0x00, 0x00, 0x0c, 0x01, 0x79, 0x79, 0x55, 0x0a, 0x00, 0x79, 0x79, 0x04, 0x01, 0x00, 0x79,
    0x79, 0x55, 0x00, 0x00, 0x79, 0x79, 0x52, 0x09, 0x00, 0x79, 0x79, 0x1f, 0x0d, 0x00, 0x79, 0x79,
    0x52, 0x04, 0x00, 0x79, 0x79, 0x01, 0x0c, 0x00, 0x00, 0x00, 0x1c, 0x01, 0x01, 0x00, 0x00, 0x55,
    0x01, 0x01, 0x79, 0x04, 0x1b, 0x0a, 0x00, 0x00, 0x00, 0x5b, 0x03, 0x01, 0x00, 0x00, 0x70, 0x03,
    0x01, 0x00, 0x51, 0x55, 0x0d, 0x01, 0x00, 0x00, 0x5a, 0x0c, 0x01, 0x79, 0x0d, 0x5b, 0x0d, 0x00,
    0x00, 0x51, 0x0a, 0x04, 0x01, 0x00, 0x51, 0x6f, 0x09, 0x01, 0x79, 0x28, 0x1b, 0x09, 0x00, 0x79,
    0x79, 0x0c, 0x0d, 0x00, 0x79, 0x28, 0x75, 0x03, 0x00, 0x79, 0x28, 0x01, 0x01, 0x00, 0x79, 0x28,
    0x6f, 0x04, 0x00, 0x79, 0x79, 0x6d, 0x04, 0x00, 0x00, 0x51, 0x01, 0x03, 0x01, 0x79, 0x0d, 0x1f,
    0x00, 0x00, 0x00, 0x00, 0x0d, 0x0d, 0x01, 0x00, 0x51, 0x27, 0x0c, 0x01, 0x79, 0x79, 0x0a, 0x03,
    0x00, 0x00, 0x6c, 0x00, 0x00, 0x01, 0x79, 0x79, 0x04, 0x0a, 0x00, 0x00, 0x51, 0x5a, 0x0a, 0x01,
    0x79, 0x79, 0x76, 0x09, 0x00, 0x79, 0x79, 0x0d, 0x01, 0x00, 0x79, 0x55, 0x5d, 0x09, 0x00, 0x79,
    0x70, 0x78, 0x04, 0x00, 0x00, 0x51, 0x03, 0x04, 0x01, 0x00, 0x51, 0x51, 0x09, 0x01, 0x79, 0x79,
    0x1f, 0x0d, 0x00, 0x79, 0x0d, 0x51, 0x01, 0x00, 0x00, 0x6c, 0x6c, 0x0a, 0x01, 0x79, 0x79, 0x03,
    0x04, 0x00, 0x00, 0x00, 0x5b, 0x09, 0x01, 0x00, 0x00, 0x70, 0x01, 0x01, 0x00, 0x00, 0x0c, 0x00,
    0x01, 0x79, 0x79, 0x24, 0x00, 0x00, 0x00, 0x51, 0x75, 0x0c, 0x01, 0x79, 0x79, 0x24, 0x0d, 0x00,
    0x00, 0x00, 0x24, 0x0c, 0x01, 0x00, 0x00, 0x03, 0x00, 0x01, 0x79, 0x28, 0x5b, 0x01, 0x00, 0x00,
    0x51, 0x1e, 0x01, 0x01, 0x79, 0x79, 0x01, 0x04, 0x00, 0x00, 0x51, 0x00, 0x0d, 0x01, 0x79, 0x5e,
    0x54, 0x01, 0x00, 0x00, 0x51, 0x5e, 0x00, 0x01, 0x79, 0x79, 0x6f, 0x03, 0x00, 0x00, 0x1b, 0x04,
    0x01, 0x01, 0x00, 0x51, 0x0a, 0x01, 0x01, 0x00, 0x00, 0x55, 0x04, 0x01, 0x00, 0x51, 0x00, 0x0d,
    0x01, 0x00, 0x51, 0x03, 0x0a, 0x01, 0x79, 0x79, 0x5d, 0x0a, 0x00, 0x79, 0x28, 0x5d, 0x09, 0x00,
    0x79, 0x79, 0x04, 0x0d, 0x00, 0x79, 0x79, 0x6f, 0x01, 0x00, 0x00, 0x51, 0x6c, 0x0c, 0x01, 0x00,
    0x00, 0x6d, 0x09, 0x01, 0x79, 0x79, 0x75, 0x09, 0x00, 0x79, 0x28, 0x25, 0x01, 0x00, 0x79, 0x28,
    0x04, 0x0a, 0x00, 0x00, 0x00, 0x6c, 0x0d, 0x01, 0x00, 0x00, 0x24, 0x0d, 0x01, 0x00, 0x00, 0x0a,
    0x01, 0x01, 0x00, 0x51, 0x6f, 0x0c, 0x01, 0x00, 0x00, 0x1b, 0x04, 0x01, 0x00, 0x00, 0x52, 0x0d,
    0x01, 0x00, 0x51, 0x54, 0x09, 0x01, 0x00, 0x00, 0x76, 0x00, 0x01, 0x00, 0x00, 0x78, 0x09, 0x01,
    0x00, 0x00, 0x0d, 0x00, 0x01, 0x79, 0x28, 0x27, 0x03, 0x00, 0x00, 0x00, 0x01, 0x04, 0x01, 0x00,
    0x51, 0x1e, 0x03, 0x01, 0x79, 0x0d, 0x01, 0x0a, 0x00, 0x79, 0x79, 0x52, 0x03, 0x00, 0x79, 0x79,
    0x5d, 0x01, 0x00, 0x00, 0x00, 0x54, 0x0a, 0x01, 0x00, 0x51, 0x24, 0x0a, 0x01, 0x79, 0x79, 0x5d,
    0x01, 0x00, 0x00, 0x51, 0x28, 0x01, 0x01, 0x00, 0x6c, 0x04, 0x04, 0x01, 0x79, 0x79, 0x52, 0x0d,
    0x00, 0x00, 0x51, 0x5d, 0x09, 0x01, 0x79, 0x79, 0x6d, 0x01, 0x00, 0x00, 0x00, 0x51, 0x04, 0x01,
    0x79, 0x28, 0x28, 0x09, 0x00, 0x00, 0x51, 0x51, 0x0d, 0x01, 0x79, 0x79, 0x09, 0x0a, 0x00, 0x00,
    0x51, 0x54, 0x03, 0x01, 0x79, 0x28, 0x5d, 0x09, 0x00, 0x00, 0x51, 0x03, 0x09, 0x01, 0x79, 0x28,
    0x09, 0x04, 0x00, 0x79, 0x28, 0x0a, 0x03, 0x00, 0x00, 0x00, 0x75, 0x0c, 0x01, 0x79, 0x79, 0x28,
    0x03, 0x00, 0x79, 0x28, 0x09, 0x0d, 0x00, 0x00, 0x00, 0x00, 0x09, 0x01, 0x00, 0x00, 0x78, 0x0c,
    0x01, 0x00, 0x51, 0x75, 0x01, 0x01, 0x00, 0x00, 0x0d, 0x03, 0x01, 0x79, 0x28, 0x1c, 0x03, 0x00,
    0x79, 0x5e, 0x24, 0x0a, 0x00, 0x79, 0x79, 0x76, 0x04, 0x00, 0x00, 0x51, 0x6c, 0x01, 0x01, 0x79,
    0x79, 0x24, 0x04, 0x00, 0x79, 0x79, 0x03, 0x0a, 0x00, 0x79, 0x79, 0x70, 0x01, 0x00, 0x79, 0x70,
    0x1b, 0x01, 0x00, 0x79, 0x28, 0x78, 0x09, 0x00, 0x00, 0x00, 0x1c, 0x09, 0x01, 0x00, 0x00, 0x5e,
    0x0c, 0x01, 0x00, 0x00, 0x6f, 0x0c, 0x01, 0x00, 0x1b, 0x27, 0x0a, 0x01, 0x79, 0x55, 0x5b, 0x03,
    0x00, 0x79, 0x0d, 0x27, 0x0a, 0x00, 0x00, 0x00, 0x76, 0x0c, 0x01, 0x00, 0x51, 0x03, 0x00, 0x01,
    0x79, 0x79, 0x1b, 0x00, 0x00, 0x79, 0x28, 0x76, 0x0d, 0x00, 0x00, 0x00, 0x03, 0x0c, 0x01, 0x79,
    0x28, 0x03, 0x0d, 0x00, 0x00, 0x1b, 0x0a, 0x0d, 0x01, 0x79, 0x79, 0x76, 0x09, 0x00, 0x79, 0x79,
    0x79, 0x04, 0x00, 0x79, 0x79, 0x25, 0x01, 0x00, 0x79, 0x0d, 0x5b, 0x0c, 0x00, 0x00, 0x51, 0x54,
    0x04, 0x01, 0x00, 0x1b, 0x52, 0x04, 0x01, 0x00, 0x00, 0x00, 0x00, 0x01, 0x79, 0x79, 0x0a, 0x0d,
    0x00, 0x79, 0x79, 0x0d, 0x0a, 0x00, 0x00, 0x00, 0x55, 0x01, 0x01, 0x00, 0x00, 0x5a, 0x01, 0x01,
    0x79, 0x79, 0x55, 0x04, 0x00, 0x79, 0x79, 0x0a, 0x01, 0x00, 0x00, 0x00, 0x79, 0x04, 0x01, 0x79,
    0x79, 0x76, 0x0d, 0x00, 0x79, 0x79, 0x5b, 0x01, 0x00, 0x00, 0x00, 0x01, 0x0c, 0x01, 0x00, 0x00,
    0x1f, 0x00, 0x01, 0x79, 0x79, 0x55, 0x03, 0x00, 0x79, 0x79, 0x0d, 0x09, 0x00, 0x79, 0x79, 0x1f,
    0x0c, 0x00, 0x00, 0x00, 0x6f, 0x00, 0x01, 0x79, 0x79, 0x54, 0x01, 0x00, 0x79, 0x79, 0x04, 0x0a,
    0x00, 0x79, 0x79, 0x04, 0x04, 0x00, 0x00, 0x51, 0x6c, 0x0a, 0x01, 0x00, 0x1b, 0x75, 0x0a, 0x01,
    0x00, 0x00, 0x5a, 0x00, 0x01, 0x79, 0x79, 0x24, 0x01, 0x00, 0x79, 0x79, 0x79, 0x0d, 0x00, 0x79,
    0x28, 0x5d, 0x00, 0x00, 0x79, 0x79, 0x04, 0x0a, 0x00, 0x79, 0x79, 0x70, 0x00, 0x00, 0x79, 0x79,
    0x28, 0x0d, 0x00, 0x00, 0x51, 0x24, 0x00, 0x01, 0x79, 0x28, 0x51, 0x00, 0x00, 0x00, 0x00, 0x24,
    0x01, 0x01, 0x79, 0x79, 0x1e, 0x04, 0x00, 0x79, 0x79, 0x5b, 0x0d, 0x00, 0x00, 0x00, 0x5d, 0x0a,
    0x01, 0x00, 0x00, 0x24, 0x09, 0x01, 0x00, 0x51, 0x0c, 0x00, 0x01, 0x00, 0x00, 0x5d, 0x00, 0x01,
    0x00, 0x00, 0x03, 0x0d, 0x01, 0x00, 0x00, 0x6d, 0x09, 0x01, 0x79, 0x79, 0x09, 0x0d, 0x00, 0x00,
    0x00, 0x76, 0x01, 0x01, 0x79, 0x79, 0x5b, 0x0d, 0x00, 0x79, 0x79, 0x27, 0x0d, 0x00, 0x79, 0x5e,
    0x27, 0x03, 0x00, 0x79, 0x79, 0x5e, 0x00, 0x00, 0x79, 0x79, 0x76, 0x00, 0x00, 0x79, 0x5e, 0x5e,
    0x0c, 0x00, 0x00, 0x00, 0x5a, 0x0c, 0x01, 0x79, 0x79, 0x00, 0x0a, 0x00, 0x00, 0x51, 0x55, 0x09,
    0x01, 0x00, 0x00, 0x04, 0x0d, 0x01, 0x00, 0x5a, 0x6f, 0x00, 0x01, 0x00, 0x00, 0x6d, 0x0a, 0x01,
    0x79, 0x79, 0x76, 0x04, 0x00, 0x79, 0x0d, 0x03, 0x0d, 0x00, 0x00, 0x00, 0x1f, 0x01, 0x01, 0x00,
    0x51, 0x03, 0x0a, 0x01, 0x79, 0x79, 0x5b, 0x01, 0x00, 0x00, 0x00, 0x78, 0x0c, 0x01, 0x79, 0x28,
    0x1c, 0x0a, 0x00, 0x79, 0x79, 0x28, 0x04, 0x00, 0x00, 0x00, 0x6d, 0x03, 0x01, 0x00, 0x51, 0x75,
    0x00, 0x01, 0x79, 0x79, 0x5e, 0x03, 0x00, 0x79, 0x28, 0x5b, 0x0c, 0x00, 0x79, 0x70, 0x55, 0x01,
    0x00, 0x00, 0x1b, 0x01, 0x01, 0x01, 0x00, 0x6c, 0x6c, 0x00, 0x01, 0x79, 0x79, 0x75, 0x0c, 0x00,
    0x00, 0x51, 0x1b, 0x09, 0x01, 0x00, 0x6c, 0x0a, 0x0a, 0x01, 0x00, 0x00, 0x54, 0x01, 0x01, 0x79,
    0x79, 0x28, 0x0a, 0x00, 0x79, 0x79, 0x6d, 0x03, 0x00, 0x00, 0x00, 0x5b, 0x00, 0x01, 0x79, 0x79,
    0x27, 0x09, 0x00, 0x00, 0x00, 0x78, 0x04, 0x01, 0x00, 0x00, 0x6f, 0x0c, 0x01, 0x79, 0x79, 0x24,
    0x0c, 0x00, 0x79, 0x5e, 0x79, 0x0d, 0x00, 0x79, 0x0d, 0x1e, 0x0d, 0x00, 0x00, 0x54, 0x24, 0x03,
    0x01, 0x00, 0x00, 0x1f, 0x03, 0x01, 0x79, 0x5e, 0x5e, 0x0a, 0x00, 0x79, 0x79, 0x1f, 0x0a, 0x00,
    0x00, 0x00, 0x01, 0x00, 0x01, 0x79, 0x28, 0x28, 0x01, 0x00, 0x00, 0x00, 0x0a, 0x00, 0x01, 0x00,
    0x1b, 0x0c, 0x01, 0x01, 0x79, 0x28, 0x0d, 0x00, 0x00, 0x00, 0x00, 0x01, 0x03, 0x01, 0x79, 0x79,
    0x5e, 0x01, 0x00, 0x00, 0x00, 0x0c, 0x01, 0x01, 0x79, 0x79, 0x6f, 0x0a, 0x00, 0x00, 0x00, 0x04,
    0x0c, 0x01, 0x79, 0x28, 0x04, 0x03, 0x00, 0x79, 0x79, 0x70, 0x0d, 0x00, 0x79, 0x28, 0x25, 0x09,
    0x00, 0x00, 0x00, 0x09, 0x04, 0x01, 0x00, 0x51, 0x78, 0x00, 0x01, 0x79, 0x79, 0x25, 0x00, 0x00,
    0x00, 0x51, 0x09, 0x01, 0x01, 0x00, 0x00, 0x52, 0x03, 0x01, 0x79, 0x79, 0x28, 0x01, 0x00, 0x79,
    0x28, 0x76, 0x03, 0x00, 0x00, 0x51, 0x5d, 0x0c, 0x01, 0x00, 0x6c, 0x1b, 0x03, 0x01, 0x79, 0x79,
    0x70, 0x03, 0x00, 0x79, 0x28, 0x1c, 0x01, 0x00, 0x00, 0x51, 0x04, 0x04, 0x01, 0x79, 0x28, 0x04,
    0x0d, 0x00, 0x00, 0x00, 0x04, 0x03, 0x01, 0x00, 0x00, 0x1b, 0x09, 0x01, 0x79, 0x79, 0x09, 0x0c,
    0x00, 0x79, 0x79, 0x1f, 0x0a, 0x00, 0x79, 0x79, 0x51, 0x0d, 0x00, 0x00, 0x51, 0x5d, 0x00, 0x01,
    0x79, 0x79, 0x52, 0x09, 0x00, 0x79, 0x28, 0x51, 0x0d, 0x00, 0x79, 0x28, 0x1f, 0x0c, 0x00, 0x79,
    0x79, 0x6c, 0x00, 0x00, 0x79, 0x28, 0x79, 0x00, 0x00, 0x79, 0x28, 0x79, 0x0a, 0x00, 0x00, 0x00,
    0x03, 0x0a, 0x01, 0x00, 0x00, 0x25, 0x03, 0x01, 0x00, 0x00, 0x5b, 0x04, 0x01, 0x79, 0x79, 0x03,
    0x04, 0x00, 0x00, 0x00, 0x25, 0x0a, 0x01, 0x00, 0x00, 0x78, 0x01, 0x01, 0x79, 0x28, 0x5a, 0x03,
    0x00, 0x79, 0x5e, 0x1c, 0x03, 0x00, 0x79, 0x28, 0x25, 0x01, 0x00, 0x79, 0x79, 0x76, 0x00, 0x00,
    0x00, 0x51, 0x6f, 0x01, 0x01, 0x00, 0x00, 0x76, 0x0d, 0x01, 0x79, 0x79, 0x54, 0x0d, 0x00, 0x00,
    0x1b, 0x0c, 0x00, 0x01, 0x00, 0x00, 0x6f, 0x01, 0x01, 0x00, 0x6c, 0x70, 0x0d, 0x01, 0x79, 0x5e,
    0x51, 0x00, 0x00, 0x79, 0x28, 0x5e, 0x09, 0x00, 0x00, 0x1b, 0x6d, 0x04, 0x01, 0x00, 0x00, 0x70,
    0x0c, 0x01, 0x79, 0x79, 0x0d, 0x0c, 0x00, 0x00, 0x00, 0x01, 0x0a, 0x01, 0x00, 0x00, 0x01, 0x03,
    0x01, 0x00, 0x51, 0x1e, 0x09, 0x01, 0x00, 0x09, 0x1b, 0x03, 0x01, 0x79, 0x28, 0x25, 0x09, 0x00,
    0x79, 0x28, 0x04, 0x0a, 0x00, 0x79, 0x79, 0x1f, 0x00, 0x00, 0x00, 0x00, 0x0c, 0x03, 0x01, 0x00,
    0x6c, 0x6f, 0x0a, 0x01, 0x79, 0x79, 0x78, 0x0a, 0x00, 0x79, 0x25, 0x5a, 0x04, 0x00, 0x00, 0x00,
    0x1c, 0x0c, 0x01, 0x00, 0x00, 0x0c, 0x03, 0x01, 0x79, 0x79, 0x24, 0x09, 0x00, 0x00, 0x1b, 0x54,
    0x0d, 0x01, 0x00, 0x51, 0x0a, 0x00, 0x01, 0x00, 0x00, 0x51, 0x0d, 0x01, 0x79, 0x70, 0x79, 0x0d,
    0x00, 0x00, 0x00, 0x04, 0x0c, 0x01, 0x79, 0x79, 0x27, 0x01, 0x00, 0x00, 0x00, 0x78, 0x00, 0x01,
    0x00, 0x00, 0x6f, 0x00, 0x01, 0x00, 0x51, 0x6f, 0x01, 0x01, 0x79, 0x79, 0x78, 0x03, 0x00, 0x79,
    0x79, 0x24, 0x03, 0x00, 0x79, 0x79, 0x6f, 0x04, 0x00, 0x00, 0x00, 0x09, 0x0d, 0x01, 0x00, 0x00,
    0x54, 0x09, 0x01, 0x00, 0x00, 0x78, 0x0d, 0x01, 0x79, 0x28, 0x79, 0x04, 0x00, 0x00, 0x00, 0x54,
    0x0d, 0x01, 0x00, 0x00, 0x00, 0x0d, 0x01, 0x00, 0x00, 0x24, 0x01, 0x01, 0x00, 0x00, 0x5d, 0x00,
    0x01, 0x79, 0x79, 0x78, 0x0d, 0x00, 0x79, 0x28, 0x6f, 0x00, 0x00, 0x79, 0x79, 0x52, 0x01, 0x00,
    0x79, 0x79, 0x1c, 0x09, 0x00, 0x00, 0x00, 0x03, 0x0d, 0x01, 0x79, 0x79, 0x03, 0x03, 0x00, 0x00,
    0x00, 0x01, 0x09, 0x01, 0x00, 0x00, 0x09, 0x03, 0x01, 0x79, 0x79, 0x0d, 0x03, 0x00, 0x00, 0x00,
    0x1b, 0x09, 0x01, 0x00, 0x00, 0x5b, 0x09, 0x01, 0x00, 0x00, 0x76, 0x04, 0x01, 0x00, 0x00, 0x27,
    0x0d, 0x01, 0x79, 0x79, 0x70, 0x0c, 0x00, 0x79, 0x79, 0x76, 0x09, 0x00, 0x00, 0x00, 0x6f, 0x0c,
    0x01, 0x79, 0x79, 0x5d, 0x0d, 0x00, 0x00, 0x00, 0x79, 0x09, 0x01, 0x00, 0x51, 0x75, 0x04, 0x01,
    0x00, 0x00, 0x5a, 0x0a, 0x01, 0x00, 0x00, 0x5d, 0x0a, 0x01, 0x00, 0x00, 0x03, 0x0c, 0x01, 0x79,
    0x79, 0x1e, 0x00, 0x00, 0x00, 0x00, 0x0c, 0x0c, 0x01, 0x79, 0x79, 0x76, 0x0c, 0x00, 0x00, 0x00,
    0x76, 0x00, 0x01, 0x79, 0x79, 0x01, 0x00, 0x00, 0x79, 0x79, 0x1b, 0x09, 0x00, 0x00, 0x00, 0x6f,
    0x0c, 0x01, 0x00, 0x00, 0x55, 0x04, 0x01, 0x00, 0x00, 0x03, 0x04, 0x01, 0x79, 0x28, 0x5e, 0x00,
    0x00, 0x00, 0x00, 0x55, 0x00, 0x01, 0x79, 0x79, 0x52, 0x0d, 0x00, 0x79, 0x28, 0x1f, 0x0a, 0x00,
    0x00, 0x00, 0x24, 0x0a, 0x01, 0x00, 0x51, 0x6f, 0x0a, 0x01, 0x79, 0x79, 0x03, 0x01, 0x00, 0x79,
    0x79, 0x25, 0x0d, 0x00, 0x00, 0x00, 0x24, 0x00, 0x01, 0x00, 0x00, 0x1e, 0x04, 0x01, 0x00, 0x00,
    0x0a, 0x0d, 0x01, 0x00, 0x51, 0x1c, 0x01, 0x01, 0x00, 0x51, 0x6d, 0x0c, 0x01, 0x79, 0x79, 0x1f,
    0x09, 0x00, 0x00, 0x00, 0x00, 0x01, 0x01, 0x79, 0x79, 0x5e, 0x0d, 0x00, 0x79, 0x79, 0x01, 0x00,
    0x00, 0x00, 0x1b, 0x0d, 0x03, 0x01, 0x79, 0x79, 0x28, 0x0c, 0x00, 0x79, 0x79, 0x1b, 0x04, 0x00,
    0x79, 0x79, 0x54, 0x00, 0x00, 0x00, 0x51, 0x00, 0x0d, 0x01, 0x79, 0x28, 0x01, 0x01, 0x00, 0x79,
    0x79, 0x27, 0x0a, 0x00, 0x00, 0x51, 0x27, 0x00, 0x01, 0x79, 0x79, 0x0a, 0x0d, 0x00, 0x79, 0x79,
    0x1e, 0x01, 0x00, 0x79, 0x28, 0x0c, 0x09, 0x00, 0x79, 0x28, 0x0d, 0x0c, 0x00, 0x79, 0x79, 0x70,
    0x04, 0x00, 0x00, 0x51, 0x78, 0x09, 0x01, 0x00, 0x51, 0x75, 0x01, 0x01, 0x00, 0x00, 0x25, 0x00,
    0x01, 0x00, 0x6c, 0x24, 0x0d, 0x01, 0x79, 0x79, 0x0d, 0x00, 0x00, 0x00, 0x00, 0x00, 0x03, 0x01,
    0x79, 0x79, 0x0d, 0x04, 0x00, 0x79, 0x79, 0x1b, 0x04, 0x00, 0x79, 0x28, 0x1f, 0x0a, 0x00, 0x00,
    0x00, 0x5e, 0x04, 0x01, 0x00, 0x00, 0x6f, 0x09, 0x01, 0x79, 0x0d, 0x6c, 0x04, 0x00, 0x79, 0x0d,
    0x52, 0x03, 0x00, 0x00, 0x00, 0x6f, 0x0d, 0x01, 0x00, 0x00, 0x24, 0x09, 0x01, 0x00, 0x00, 0x5d,
    0x0c, 0x01, 0x00, 0x00, 0x5b, 0x03, 0x01, 0x00, 0x00, 0x0d, 0x01, 0x01, 0x79, 0x79, 0x6c, 0x03,
    0x00, 0x00, 0x51, 0x00, 0x00, 0x01, 0x79, 0x79, 0x28, 0x04, 0x00, 0x79, 0x5e, 0x5e, 0x00, 0x00,
    0x79, 0x79, 0x79, 0x01, 0x00, 0x00, 0x51, 0x1c, 0x0a, 0x01, 0x00, 0x00, 0x01, 0x0d, 0x01, 0x79,
    0x79, 0x0d, 0x04, 0x00, 0x00, 0x00, 0x75, 0x09, 0x01, 0x00, 0x00, 0x1f, 0x0d, 0x01, 0x00, 0x1b,
    0x79, 0x03, 0x01, 0x79, 0x79, 0x54, 0x00, 0x00, 0x79, 0x79, 0x0a, 0x00, 0x00, 0x79, 0x79, 0x79,
    0x01, 0x00, 0x00, 0x00, 0x6c, 0x04, 0x01, 0x00, 0x09, 0x6f, 0x03, 0x01, 0x00, 0x1b, 0x6c, 0x03,
    0x01, 0x79, 0x79, 0x55, 0x01, 0x00, 0x79, 0x79, 0x1f, 0x03, 0x00, 0x79, 0x79, 0x0a, 0x03, 0x00,
    0x79, 0x79, 0x5e, 0x03, 0x00, 0x79, 0x79, 0x0c, 0x0d, 0x00, 0x79, 0x79, 0x28, 0x04, 0x00, 0x79,
    0x79, 0x28, 0x0d, 0x00, 0x00, 0x51, 0x1b, 0x0a, 0x01, 0x00, 0x00, 0x09, 0x04, 0x01, 0x00, 0x00,
    0x54, 0x0d, 0x01, 0x79, 0x79, 0x25, 0x04, 0x00, 0x00, 0x00, 0x1b, 0x09, 0x01, 0x79, 0x79, 0x5b,
    0x01, 0x00, 0x00, 0x1b, 0x03, 0x0a, 0x01, 0x79, 0x79, 0x51, 0x04, 0x00, 0x00, 0x00, 0x5d, 0x01,
    0x01, 0x00, 0x00, 0x75, 0x0c, 0x01, 0x79, 0x79, 0x51, 0x0d, 0x00, 0x79, 0x79, 0x70, 0x0a, 0x00,
    0x79, 0x79, 0x0c, 0x04, 0x00, 0x00, 0x00, 0x0a, 0x0d, 0x01, 0x79, 0x79, 0x04, 0x03, 0x00, 0x79,
    0x79, 0x5e, 0x00, 0x00, 0x00, 0x1b, 0x52, 0x01, 0x01, 0x79, 0x79, 0x6f, 0x01, 0x00, 0x79, 0x28,
    0x0d, 0x01, 0x00, 0x00, 0x51, 0x24, 0x01, 0x01, 0x00, 0x00, 0x0c, 0x04, 0x01, 0x79, 0x28, 0x5e,
    0x03, 0x00, 0x00, 0x00, 0x5d, 0x01, 0x01, 0x79, 0x79, 0x5e, 0x00, 0x00, 0x00, 0x00, 0x1e, 0x0d,
    0x01, 0x00, 0x1b, 0x6f, 0x09, 0x01, 0x00, 0x51, 0x52, 0x0d, 0x01, 0x00, 0x51, 0x0c, 0x04, 0x01,
    0x79, 0x28, 0x24, 0x00, 0x00, 0x00, 0x00, 0x51, 0x04, 0x01, 0x79, 0x79, 0x75, 0x0c, 0x00, 0x00,
    0x00, 0x0a, 0x04, 0x01, 0x00, 0x00, 0x79, 0x0a, 0x01, 0x79, 0x28, 0x70, 0x09, 0x00, 0x79, 0x79,
    0x6c, 0x09, 0x00, 0x79, 0x79, 0x70, 0x09, 0x00, 0x00, 0x00, 0x00, 0x00, 0x01, 0x79, 0x79, 0x76,
    0x0a, 0x00, 0x79, 0x79, 0x76, 0x01, 0x00, 0x00, 0x00, 0x5b, 0x0c, 0x01, 0x00, 0x00, 0x1e, 0x03,
    0x01, 0x00, 0x00, 0x6f, 0x04, 0x01, 0x79, 0x79, 0x27, 0x0a, 0x00, 0x00, 0x51, 0x27, 0x0d, 0x01,
    0x00, 0x51, 0x75, 0x0d, 0x01, 0x00, 0x1b, 0x6d, 0x0d, 0x01, 0x00, 0x00, 0x1c, 0x0c, 0x01, 0x79,
    0x28, 0x09, 0x01, 0x00, 0x79, 0x28, 0x70, 0x0a, 0x00, 0x00, 0x00, 0x0a, 0x09, 0x01, 0x00, 0x00,
    0x00, 0x03, 0x01, 0x00, 0x00, 0x25, 0x01, 0x01, 0x79, 0x28, 0x03, 0x0c, 0x00, 0x00, 0x00, 0x78,
    0x03, 0x01, 0x00, 0x00, 0x03, 0x0d, 0x01, 0x79, 0x28, 0x79, 0x0a, 0x00, 0x00, 0x00, 0x00, 0x04,
    0x01, 0x00, 0x00, 0x5a, 0x04, 0x01, 0x00, 0x00, 0x6c, 0x0a, 0x01, 0x00, 0x00, 0x04, 0x0d, 0x01,
    0x00, 0x00, 0x75, 0x09, 0x01, 0x79, 0x79, 0x6d, 0x0d, 0x00, 0x00, 0x00, 0x09, 0x01, 0x01, 0x00,
    0x00, 0x6c, 0x0a, 0x01, 0x79, 0x79, 0x51, 0x04, 0x00, 0x00, 0x00, 0x09, 0x0a, 0x01, 0x79, 0x79,
    0x0d, 0x0c, 0x00, 0x79, 0x28, 0x54, 0x0a, 0x00, 0x00, 0x00, 0x5e, 0x04, 0x01, 0x00, 0x00, 0x75,
    0x04, 0x01, 0x00, 0x00, 0x0a, 0x0c, 0x01, 0x00, 0x00, 0x5d, 0x0a, 0x01, 0x79, 0x79, 0x28, 0x0a,
    0x00, 0x79, 0x79, 0x5e, 0x09, 0x00, 0x00, 0x00, 0x5a, 0x04, 0x01, 0x00, 0x00, 0x1b, 0x03, 0x01,
    0x00, 0x00, 0x6c, 0x0c, 0x01, 0x79, 0x79, 0x1c, 0x03, 0x00, 0x79, 0x79, 0x1e, 0x0c, 0x00, 0x00,
    0x00, 0x03, 0x0d, 0x01, 0x00, 0x00, 0x5d, 0x0a, 0x01, 0x79, 0x79, 0x01, 0x03, 0x00, 0x00, 0x00,
    0x03, 0x0d, 0x01, 0x00, 0x00, 0x01, 0x00, 0x01, 0x00, 0x00, 0x27, 0x0d, 0x01, 0x79, 0x79, 0x0d,
    0x0d, 0x00, 0x79, 0x79, 0x6c, 0x00, 0x00, 0x79, 0x79, 0x5e, 0x0a, 0x00, 0x79, 0x28, 0x1e, 0x01,
    0x00, 0x00, 0x00, 0x24, 0x04, 0x01, 0x79, 0x79, 0x54, 0x04, 0x00, 0x00, 0x51, 0x00, 0x00, 0x01,
    0x00, 0x00, 0x54, 0x04, 0x01, 0x79, 0x79, 0x1e, 0x04, 0x00, 0x00, 0x00, 0x28, 0x0d, 0x01, 0x00,
    0x00, 0x0a, 0x0d, 0x01, 0x00, 0x51, 0x00, 0x09, 0x01, 0x79, 0x79, 0x55, 0x0d, 0x00, 0x79, 0x5e,
    0x6c, 0x03, 0x00, 0x79, 0x79, 0x75, 0x0c, 0x00, 0x00, 0x00, 0x0a, 0x09, 0x01, 0x00, 0x00, 0x01,
    0x03, 0x01, 0x00, 0x00, 0x1e, 0x0c, 0x01, 0x00, 0x1b, 0x0c, 0x0a, 0x01, 0x00, 0x51, 0x55, 0x04,
    0x01, 0x79, 0x28, 0x78, 0x03, 0x00, 0x79, 0x28, 0x76, 0x0a, 0x00, 0x79, 0x70, 0x1f, 0x03, 0x00,
    0x00, 0x00, 0x01, 0x01, 0x01, 0x79, 0x79, 0x6d, 0x01, 0x00, 0x00, 0x51, 0x5a, 0x0a, 0x01, 0x79,
    0x28, 0x0a, 0x0c, 0x00, 0x79, 0x79, 0x04, 0x0d, 0x00, 0x00, 0x00, 0x1b, 0x00, 0x01, 0x00, 0x00,
    0x0a, 0x0c, 0x01, 0x79, 0x79, 0x54, 0x01, 0x00, 0x00, 0x51, 0x55, 0x09, 0x01, 0x00, 0x00, 0x76,
    0x01, 0x01, 0x00, 0x00, 0x00, 0x00, 0x01, 0x00, 0x00, 0x54, 0x00, 0x01, 0x00, 0x00, 0x1c, 0x01,
    0x01, 0x79, 0x79, 0x1b, 0x00, 0x00, 0x00, 0x00, 0x75, 0x04, 0x01, 0x79, 0x28, 0x79, 0x0c, 0x00,
    0x79, 0x79, 0x76, 0x0d, 0x00, 0x00, 0x00, 0x51, 0x03, 0x01, 0x00, 0x51, 0x1b, 0x09, 0x01, 0x00,
    0x00, 0x04, 0x01, 0x01, 0x00, 0x51, 0x25, 0x03, 0x01, 0x79, 0x79, 0x6f, 0x09, 0x00, 0x00, 0x00,
    0x03, 0x04, 0x01, 0x79, 0x79, 0x54, 0x0c, 0x00, 0x79, 0x79, 0x54, 0x03, 0x00, 0x79, 0x79, 0x1c,
    0x0d, 0x00, 0x79, 0x79, 0x5b, 0x01, 0x00, 0x00, 0x00, 0x1c, 0x0d, 0x01, 0x79, 0x79, 0x1b, 0x09,
    0x00, 0x00, 0x00, 0x0c, 0x09, 0x01, 0x00, 0x1b, 0x0c, 0x09, 0x01, 0x00, 0x00, 0x0a, 0x03, 0x01,
    0x00, 0x51, 0x52, 0x03, 0x01, 0x79, 0x79, 0x1f, 0x0a, 0x00, 0x00, 0x51, 0x78, 0x0a, 0x01, 0x00,
    0x00, 0x09, 0x0d, 0x01, 0x79, 0x79, 0x70, 0x03, 0x00, 0x00, 0x00, 0x24, 0x0d, 0x01, 0x79, 0x79,
    0x76, 0x0a, 0x00, 0x79, 0x79, 0x6c, 0x0c, 0x00, 0x00, 0x00, 0x0c, 0x04, 0x01, 0x00, 0x00, 0x6c,
    0x00, 0x01, 0x79, 0x28, 0x04, 0x04, 0x00, 0x79, 0x79, 0x04, 0x0a, 0x00, 0x00, 0x6c, 0x6c, 0x0c,
    0x01, 0x00, 0x00, 0x78, 0x04, 0x01, 0x79, 0x79, 0x76, 0x00, 0x00, 0x79, 0x28, 0x1f, 0x03, 0x00,
    0x79, 0x28, 0x55, 0x03, 0x00, 0x79, 0x79, 0x03, 0x09, 0x00, 0x79, 0x79, 0x6d, 0x0c, 0x00, 0x79,
    0x79, 0x55, 0x0c, 0x00, 0x79, 0x79, 0x6d, 0x04, 0x00, 0x79, 0x28, 0x51, 0x01, 0x00, 0x00, 0x51,
    0x51, 0x01, 0x01, 0x79, 0x79, 0x1b, 0x04, 0x00, 0x79, 0x79, 0x27, 0x0d, 0x00, 0x79, 0x28, 0x5e,
    0x0c, 0x00, 0x00, 0x51, 0x5b, 0x09, 0x01, 0x79, 0x79, 0x0d, 0x09, 0x00, 0x00, 0x51, 0x0a, 0x09,
    0x01, 0x00, 0x1b, 0x51, 0x03, 0x01, 0x79, 0x79, 0x1c, 0x00, 0x00, 0x79, 0x79, 0x6d, 0x0d, 0x00,
    0x00, 0x51, 0x6c, 0x01, 0x01, 0x00, 0x51, 0x75, 0x0c, 0x01, 0x00, 0x1b, 0x78, 0x00, 0x01, 0x00,
    0x00, 0x1b, 0x0d, 0x01, 0x79, 0x28, 0x25, 0x01, 0x00, 0x79, 0x79, 0x1e, 0x0a, 0x00, 0x79, 0x79,
    0x28, 0x00, 0x00, 0x00, 0x00, 0x1c, 0x00, 0x01, 0x00, 0x00, 0x03, 0x0a, 0x01, 0x79, 0x79, 0x1c,
    0x0c, 0x00, 0x79, 0x79, 0x01, 0x09, 0x00, 0x00, 0x00, 0x75, 0x04, 0x01, 0x00, 0x51, 0x24, 0x0c,
    0x01, 0x00, 0x00, 0x1f, 0x09, 0x01, 0x79, 0x79, 0x04, 0x0d, 0x00, 0x79, 0x79, 0x5e, 0x04, 0x00,
    0x00, 0x00, 0x51, 0x04, 0x01, 0x00, 0x00, 0x28, 0x0c, 0x01, 0x79, 0x28, 0x52, 0x0c, 0x00, 0x00,
    0x00, 0x03, 0x0d, 0x01, 0x79, 0x79, 0x09, 0x03, 0x00, 0x79, 0x79, 0x1b, 0x03, 0x00, 0x00, 0x00,
    0x51, 0x0a, 0x01, 0x00, 0x51, 0x6f, 0x04, 0x01, 0x79, 0x79, 0x54, 0x09, 0x00, 0x79, 0x79, 0x01,
    0x00, 0x00, 0x79, 0x79, 0x78, 0x09, 0x00, 0x00, 0x00, 0x51, 0x0a, 0x01, 0x79, 0x79, 0x0a, 0x00,
    0x00, 0x79, 0x79, 0x6c, 0x0d, 0x00, 0x00, 0x00, 0x28, 0x00, 0x01, 0x00, 0x00, 0x00, 0x04, 0x01,
    0x79, 0x28, 0x1e, 0x01, 0x00, 0x00, 0x00, 0x5a, 0x0a, 0x01, 0x79, 0x79, 0x27, 0x04, 0x00, 0x79,
    0x79, 0x1b, 0x0d, 0x00, 0x00, 0x00, 0x78, 0x0c, 0x01, 0x79, 0x28, 0x78, 0x0d, 0x00, 0x79, 0x79,
    0x28, 0x00, 0x00, 0x00, 0x00, 0x55, 0x0a, 0x01, 0x79, 0x5e, 0x70, 0x04, 0x00, 0x79, 0x79, 0x78,
    0x00, 0x00, 0x79, 0x28, 0x0d, 0x04, 0x00, 0x00, 0x00, 0x70, 0x03, 0x01, 0x00, 0x00, 0x78, 0x03,
    0x01, 0x00, 0x00, 0x1c, 0x01, 0x01, 0x00, 0x00, 0x1b, 0x0c, 0x01, 0x00, 0x00, 0x6f, 0x01, 0x01,
    0x79, 0x79, 0x6d, 0x01, 0x00, 0x79, 0x79, 0x5e, 0x04, 0x00, 0x79, 0x79, 0x6f, 0x0d, 0x00, 0x00,
    0x00, 0x78, 0x0c, 0x01, 0x00, 0x00, 0x1c, 0x0a, 0x01, 0x79, 0x79, 0x5e, 0x0d, 0x00, 0x00, 0x51,
    0x51, 0x0a, 0x01, 0x79, 0x28, 0x28, 0x01, 0x00, 0x79, 0x79, 0x0d, 0x01, 0x00, 0x00, 0x00, 0x54,
    0x0c, 0x01, 0x00, 0x00, 0x1c, 0x03, 0x01, 0x79, 0x79, 0x5e, 0x01, 0x00, 0x00, 0x00, 0x5a, 0x03,
    0x01, 0x00, 0x00, 0x24, 0x04, 0x01, 0x00, 0x00, 0x1b, 0x09, 0x01, 0x00, 0x00, 0x5a, 0x09, 0x01,
    0x79, 0x79, 0x24, 0x03, 0x00, 0x79, 0x79, 0x1c, 0x03, 0x00, 0x79, 0x79, 0x28, 0x04, 0x00, 0x00,
    0x00, 0x1b, 0x0c, 0x01, 0x00, 0x00, 0x03, 0x09, 0x01, 0x79, 0x79, 0x28, 0x04, 0x00, 0x79, 0x79,
    0x0a, 0x04, 0x00, 0x79, 0x79, 0x0d, 0x04, 0x00, 0x79, 0x79, 0x0c, 0x00, 0x00, 0x00, 0x00, 0x76,
    0x0d, 0x01, 0x79, 0x79, 0x5e, 0x03, 0x00, 0x79, 0x79, 0x1e, 0x09, 0x00, 0x00, 0x00, 0x5b, 0x09,
    0x01, 0x00, 0x00, 0x6c, 0x00, 0x01, 0x00, 0x00, 0x01, 0x09, 0x01, 0x79, 0x79, 0x03, 0x04, 0x00,
    0x00, 0x00, 0x24, 0x04, 0x01, 0x79, 0x79, 0x6f, 0x04, 0x00, 0x00, 0x00, 0x1e, 0x09, 0x01, 0x00,
    0x00, 0x1e, 0x09, 0x01, 0x79, 0x79, 0x5e, 0x03, 0x00, 0x79, 0x79, 0x6f, 0x04, 0x00, 0x00, 0x00,
    0x09, 0x00, 0x01, 0x79, 0x79, 0x5a, 0x00, 0x00, 0x00, 0x51, 0x75, 0x00, 0x01, 0x79, 0x79, 0x6d,
    0x0d, 0x00, 0x79, 0x79, 0x55, 0x0a, 0x00, 0x79, 0x79, 0x1e, 0x01, 0x00, 0x00, 0x00, 0x0c, 0x09,
    0x01, 0x00, 0x00, 0x01, 0x04, 0x01, 0x79, 0x28, 0x55, 0x0a, 0x00, 0x79, 0x0d, 0x04, 0x0d, 0x00,
    0x79, 0x79, 0x78, 0x03, 0x00, 0x79, 0x79, 0x5b, 0x0c, 0x00, 0x00, 0x51, 0x55, 0x04, 0x01, 0x79,
    0x79, 0x5a, 0x00, 0x00, 0x79, 0x5e, 0x6c, 0x09, 0x00, 0x79, 0x0d, 0x01, 0x04, 0x00, 0x79, 0x28,
    0x0d, 0x0d, 0x00, 0x00, 0x00, 0x5d, 0x0a, 0x01, 0x79, 0x28, 0x70, 0x01, 0x00, 0x00, 0x51, 0x04,
    0x0d, 0x01, 0x00, 0x00, 0x1e, 0x0a, 0x01, 0x79, 0x79, 0x27, 0x04, 0x00, 0x00, 0x51, 0x52, 0x00,
    0x01, 0x79, 0x79, 0x75, 0x03, 0x00, 0x79, 0x79, 0x52, 0x0c, 0x00, 0x79, 0x79, 0x5a, 0x09, 0x00,
    0x79, 0x79, 0x24, 0x04, 0x00, 0x00, 0x00, 0x6c, 0x04, 0x01, 0x79, 0x28, 0x55, 0x04, 0x00, 0x00,
    0x1b, 0x1c, 0x0c, 0x01, 0x00, 0x00, 0x76, 0x01, 0x01, 0x79, 0x28, 0x76, 0x09, 0x00, 0x00, 0x00,
    0x51, 0x00, 0x01, 0x79, 0x79, 0x00, 0x00, 0x00, 0x79, 0x79, 0x1b, 0x03, 0x00, 0x79, 0x28, 0x0a,
    0x0d, 0x00, 0x00, 0x1b, 0x1b, 0x00, 0x01, 0x00, 0x00, 0x0c, 0x04, 0x01, 0x00, 0x00, 0x70, 0x0d,
    0x01, 0x00, 0x51, 0x24, 0x04, 0x01, 0x00, 0x00, 0x27, 0x0c, 0x01, 0x00, 0x00, 0x5a, 0x01, 0x01,
    0x79, 0x79, 0x75, 0x00, 0x00, 0x00, 0x00, 0x09, 0x0c, 0x01, 0x00, 0x00, 0x00, 0x0d, 0x01, 0x79,
    0x79, 0x70, 0x0a, 0x00, 0x00, 0x00, 0x51, 0x0c, 0x01, 0x79, 0x28, 0x1f, 0x0a, 0x00, 0x00, 0x00,
    0x0d, 0x0a, 0x01, 0x79, 0x79, 0x04, 0x04, 0x00, 0x79, 0x0d, 0x6d, 0x04, 0x00, 0x79, 0x79, 0x54,
    0x04, 0x00, 0x79, 0x79, 0x01, 0x0c, 0x00, 0x00, 0x51, 0x54, 0x0c, 0x01, 0x00, 0x00, 0x25, 0x00,
    0x01, 0x79, 0x79, 0x79, 0x0a, 0x00, 0x79, 0x79, 0x0c, 0x00, 0x00, 0x00, 0x00, 0x5e, 0x00, 0x01,
    0x00, 0x00, 0x70, 0x01, 0x01, 0x79, 0x28, 0x5b, 0x0a, 0x00, 0x79, 0x28, 0x1e, 0x0c, 0x00, 0x00,
    0x51, 0x70, 0x0d, 0x01, 0x00, 0x51, 0x70, 0x0c, 0x01, 0x79, 0x79, 0x70, 0x00, 0x00, 0x79, 0x79,
    0x28, 0x0c, 0x00, 0x00, 0x00, 0x09, 0x0d, 0x01, 0x00, 0x00, 0x27, 0x00, 0x01, 0x00, 0x00, 0x55,
    0x0d, 0x01, 0x00, 0x00, 0x1e, 0x0d, 0x01, 0x00, 0x00, 0x5a, 0x03, 0x01, 0x79, 0x79, 0x51, 0x09,
    0x00, 0x00, 0x6c, 0x01, 0x09, 0x01, 0x79, 0x28, 0x52, 0x09, 0x00, 0x00, 0x51, 0x01, 0x03, 0x01,
    0x00, 0x00, 0x6c, 0x0a, 0x01, 0x79, 0x79, 0x01, 0x0d, 0x00, 0x79, 0x79, 0x09, 0x01, 0x00, 0x00,
    0x00, 0x1e, 0x03, 0x01, 0x79, 0x79, 0x6f, 0x04, 0x00, 0x79, 0x79, 0x79, 0x01, 0x00, 0x79, 0x79,
    0x0d, 0x0c, 0x00, 0x79, 0x79, 0x51, 0x0c, 0x00, 0x79, 0x28, 0x5d, 0x0d, 0x00, 0x00, 0x00, 0x28,
    0x04, 0x01, 0x79, 0x28, 0x1c, 0x0d, 0x00, 0x79, 0x0d, 0x1f, 0x04, 0x00, 0x00, 0x00, 0x51, 0x04,
    0x01, 0x79, 0x79, 0x09, 0x0d, 0x00, 0x00, 0x00, 0x5e, 0x03, 0x01, 0x79, 0x79, 0x70, 0x00, 0x00,
    0x79, 0x79, 0x0c, 0x0a, 0x00, 0x00, 0x00, 0x54, 0x01, 0x01, 0x79, 0x28, 0x1f, 0x01, 0x00, 0x79,
    0x79, 0x1b, 0x0c, 0x00, 0x79, 0x79, 0x1c, 0x09, 0x00, 0x00, 0x1b, 0x6c, 0x01, 0x01, 0x00, 0x00,
    0x5a, 0x09, 0x01, 0x79, 0x5e, 0x1c, 0x00, 0x00, 0x79, 0x76, 0x25, 0x0a, 0x00, 0x00, 0x6c, 0x6d,
    0x04, 0x01, 0x79, 0x28, 0x27, 0x00, 0x00, 0x79, 0x79, 0x75, 0x0c, 0x00, 0x00, 0x51, 0x00, 0x09,
    0x01, 0x00, 0x00, 0x00, 0x00, 0x01, 0x79, 0x28, 0x1e, 0x04, 0x00, 0x00, 0x51, 0x70, 0x04, 0x01,
    0x00, 0x00, 0x1f, 0x00, 0x01, 0x79, 0x79, 0x04, 0x04, 0x00, 0x79, 0x79, 0x1f, 0x04, 0x00, 0x79,
    0x79, 0x51, 0x04, 0x00, 0x79, 0x79, 0x5b, 0x0c, 0x00, 0x00, 0x00, 0x5d, 0x0c, 0x01, 0x79, 0x79,
    0x70, 0x00, 0x00, 0x00, 0x00, 0x28, 0x0d, 0x01, 0x00, 0x00, 0x00, 0x03, 0x01, 0x79, 0x5e, 0x6f,
    0x04, 0x00, 0x00, 0x00, 0x5e, 0x0d, 0x01, 0x00, 0x00, 0x5e, 0x0d, 0x01, 0x00, 0x51, 0x5a, 0x09,
    0x01, 0x79, 0x0d, 0x76, 0x04, 0x00, 0x00, 0x00, 0x04, 0x00, 0x01, 0x00, 0x51, 0x25, 0x00, 0x01,
    0x00, 0x51, 0x76, 0x00, 0x01, 0x79, 0x79, 0x1e, 0x01, 0x00, 0x79, 0x5e, 0x1f, 0x01, 0x00, 0x00,
    0x00, 0x27, 0x01, 0x01, 0x00, 0x00, 0x25, 0x0a, 0x01, 0x00, 0x00, 0x6f, 0x09, 0x01, 0x00, 0x00,
    0x1e, 0x0a, 0x01, 0x00, 0x00, 0x00, 0x04, 0x01, 0x79, 0x79, 0x09, 0x0d, 0x00, 0x79, 0x79, 0x5e,
    0x00, 0x00, 0x00, 0x00, 0x1c, 0x03, 0x01, 0x00, 0x00, 0x0c, 0x0a, 0x01, 0x79, 0x79, 0x5e, 0x0a,
    0x00, 0x79, 0x79, 0x0a, 0x09, 0x00, 0x79, 0x79, 0x78, 0x04, 0x00, 0x79, 0x79, 0x0c, 0x09, 0x00,
    0x00, 0x00, 0x5a, 0x09, 0x01, 0x00, 0x00, 0x52, 0x0c, 0x01, 0x79, 0x79, 0x01, 0x04, 0x00, 0x00,
    0x00, 0x6f, 0x03, 0x01, 0x79, 0x79, 0x0a, 0x0c, 0x00, 0x79, 0x79, 0x5e, 0x0a, 0x00, 0x00, 0x00,
    0x27, 0x03, 0x01, 0x79, 0x79, 0x28, 0x0c, 0x00, 0x79, 0x79, 0x79, 0x09, 0x00, 0x00, 0x00, 0x24,
    0x0a, 0x01, 0x79, 0x79, 0x28, 0x0a, 0x00, 0x79, 0x79, 0x70, 0x04, 0x00, 0x00, 0x00, 0x1e, 0x0a,
    0x01, 0x00, 0x00, 0x01, 0x0c, 0x01, 0x00, 0x00, 0x6c, 0x04, 0x01, 0x79, 0x79, 0x0d, 0x01, 0x00,
    0x79, 0x79, 0x00, 0x03, 0x00, 0x00, 0x00, 0x6f, 0x04, 0x01, 0x79, 0x79, 0x28, 0x01, 0x00, 0x79,
    0x79, 0x76, 0x03, 0x00, 0x79, 0x79, 0x28, 0x04, 0x00, 0x00, 0x00, 0x24, 0x04, 0x01, 0x00, 0x00,
    0x0c, 0x0d, 0x01, 0x79, 0x79, 0x79, 0x0a, 0x00, 0x00, 0x00, 0x51, 0x09, 0x01, 0x79, 0x79, 0x5d,
    0x09, 0x00, 0x00, 0x00, 0x00, 0x09, 0x01, 0x79, 0x79, 0x55, 0x03, 0x00, 0x00, 0x51, 0x03, 0x01,
    0x01, 0x00, 0x00, 0x1f, 0x0c, 0x01, 0x00, 0x00, 0x76, 0x01, 0x01, 0x00, 0x00, 0x76, 0x00, 0x01,
    0x79, 0x79, 0x5e, 0x04, 0x00, 0x00, 0x00, 0x6f, 0x03, 0x01, 0x00, 0x00, 0x5a, 0x01, 0x01, 0x00,
    0x51, 0x1f, 0x03, 0x01, 0x00, 0x00, 0x6c, 0x04, 0x01, 0x00, 0x09, 0x1e, 0x09, 0x01, 0x00, 0x00,
    0x0d, 0x09, 0x01, 0x00, 0x00, 0x0c, 0x09, 0x01, 0x79, 0x28, 0x5d, 0x03, 0x00, 0x79, 0x79, 0x1c,
    0x0d, 0x00, 0x00, 0x00, 0x5d, 0x01, 0x01, 0x79, 0x79, 0x1f, 0x03, 0x00, 0x79, 0x79, 0x04, 0x0a,
    0x00, 0x79, 0x79, 0x52, 0x00, 0x00, 0x00, 0x00, 0x5e, 0x09, 0x01, 0x00, 0x00, 0x5e, 0x03, 0x01,
    0x00, 0x00, 0x51, 0x0c, 0x01, 0x79, 0x79, 0x5e, 0x0c, 0x00, 0x00, 0x00, 0x51, 0x03, 0x01, 0x79,
    0x79, 0x25, 0x03, 0x00, 0x00, 0x09, 0x25, 0x0a, 0x01, 0x00, 0x6c, 0x09, 0x0d, 0x01, 0x79, 0x79,
    0x09, 0x04, 0x00, 0x79, 0x79, 0x03, 0x03, 0x00, 0x00, 0x51, 0x0a, 0x03, 0x01, 0x79, 0x79, 0x70,
    0x0a, 0x00, 0x00, 0x51, 0x00, 0x09, 0x01, 0x79, 0x79, 0x79, 0x00, 0x00, 0x79, 0x79, 0x5b, 0x0d,
    0x00, 0x00, 0x00, 0x51, 0x0a, 0x01, 0x00, 0x00, 0x78, 0x03, 0x01, 0x00, 0x00, 0x1f, 0x04, 0x01,
    0x79, 0x79, 0x0d, 0x04, 0x00, 0x79, 0x79, 0x1f, 0x01, 0x00, 0x79, 0x79, 0x25, 0x00, 0x00, 0x79,
    0x28, 0x0d, 0x01, 0x00, 0x79, 0x79, 0x03, 0x01, 0x00, 0x79, 0x79, 0x28, 0x01, 0x00, 0x79, 0x79,
    0x75, 0x0d, 0x00, 0x79, 0x79, 0x51, 0x09, 0x00, 0x79, 0x5e, 0x0c, 0x03, 0x00, 0x00, 0x00, 0x52,
    0x0a, 0x01, 0x00, 0x00, 0x01, 0x01, 0x01, 0x79, 0x79, 0x55, 0x0c, 0x00, 0x00, 0x51, 0x1c, 0x0c,
    0x01, 0x00, 0x00, 0x76, 0x04, 0x01, 0x79, 0x28, 0x1b, 0x0d, 0x00, 0x79, 0x28, 0x28, 0x0d, 0x00,
    0x00, 0x51, 0x1c, 0x0a, 0x01, 0x00, 0x51, 0x1f, 0x0a, 0x01, 0x00, 0x1b, 0x01, 0x0a, 0x01, 0x00,
    0x51, 0x51, 0x03, 0x01, 0x79, 0x28, 0x5a, 0x0d, 0x00, 0x79, 0x79, 0x09, 0x0c, 0x00, 0x00, 0x00,
    0x5d, 0x0a, 0x01, 0x00, 0x00, 0x76, 0x0d, 0x01, 0x00, 0x51, 0x24, 0x04, 0x01, 0x79, 0x28, 0x5e,
    0x03, 0x00, 0x79, 0x79, 0x0a, 0x09, 0x00, 0x00, 0x00, 0x27, 0x00, 0x01, 0x00, 0x51, 0x6c, 0x09,
    0x01, 0x79, 0x28, 0x04, 0x0d, 0x00, 0x00, 0x51, 0x6c, 0x03, 0x01, 0x00, 0x24, 0x09, 0x01, 0x01,
    0x00, 0x51, 0x5a, 0x0a, 0x01, 0x79, 0x79, 0x78, 0x04, 0x00, 0x00, 0x51, 0x79, 0x01, 0x01, 0x79,
    0x28, 0x78, 0x0a, 0x00, 0x00, 0x51, 0x1c, 0x01, 0x01, 0x00, 0x51, 0x0d, 0x04, 0x01, 0x00, 0x00,
    0x01, 0x0c, 0x01, 0x00, 0x00, 0x27, 0x00, 0x01, 0x79, 0x5e, 0x00, 0x00, 0x00, 0x00, 0x51, 0x1f,
    0x03, 0x01, 0x00, 0x00, 0x55, 0x04, 0x01, 0x00, 0x00, 0x0c, 0x00, 0x01, 0x00, 0x00, 0x1b, 0x0c,
    0x01, 0x00, 0x00, 0x76, 0x04, 0x01, 0x00, 0x6c, 0x1e, 0x03, 0x01, 0x79, 0x79, 0x6f, 0x09, 0x00,
    0x00, 0x00, 0x76, 0x0a, 0x01, 0x00, 0x00, 0x52, 0x09, 0x01, 0x79, 0x79, 0x5e, 0x01, 0x00, 0x79,
    0x79, 0x76, 0x00, 0x00, 0x79, 0x28, 0x0d, 0x0c, 0x00, 0x00, 0x51, 0x1b, 0x00, 0x01, 0x79, 0x79,
    0x0c, 0x09, 0x00, 0x00, 0x00, 0x25, 0x0c, 0x01, 0x00, 0x00, 0x25, 0x0a, 0x01, 0x79, 0x79, 0x6c,
    0x03, 0x00, 0x00, 0x00, 0x1c, 0x03, 0x01, 0x00, 0x1b, 0x78, 0x01, 0x01, 0x00, 0x00, 0x70, 0x0c,
    0x01, 0x79, 0x0d, 0x70, 0x09, 0x00, 0x00, 0x09, 0x54, 0x09, 0x01, 0x79, 0x79, 0x54, 0x01, 0x00,
    0x00, 0x00, 0x76, 0x0c, 0x01, 0x00, 0x1b, 0x54, 0x0a, 0x01, 0x00, 0x51, 0x54, 0x09, 0x01, 0x79,
    0x79, 0x54, 0x00, 0x00, 0x79, 0x28, 0x51, 0x03, 0x00, 0x00, 0x00, 0x5d, 0x0c, 0x01, 0x00, 0x51,
    0x1b, 0x00, 0x01, 0x79, 0x28, 0x27, 0x01, 0x00, 0x79, 0x28, 0x79, 0x0d, 0x00, 0x00, 0x51, 0x6c,
    0x03, 0x01, 0x00, 0x00, 0x03, 0x01, 0x01, 0x79, 0x79, 0x03, 0x04, 0x00, 0x79, 0x79, 0x52, 0x00,
    0x00, 0x79, 0x79, 0x79, 0x0a, 0x00, 0x79, 0x28, 0x5e, 0x0c, 0x00, 0x00, 0x51, 0x52, 0x0d, 0x01,
    0x00, 0x51, 0x00, 0x0a, 0x01, 0x00, 0x00, 0x78, 0x04, 0x01, 0x79, 0x79, 0x0a, 0x0a, 0x00, 0x00,
    0x00, 0x1b, 0x0d, 0x01, 0x00, 0x00, 0x1b, 0x09, 0x01, 0x00, 0x1b, 0x6c, 0x0d, 0x01, 0x00, 0x5a,
    0x75, 0x01, 0x01, 0x00, 0x51, 0x09, 0x0d, 0x01, 0x79, 0x28, 0x09, 0x00, 0x00, 0x00, 0x51, 0x1f,
    0x09, 0x01, 0x00, 0x00, 0x78, 0x0c, 0x01, 0x79, 0x79, 0x5a, 0x0c, 0x00, 0x79, 0x79, 0x27, 0x0c,
    0x00, 0x00, 0x00, 0x5b, 0x03, 0x01, 0x79, 0x79, 0x51, 0x0c, 0x00, 0x79, 0x79, 0x78, 0x01, 0x00,
    0x79, 0x79, 0x1b, 0x0a, 0x00, 0x79, 0x79, 0x28, 0x04, 0x00, 0x00, 0x51, 0x01, 0x0a, 0x01, 0x00,
    0x00, 0x79, 0x0c, 0x01, 0x00, 0x00, 0x6c, 0x01, 0x01, 0x79, 0x79, 0x0a, 0x0c, 0x00, 0x79, 0x79,
    0x1c, 0x04, 0x00, 0x79, 0x79, 0x55, 0x00, 0x00, 0x79, 0x79, 0x04, 0x0a, 0x00, 0x79, 0x79, 0x25,
    0x09, 0x00, 0x79, 0x79, 0x0c, 0x0c, 0x00, 0x00, 0x00, 0x09, 0x09, 0x01, 0x00, 0x51, 0x78, 0x0c,
    0x01, 0x79, 0x28, 0x78, 0x0d, 0x00, 0x79, 0x79, 0x5a, 0x0d, 0x00, 0x79, 0x79, 0x76, 0x09, 0x00,
    0x00, 0x00, 0x6c, 0x0c, 0x01, 0x79, 0x79, 0x1e, 0x01, 0x00, 0x00, 0x51, 0x01, 0x00, 0x01, 0x79,
    0x79, 0x76, 0x04, 0x00, 0x00, 0x51, 0x5a, 0x03, 0x01, 0x00, 0x00, 0x0c, 0x00, 0x01, 0x00, 0x00,
    0x5d, 0x00, 0x01, 0x79, 0x79, 0x1b, 0x0d, 0x00, 0x00, 0x00, 0x70, 0x01, 0x01, 0x00, 0x24, 0x27,
    0x0a, 0x01, 0x79, 0x79, 0x00, 0x09, 0x00, 0x00, 0x5a, 0x27, 0x0a, 0x01, 0x79, 0x79, 0x1f, 0x0c,
    0x00, 0x79, 0x79, 0x01, 0x00, 0x00, 0x79, 0x28, 0x0d, 0x03, 0x00, 0x79, 0x79, 0x52, 0x03, 0x00,
    0x79, 0x55, 0x70, 0x09, 0x00, 0x00, 0x00, 0x00, 0x0d, 0x01, 0x00, 0x51, 0x25, 0x0a, 0x01, 0x79,
    0x28, 0x01, 0x0a, 0x00, 0x00, 0x00, 0x54, 0x0c, 0x01, 0x79, 0x79, 0x01, 0x03, 0x00, 0x79, 0x79,
    0x6c, 0x00, 0x00, 0x00, 0x51, 0x55, 0x0d, 0x01, 0x79, 0x79, 0x5a, 0x0d, 0x00, 0x79, 0x79, 0x04,
    0x04, 0x00, 0x79, 0x28, 0x5d, 0x09, 0x00, 0x00, 0x00, 0x27, 0x09, 0x01, 0x00, 0x00, 0x6c, 0x09,
    0x01, 0x00, 0x51, 0x79, 0x0c, 0x01, 0x00, 0x00, 0x28, 0x0a, 0x01, 0x79, 0x79, 0x78, 0x09, 0x00,
    0x00, 0x1b, 0x25, 0x00, 0x01, 0x00, 0x00, 0x54, 0x01, 0x01, 0x79, 0x28, 0x28, 0x00, 0x00, 0x79,
    0x28, 0x79, 0x0a, 0x00, 0x00, 0x00, 0x00, 0x04, 0x01, 0x00, 0x51, 0x5d, 0x03, 0x01, 0x79, 0x5e,
    0x1f, 0x03, 0x00, 0x00, 0x51, 0x55, 0x09, 0x01, 0x00, 0x00, 0x5d, 0x01, 0x01, 0x00, 0x00, 0x1b,
    0x0d, 0x01, 0x00, 0x00, 0x5e, 0x0a, 0x01, 0x00, 0x51, 0x1e, 0x04, 0x01, 0x00, 0x51, 0x70, 0x03,
    0x01, 0x79, 0x28, 0x51, 0x0c, 0x00, 0x00, 0x51, 0x1f, 0x04, 0x01, 0x00, 0x51, 0x04, 0x0d, 0x01,
    0x79, 0x79, 0x1e, 0x0a, 0x00, 0x00, 0x1b, 0x1f, 0x0d, 0x01, 0x79, 0x5e, 0x5b, 0x00, 0x00, 0x79,
    0x79, 0x75, 0x00, 0x00, 0x79, 0x79, 0x52, 0x0d, 0x00, 0x79, 0x79, 0x04, 0x0a, 0x00, 0x79, 0x28,
    0x01, 0x01, 0x00, 0x00, 0x00, 0x28, 0x03, 0x01, 0x79, 0x79, 0x24, 0x0d, 0x00, 0x79, 0x28, 0x54,
    0x00, 0x00, 0x00, 0x00, 0x03, 0x04, 0x01, 0x00, 0x00, 0x5b, 0x03, 0x01, 0x79, 0x79, 0x5b, 0x03,
    0x00, 0x79, 0x5e, 0x28, 0x0a, 0x00, 0x79, 0x79, 0x09, 0x09, 0x00, 0x00, 0x00, 0x04, 0x03, 0x01,
    0x00, 0x00, 0x79, 0x0d, 0x01, 0x00, 0x00, 0x0a, 0x0a, 0x01, 0x00, 0x00, 0x5b, 0x0c, 0x01, 0x00,
    0x51, 0x1f, 0x09, 0x01, 0x79, 0x70, 0x79, 0x04, 0x00, 0x79, 0x70, 0x27, 0x09, 0x00, 0x79, 0x0d,
    0x1c, 0x09, 0x00, 0x79, 0x79, 0x6f, 0x04, 0x00, 0x79, 0x5e, 0x1f, 0x04, 0x00, 0x79, 0x79, 0x1b,
    0x0a, 0x00, 0x00, 0x1b, 0x0d, 0x04, 0x01, 0x00, 0x51, 0x24, 0x0c, 0x01, 0x00, 0x00, 0x54, 0x00,
    0x01, 0x79, 0x79, 0x79, 0x0c, 0x00, 0x79, 0x5e, 0x6f, 0x03, 0x00, 0x00, 0x1b, 0x03, 0x0a, 0x01,
    0x00, 0x00, 0x09, 0x01, 0x01, 0x00, 0x00, 0x0c, 0x03, 0x01, 0x79, 0x5e, 0x6f, 0x0d, 0x00, 0x00,
    0x1b, 0x51, 0x0a, 0x01, 0x79, 0x5e, 0x28, 0x03, 0x00, 0x00, 0x51, 0x6d, 0x03, 0x01, 0x79, 0x79,
    0x03, 0x0a, 0x00, 0x00, 0x6c, 0x1b, 0x09, 0x01, 0x00, 0x00, 0x01, 0x0d, 0x01, 0x00, 0x51, 0x0a,
    0x03, 0x01, 0x79, 0x79, 0x55, 0x0a, 0x00, 0x79, 0x79, 0x00, 0x01, 0x00, 0x79, 0x79, 0x70, 0x0d,
    0x00, 0x79, 0x28, 0x5e, 0x09, 0x00, 0x79, 0x79, 0x78, 0x04, 0x00, 0x00, 0x6c, 0x6f, 0x0a, 0x01,
    0x00, 0x6c, 0x1f, 0x04, 0x01, 0x79, 0x5e, 0x04, 0x0c, 0x00, 0x79, 0x79, 0x28, 0x04, 0x00, 0x79,
    0x5e, 0x5b, 0x0d, 0x00, 0x00, 0x51, 0x0a, 0x01, 0x01, 0x79, 0x79, 0x25, 0x01, 0x00, 0x00, 0x00,
    0x5d, 0x09, 0x01, 0x79, 0x28, 0x5a, 0x0a, 0x00, 0x79, 0x28, 0x70, 0x0a, 0x00, 0x79, 0x0d, 0x6f,
    0x04, 0x00, 0x00, 0x51, 0x0a, 0x01, 0x01, 0x00, 0x00, 0x5d, 0x0c, 0x01, 0x79, 0x79, 0x1f, 0x01,
    0x00, 0x79, 0x79, 0x27, 0x00, 0x00, 0x79, 0x79, 0x55, 0x0a, 0x00, 0x79, 0x5e, 0x78, 0x01, 0x00,
    0x00, 0x1b, 0x09, 0x0d, 0x01, 0x00, 0x51, 0x0c, 0x0a, 0x01, 0x00, 0x1b, 0x75, 0x00, 0x01, 0x00,
    0x6c, 0x75, 0x09, 0x01, 0x79, 0x70, 0x01, 0x0a, 0x00, 0x79, 0x70, 0x25, 0x0c, 0x00, 0x79, 0x79,
    0x6f, 0x00, 0x00, 0x79, 0x1f, 0x1f, 0x09, 0x00, 0x00, 0x09, 0x01, 0x03, 0x01, 0x79, 0x28, 0x76,
    0x0c, 0x00, 0x00, 0x51, 0x5a, 0x0d, 0x01, 0x00, 0x00, 0x6d, 0x0a, 0x01, 0x00, 0x51, 0x0c, 0x00,
    0x01, 0x00, 0x00, 0x0d, 0x09, 0x01, 0x79, 0x79, 0x5e, 0x00, 0x00, 0x00, 0x00, 0x1e, 0x0c, 0x01,
    0x79, 0x79, 0x01, 0x0d, 0x00, 0x79, 0x5e, 0x55, 0x01, 0x00, 0x79, 0x79, 0x70, 0x04, 0x00, 0x00,
    0x00, 0x1f, 0x09, 0x01, 0x00, 0x51, 0x6f, 0x0a, 0x01, 0x79, 0x79, 0x24, 0x03, 0x00, 0x79, 0x28,
    0x03, 0x03, 0x00, 0x00, 0x1b, 0x76, 0x01, 0x01, 0x79, 0x28, 0x04, 0x0c, 0x00, 0x00, 0x00, 0x25,
    0x0a, 0x01, 0x00, 0x00, 0x75, 0x0c, 0x01, 0x00, 0x00, 0x5a, 0x03, 0x01, 0x00, 0x00, 0x1e, 0x0d,
    0x01, 0x79, 0x70, 0x6f, 0x09, 0x00, 0x79, 0x1f, 0x75, 0x04, 0x00, 0x79, 0x0d, 0x1f, 0x0c, 0x00,
    0x79, 0x5e, 0x76, 0x03, 0x00, 0x79, 0x28, 0x78, 0x04, 0x00, 0x79, 0x5e, 0x04, 0x00, 0x00, 0x79,
    0x25, 0x0a, 0x0a, 0x00, 0x79, 0x0d, 0x1f, 0x09, 0x00, 0x00, 0x00, 0x79, 0x00, 0x01, 0x79, 0x0d,
    0x0c, 0x0c, 0x00, 0x79, 0x28, 0x79, 0x01, 0x00, 0x79, 0x1f, 0x27, 0x01, 0x00, 0x00, 0x03, 0x24,
    0x0a, 0x01, 0x79, 0x0d, 0x01, 0x00, 0x00, 0x00, 0x1b, 0x01, 0x04, 0x01, 0x79, 0x5e, 0x1f, 0x0c,
    0x00, 0x79, 0x28, 0x5b, 0x09, 0x00, 0x79, 0x55, 0x01, 0x0c, 0x00, 0x00, 0x6c, 0x5b, 0x0d, 0x01,
    0x00, 0x51, 0x75, 0x0c, 0x01, 0x00, 0x51, 0x70, 0x00, 0x01, 0x00, 0x00, 0x0a, 0x0a, 0x01, 0x00,
    0x00, 0x0c, 0x01, 0x01, 0x79, 0x79, 0x1c, 0x00, 0x00, 0x79, 0x28, 0x5e, 0x01, 0x00, 0x79, 0x79,
    0x75, 0x09, 0x00, 0x00, 0x00, 0x24, 0x0a, 0x01, 0x00, 0x00, 0x0a, 0x00, 0x01, 0x79, 0x79, 0x55,
    0x0a, 0x00, 0x79, 0x0d, 0x28, 0x0d, 0x00, 0x79, 0x0d, 0x6f, 0x0c, 0x00, 0x00, 0x1b, 0x52, 0x09,
    0x01, 0x00, 0x00, 0x1c, 0x0a, 0x01, 0x79, 0x28, 0x27, 0x09, 0x00, 0x79, 0x0d, 0x1b, 0x04, 0x00,
    0x00, 0x51, 0x1e, 0x09, 0x01, 0x00, 0x00, 0x52, 0x01, 0x01, 0x00, 0x1b, 0x5a, 0x0a, 0x01, 0x00,
    0x6c, 0x1e, 0x09, 0x01, 0x00, 0x00, 0x5b, 0x0d, 0x01, 0x79, 0x79, 0x28, 0x03, 0x00, 0x79, 0x79,
    0x6f, 0x0d, 0x00, 0x79, 0x79, 0x5a, 0x03, 0x00, 0x00, 0x1b, 0x51, 0x04, 0x01, 0x79, 0x79, 0x03,
    0x0d, 0x00, 0x00, 0x00, 0x04, 0x01, 0x01, 0x79, 0x79, 0x04, 0x04, 0x00, 0x79, 0x28, 0x1b, 0x01,
    0x00, 0x00, 0x09, 0x1b, 0x00, 0x01, 0x00, 0x6c, 0x6f, 0x01, 0x01, 0x00, 0x6c, 0x0c, 0x0d, 0x01,
    0x79, 0x28, 0x28, 0x0c, 0x00, 0x00, 0x00, 0x54, 0x0d, 0x01, 0x00, 0x51, 0x55, 0x0d, 0x01, 0x00,
    0x1b, 0x54, 0x03, 0x01, 0x79, 0x79, 0x1f, 0x03, 0x00, 0x00, 0x51, 0x1e, 0x0c, 0x01, 0x79, 0x28,
    0x79, 0x03, 0x00, 0x00, 0x51, 0x03, 0x03, 0x01, 0x00, 0x51, 0x25, 0x00, 0x01, 0x79, 0x28, 0x27,
    0x0d, 0x00, 0x79, 0x28, 0x51, 0x0a, 0x00, 0x79, 0x79, 0x52, 0x0d, 0x00, 0x79, 0x79, 0x0a, 0x00,
    0x00, 0x00, 0x1b, 0x0c, 0x09, 0x01, 0x00, 0x00, 0x25, 0x0c, 0x01, 0x79, 0x79, 0x5d, 0x04, 0x00,
    0x79, 0x79, 0x01, 0x09, 0x00, 0x79, 0x28, 0x04, 0x01, 0x00, 0x79, 0x5e, 0x52, 0x09, 0x00, 0x00,
    0x00, 0x5e, 0x00, 0x01, 0x00, 0x6c, 0x0a, 0x04, 0x01, 0x79, 0x1f, 0x0d, 0x0c, 0x00, 0x00, 0x51,
    0x1b, 0x0c, 0x01, 0x00, 0x51, 0x0c, 0x0a, 0x01, 0x00, 0x51, 0x27, 0x01, 0x01, 0x00, 0x00, 0x78,
    0x00, 0x01, 0x00, 0x1b, 0x78, 0x00, 0x01, 0x79, 0x79, 0x25, 0x00, 0x00, 0x79, 0x79, 0x28, 0x0c,
    0x00, 0x79, 0x79, 0x75, 0x0d, 0x00, 0x79, 0x28, 0x5b, 0x0c, 0x00, 0x79, 0x79, 0x24, 0x09, 0x00,
    0x79, 0x5e, 0x1e, 0x01, 0x00, 0x79, 0x5e, 0x52, 0x01, 0x00, 0x79, 0x79, 0x5d, 0x0a, 0x00, 0x79,
    0x28, 0x54, 0x03, 0x00, 0x79, 0x5e, 0x04, 0x0d, 0x00, 0x79, 0x28, 0x00, 0x04, 0x00, 0x79, 0x28,
    0x79, 0x09, 0x00, 0x00, 0x00, 0x54, 0x0d, 0x01, 0x79, 0x5e, 0x79, 0x0a, 0x00, 0x79, 0x5e, 0x5d,
    0x00, 0x00, 0x00, 0x1b, 0x25, 0x03, 0x01, 0x79, 0x28, 0x00, 0x09, 0x00, 0x00, 0x00, 0x1f, 0x0c,
    0x01, 0x00, 0x51, 0x0a, 0x0a, 0x01, 0x00, 0x5a, 0x76, 0x09, 0x01, 0x79, 0x5e, 0x04, 0x0a, 0x00,
    0x00, 0x51, 0x76, 0x04, 0x01, 0x00, 0x00, 0x1e, 0x04, 0x01, 0x79, 0x79, 0x51, 0x09, 0x00, 0x00,
    0x51, 0x78, 0x0c, 0x01, 0x00, 0x00, 0x52, 0x00, 0x01, 0x00, 0x00, 0x1e, 0x0c, 0x01, 0x79, 0x79,
    0x54, 0x00, 0x00, 0x79, 0x79, 0x70, 0x04, 0x00, 0x79, 0x79, 0x00, 0x00, 0x00, 0x00, 0x00, 0x54,
    0x00, 0x01, 0x79, 0x0d, 0x5e, 0x04, 0x00, 0x00, 0x51, 0x03, 0x09, 0x01, 0x00, 0x00, 0x1e, 0x0d,
    0x01, 0x00, 0x00, 0x6c, 0x01, 0x01, 0x00, 0x00, 0x78, 0x0a, 0x01, 0x00, 0x51, 0x5d, 0x00, 0x01,
    0x79, 0x28, 0x01, 0x0c, 0x00, 0x79, 0x28, 0x1f, 0x0d, 0x00, 0x79, 0x28, 0x1c, 0x0d, 0x00, 0x79,
    0x79, 0x75, 0x0a, 0x00, 0x79, 0x28, 0x76, 0x04, 0x00, 0x79, 0x28, 0x25, 0x0d, 0x00, 0x79, 0x28,
    0x79, 0x03, 0x00, 0x79, 0x79, 0x55, 0x04, 0x00, 0x00, 0x51, 0x25, 0x0d, 0x01, 0x00, 0x51, 0x00,
    0x03, 0x01, 0x79, 0x79, 0x1e, 0x0c, 0x00, 0x79, 0x79, 0x6f, 0x04, 0x00, 0x79, 0x79, 0x00, 0x00,
    0x00, 0x79, 0x79, 0x03, 0x04, 0x00, 0x00, 0x00, 0x6f, 0x0d, 0x01, 0x79, 0x28, 0x25, 0x01, 0x00,
    0x00, 0x6c, 0x0c, 0x0a, 0x01, 0x00, 0x00, 0x1f, 0x03, 0x01, 0x79, 0x79, 0x54, 0x0c, 0x00, 0x79,
    0x28, 0x1c, 0x0a, 0x00, 0x79, 0x79, 0x28, 0x09, 0x00, 0x00, 0x1b, 0x55, 0x01, 0x01, 0x79, 0x70,
    0x04, 0x0a, 0x00, 0x00, 0x00, 0x5e, 0x03, 0x01, 0x00, 0x51, 0x54, 0x00, 0x01, 0x00, 0x51, 0x03,
    0x01, 0x01, 0x79, 0x79, 0x76, 0x0d, 0x00, 0x00, 0x00, 0x27, 0x03, 0x01, 0x79, 0x5e, 0x5d, 0x0a,
    0x00, 0x79, 0x28, 0x25, 0x0a, 0x00, 0x79, 0x04, 0x03, 0x01, 0x00, 0x00, 0x1b, 0x5b, 0x0c, 0x01,
    0x79, 0x0d, 0x03, 0x0a, 0x00, 0x00, 0x51, 0x78, 0x0c, 0x01, 0x79, 0x28, 0x24, 0x04, 0x00, 0x79,
    0x28, 0x6d, 0x00, 0x00, 0x00, 0x1b, 0x6f, 0x04, 0x01, 0x79, 0x5e, 0x78, 0x0c, 0x00, 0x00, 0x51,
    0x52, 0x0c, 0x01, 0x00, 0x1b, 0x6f, 0x04, 0x01, 0x00, 0x00, 0x5a, 0x00, 0x01, 0x00, 0x00, 0x01,
    0x0a, 0x01, 0x00, 0x00, 0x55, 0x01, 0x01, 0x79, 0x28, 0x78, 0x03, 0x00, 0x79, 0x28, 0x5d, 0x0c,
    0x00, 0x79, 0x55, 0x1c, 0x0d, 0x00, 0x79, 0x70, 0x5b, 0x0a, 0x00, 0x79, 0x5e, 0x1b, 0x03, 0x00,
    0x79, 0x28, 0x6d, 0x0d, 0x00, 0x00, 0x00, 0x70, 0x0a, 0x01, 0x00, 0x6c, 0x0a, 0x01, 0x01, 0x79,
    0x28, 0x25, 0x03, 0x00, 0x00, 0x51, 0x0d, 0x04, 0x01, 0x79, 0x5e, 0x6f, 0x0d, 0x00, 0x00, 0x24,
    0x5d, 0x09, 0x01, 0x79, 0x28, 0x1e, 0x00, 0x00, 0x00, 0x00, 0x1e, 0x09, 0x01, 0x00, 0x00, 0x04,
    0x03, 0x01, 0x79, 0x79, 0x03, 0x00, 0x00, 0x00, 0x1b, 0x24, 0x04, 0x01, 0x00, 0x51, 0x6c, 0x00,
    0x01, 0x79, 0x28, 0x1f, 0x0c, 0x00, 0x79, 0x5e, 0x55, 0x00, 0x00, 0x00, 0x51, 0x6d, 0x04, 0x01,
    0x00, 0x51, 0x5a, 0x0d, 0x01, 0x79, 0x5e, 0x70, 0x09, 0x00, 0x00, 0x51, 0x70, 0x00, 0x01, 0x79,
    0x5e, 0x25, 0x09, 0x00, 0x00, 0x51, 0x54, 0x04, 0x01, 0x00, 0x00, 0x6c, 0x0c, 0x01, 0x79, 0x79,
    0x1e, 0x09, 0x00, 0x00, 0x00, 0x24, 0x04, 0x01, 0x00, 0x00, 0x0a, 0x0a, 0x01, 0x00, 0x00, 0x5a,
    0x00, 0x01, 0x00, 0x51, 0x6c, 0x0a, 0x01, 0x79, 0x79, 0x27, 0x00, 0x00, 0x79, 0x79, 0x1e, 0x00,
    0x00, 0x00, 0x00, 0x52, 0x0c, 0x01, 0x79, 0x79, 0x25, 0x09, 0x00, 0x79, 0x28, 0x0d, 0x0c, 0x00,
    0x00, 0x00, 0x70, 0x00, 0x01, 0x79, 0x79, 0x70, 0x01, 0x00, 0x00, 0x00, 0x5e, 0x01, 0x01, 0x79,
    0x79, 0x04, 0x0c, 0x00, 0x00, 0x00, 0x6d, 0x04, 0x01, 0x79, 0x79, 0x55, 0x0a, 0x00, 0x00, 0x00,
    0x75, 0x0c, 0x01, 0x79, 0x28, 0x0d, 0x09, 0x00, 0x00, 0x00, 0x54, 0x0c, 0x01, 0x79, 0x79, 0x01,
    0x03, 0x00, 0x00, 0x51, 0x5b, 0x0a, 0x01, 0x79, 0x79, 0x6c, 0x0c, 0x00, 0x79, 0x79, 0x0c, 0x03,
    0x00, 0x79, 0x79, 0x1c, 0x09, 0x00, 0x00, 0x00, 0x51, 0x00, 0x01, 0x79, 0x28, 0x5b, 0x03, 0x00,
    0x00, 0x6c, 0x76, 0x0a, 0x01, 0x00, 0x51, 0x0d, 0x03, 0x01, 0x79, 0x79, 0x6d, 0x01, 0x00, 0x79,
    0x79, 0x5d, 0x00, 0x00, 0x00, 0x51, 0x1f, 0x09, 0x01, 0x00, 0x51, 0x24, 0x0a, 0x01, 0x00, 0x00,
    0x1e, 0x03, 0x01, 0x00, 0x00, 0x52, 0x09, 0x01, 0x00, 0x51, 0x5e, 0x03, 0x01, 0x00, 0x51, 0x51,
    0x0a, 0x01, 0x79, 0x28, 0x09, 0x0a, 0x00, 0x79, 0x79, 0x04, 0x09, 0x00, 0x79, 0x79, 0x6d, 0x01,
    0x00, 0x00, 0x51, 0x1c, 0x03, 0x01, 0x79, 0x28, 0x51, 0x00, 0x00, 0x79, 0x5e, 0x5b, 0x01, 0x00,
    0x00, 0x00, 0x00, 0x0d, 0x01, 0x00, 0x1b, 0x55, 0x09, 0x01, 0x00, 0x5a, 0x0c, 0x03, 0x01, 0x00,
    0x51, 0x1b, 0x0a, 0x01, 0x00, 0x1b, 0x0c, 0x01, 0x01, 0x00, 0x51, 0x51, 0x09, 0x01, 0x79, 0x79,
    0x78, 0x0d, 0x00, 0x79, 0x79, 0x25, 0x0d, 0x00, 0x79, 0x79, 0x78, 0x0c, 0x00, 0x79, 0x79, 0x6c,
    0x00, 0x00, 0x00, 0x51, 0x6c, 0x0a, 0x01, 0x79, 0x79, 0x1e, 0x0c, 0x00, 0x00, 0x51, 0x75, 0x0a,
    0x01, 0x00, 0x00, 0x24, 0x03, 0x01, 0x79, 0x79, 0x76, 0x04, 0x00, 0x79, 0x28, 0x24, 0x03, 0x00,
    0x79, 0x28, 0x27, 0x00, 0x00, 0x00, 0x1b, 0x52, 0x0d, 0x01, 0x79, 0x79, 0x78, 0x09, 0x00, 0x00,
    0x51, 0x09, 0x00, 0x01, 0x79, 0x5e, 0x28, 0x00, 0x00, 0x00, 0x00, 0x0d, 0x0d, 0x01, 0x79, 0x28,
    0x79, 0x03, 0x00, 0x79, 0x79, 0x5b, 0x0c, 0x00, 0x79, 0x5e, 0x76, 0x00, 0x00, 0x79, 0x28, 0x0a,
    0x01, 0x00, 0x79, 0x28, 0x75, 0x00, 0x00, 0x79, 0x70, 0x00, 0x09, 0x00, 0x79, 0x79, 0x51, 0x0a,
    0x00, 0x00, 0x51, 0x27, 0x0a, 0x01, 0x00, 0x00, 0x25, 0x00, 0x01, 0x79, 0x28, 0x78, 0x03, 0x00,
    0x00, 0x00, 0x75, 0x03, 0x01, 0x00, 0x1b, 0x5e, 0x03, 0x01, 0x00, 0x00, 0x1e, 0x00, 0x01, 0x00,
    0x00, 0x1f, 0x0a, 0x01, 0x79, 0x28, 0x1c, 0x03, 0x00, 0x00, 0x27, 0x0a, 0x00, 0x01, 0x00, 0x09,
    0x0d, 0x01, 0x01, 0x79, 0x0d, 0x0a, 0x0d, 0x00, 0x79, 0x5e, 0x5b, 0x0d, 0x00, 0x00, 0x00, 0x1b,
    0x03, 0x01, 0x79, 0x79, 0x5a, 0x0a, 0x00, 0x79, 0x0d, 0x09, 0x00, 0x00, 0x00, 0x00, 0x6c, 0x01,
    0x01, 0x79, 0x55, 0x5a, 0x0c, 0x00, 0x79, 0x0d, 0x79, 0x0d, 0x00, 0x79, 0x28, 0x55, 0x00, 0x00,
    0x00, 0x51, 0x78, 0x03, 0x01, 0x79, 0x79, 0x6f, 0x0c, 0x00, 0x00, 0x00, 0x1b, 0x09, 0x01, 0x00,
    0x51, 0x6d, 0x03, 0x01, 0x79, 0x28, 0x24, 0x0a, 0x00, 0x79, 0x79, 0x03, 0x0a, 0x00, 0x00, 0x51,
    0x1e, 0x04, 0x01, 0x79, 0x79, 0x0a, 0x0c, 0x00, 0x79, 0x28, 0x28, 0x04, 0x00, 0x79, 0x28, 0x55,
    0x0d, 0x00, 0x79, 0x79, 0x6d, 0x09, 0x00, 0x00, 0x51, 0x5e, 0x03, 0x01, 0x00, 0x1b, 0x0d, 0x03,
    0x01, 0x00, 0x00, 0x0a, 0x0a, 0x01, 0x79, 0x5e, 0x5e, 0x0a, 0x00, 0x79, 0x79, 0x03, 0x09, 0x00,
    0x79, 0x28, 0x03, 0x00, 0x00, 0x00, 0x00, 0x28, 0x0a, 0x01, 0x79, 0x79, 0x0c, 0x0d, 0x00, 0x79,
    0x79, 0x1e, 0x03, 0x00, 0x79, 0x28, 0x6c, 0x00, 0x00, 0x79, 0x79, 0x28, 0x0a, 0x00, 0x00, 0x51,
    0x27, 0x03, 0x01, 0x00, 0x51, 0x1b, 0x04, 0x01, 0x00, 0x51, 0x24, 0x09, 0x01, 0x00, 0x51, 0x00,
    0x01, 0x01, 0x79, 0x79, 0x0d, 0x00, 0x00, 0x00, 0x51, 0x51, 0x03, 0x01, 0x00, 0x51, 0x5a, 0x09,
    0x01, 0x00, 0x5a, 0x6c, 0x03, 0x01, 0x79, 0x0d, 0x5a, 0x0d, 0x00, 0x00, 0x00, 0x5e, 0x0c, 0x01,
    0x79, 0x79, 0x25, 0x03, 0x00, 0x00, 0x00, 0x51, 0x01, 0x01, 0x79, 0x79, 0x03, 0x0d, 0x00, 0x79,
    0x79, 0x0a, 0x0d, 0x00, 0x00, 0x51, 0x1e, 0x00, 0x01, 0x00, 0x00, 0x6f, 0x04, 0x01, 0x00, 0x51,
    0x75, 0x09, 0x01, 0x00, 0x51, 0x0c, 0x01, 0x01, 0x00, 0x6c, 0x1f, 0x03, 0x01, 0x79, 0x5e, 0x0c,
    0x03, 0x00, 0x79, 0x28, 0x52, 0x01, 0x00, 0x79, 0x5e, 0x6f, 0x0a, 0x00, 0x00, 0x00, 0x51, 0x00,
    0x01, 0x00, 0x51, 0x6d, 0x0c, 0x01, 0x00, 0x00, 0x01, 0x04, 0x01, 0x00, 0x51, 0x0a, 0x04, 0x01,
    0x00, 0x00, 0x1e, 0x0a, 0x01, 0x79, 0x79, 0x28, 0x09, 0x00, 0x79, 0x79, 0x78, 0x0d, 0x00, 0x00,
    0x1b, 0x0d, 0x03, 0x01, 0x00, 0x00, 0x1e, 0x03, 0x01, 0x00, 0x00, 0x55, 0x0c, 0x01, 0x79, 0x28,
    0x0c, 0x0d, 0x00, 0x00, 0x00, 0x5a, 0x0c, 0x01, 0x00, 0x00, 0x0d, 0x0c, 0x01, 0x79, 0x79, 0x5a,
    0x0a, 0x00, 0x79, 0x79, 0x1f, 0x00, 0x00, 0x00, 0x00, 0x0d, 0x0d, 0x01, 0x79, 0x28, 0x6d, 0x09,
    0x00, 0x79, 0x5e, 0x24, 0x09, 0x00, 0x79, 0x79, 0x1e, 0x01, 0x00, 0x00, 0x00, 0x1f, 0x0d, 0x01,
    0x79, 0x79, 0x0d, 0x0a, 0x00, 0x00, 0x51, 0x01, 0x00, 0x01, 0x79, 0x79, 0x79, 0x01, 0x00, 0x00,
    0x51, 0x1b, 0x0d, 0x01, 0x00, 0x00, 0x04, 0x00, 0x01, 0x79, 0x79, 0x04, 0x09, 0x00, 0x79, 0x79,
    0x5e, 0x04, 0x00, 0x79, 0x79, 0x1b, 0x03, 0x00, 0x00, 0x51, 0x5a, 0x0d, 0x01, 0x79, 0x79, 0x1f,
    0x01, 0x00, 0x00, 0x00, 0x00, 0x01, 0x01, 0x00, 0x00, 0x04, 0x04, 0x01, 0x00, 0x00, 0x6d, 0x0d,
    0x01, 0x79, 0x79, 0x5e, 0x0c, 0x00, 0x00, 0x00, 0x78, 0x01, 0x01, 0x00, 0x51, 0x1b, 0x03, 0x01,
    0x79, 0x79, 0x51, 0x0a, 0x00, 0x00, 0x00, 0x09, 0x0d, 0x01, 0x00, 0x00, 0x00, 0x01, 0x01, 0x00,
    0x51, 0x54, 0x0d, 0x01, 0x79, 0x79, 0x09, 0x04, 0x00, 0x79, 0x79, 0x0a, 0x04, 0x00, 0x79, 0x79,
    0x24, 0x03, 0x00, 0x79, 0x79, 0x28, 0x0c, 0x00, 0x00, 0x00, 0x00, 0x0c, 0x01, 0x00, 0x51, 0x6f,
    0x09, 0x01, 0x79, 0x79, 0x6d, 0x0d, 0x00, 0x79, 0x79, 0x03, 0x09, 0x00, 0x00, 0x00, 0x5a, 0x04,
    0x01, 0x00, 0x00, 0x1c, 0x00, 0x01, 0x00, 0x00, 0x6c, 0x00, 0x01, 0x00, 0x00, 0x03, 0x04, 0x01,
    0x79, 0x79, 0x76, 0x00, 0x00, 0x79, 0x79, 0x75, 0x0a, 0x00, 0x79, 0x79, 0x03, 0x0c, 0x00, 0x00,
    0x00, 0x5b, 0x03, 0x01, 0x00, 0x00, 0x76, 0x09, 0x01, 0x00, 0x00, 0x1b, 0x0a, 0x01, 0x00, 0x00,
    0x6f, 0x00, 0x01, 0x00, 0x00, 0x24, 0x0a, 0x01, 0x00, 0x1b, 0x28, 0x00, 0x01, 0x79, 0x79, 0x55,
    0x01, 0x00, 0x00, 0x6c, 0x5a, 0x09, 0x01, 0x00, 0x51, 0x09, 0x09, 0x01, 0x00, 0x00, 0x52, 0x09,
    0x01, 0x79, 0x79, 0x27, 0x0d, 0x00, 0x00, 0x00, 0x78, 0x00, 0x01, 0x79, 0x79, 0x54, 0x0d, 0x00,
    0x79, 0x79, 0x25, 0x01, 0x00, 0x00, 0x00, 0x01, 0x0a, 0x01, 0x00, 0x00, 0x51, 0x0c, 0x01, 0x79,
    0x28, 0x28, 0x0d, 0x00, 0x00, 0x00, 0x25, 0x00, 0x01, 0x00, 0x09, 0x0a, 0x00, 0x01, 0x79, 0x79,
    0x01, 0x04, 0x00, 0x00, 0x00, 0x1f, 0x00, 0x01, 0x00, 0x1b, 0x00, 0x0a, 0x01, 0x79, 0x28, 0x5d,
    0x0d, 0x00, 0x00, 0x00, 0x54, 0x01, 0x01, 0x00, 0x51, 0x5a, 0x09, 0x01, 0x00, 0x51, 0x5a, 0x0a,
    0x01, 0x00, 0x51, 0x28, 0x00, 0x01, 0x79, 0x28, 0x51, 0x04, 0x00, 0x79, 0x5e, 0x0d, 0x01, 0x00,
    0x00, 0x00, 0x5e, 0x0d, 0x01, 0x00, 0x00, 0x04, 0x03, 0x01, 0x79, 0x79, 0x5b, 0x03, 0x00, 0x79,
    0x28, 0x70, 0x00, 0x00, 0x00, 0x00, 0x04, 0x04, 0x01, 0x79, 0x28, 0x75, 0x03, 0x00, 0x00, 0x00,
    0x0a, 0x00, 0x01, 0x00, 0x1b, 0x1b, 0x00, 0x01, 0x00, 0x00, 0x1f, 0x00, 0x01, 0x79, 0x28, 0x1c,
    0x01, 0x00, 0x79, 0x28, 0x27, 0x09, 0x00, 0x79, 0x28, 0x6c, 0x00, 0x00, 0x79, 0x79, 0x5d, 0x00,
    0x00, 0x79, 0x79, 0x03, 0x03, 0x00, 0x79, 0x79, 0x79, 0x0c, 0x00, 0x79, 0x79, 0x5d, 0x04, 0x00,
    0x00, 0x51, 0x55, 0x0d, 0x01, 0x79, 0x28, 0x6c, 0x00, 0x00, 0x79, 0x79, 0x0d, 0x0c, 0x00, 0x00,
    0x00, 0x75, 0x09, 0x01, 0x79, 0x28, 0x6d, 0x00, 0x00, 0x00, 0x51, 0x79, 0x0d, 0x01, 0x00, 0x00,
    0x54, 0x00, 0x01, 0x00, 0x00, 0x5e, 0x0d, 0x01, 0x00, 0x00, 0x0c, 0x04, 0x01, 0x00, 0x00, 0x03,
    0x0c, 0x01, 0x79, 0x79, 0x1b, 0x03, 0x00, 0x00, 0x00, 0x6f, 0x01, 0x01, 0x00, 0x09, 0x24, 0x09,
    0x01, 0x79, 0x28, 0x75, 0x09, 0x00, 0x79, 0x28, 0x1e, 0x0a, 0x00, 0x00, 0x1b, 0x76, 0x0a, 0x01,
    0x79, 0x79, 0x55, 0x01, 0x00, 0x79, 0x28, 0x28, 0x0a, 0x00, 0x79, 0x1f, 0x55, 0x0c, 0x00, 0x79,
    0x0d, 0x52, 0x04, 0x00, 0x00, 0x00, 0x76, 0x03, 0x01, 0x00, 0x00, 0x0d, 0x04, 0x01, 0x79, 0x28,
    0x76, 0x03, 0x00, 0x79, 0x28, 0x75, 0x09, 0x00, 0x00, 0x00, 0x75, 0x09, 0x01, 0x00, 0x00, 0x0a,
    0x0d, 0x01, 0x79, 0x79, 0x27, 0x00, 0x00, 0x00, 0x51, 0x09, 0x00, 0x01, 0x00, 0x00, 0x0d, 0x01,
    0x01, 0x00, 0x00, 0x28, 0x0a, 0x01, 0x00, 0x51, 0x09, 0x04, 0x01, 0x79, 0x28, 0x00, 0x0a, 0x00,
    0x79, 0x79, 0x6d, 0x0d, 0x00, 0x79, 0x79, 0x6d, 0x00, 0x00, 0x00, 0x51, 0x00, 0x04, 0x01, 0x00,
    0x00, 0x00, 0x0d, 0x01, 0x79, 0x28, 0x28, 0x04, 0x00, 0x79, 0x28, 0x78, 0x0d, 0x00, 0x79, 0x0d,
    0x5a, 0x04, 0x00, 0x79, 0x28, 0x5d, 0x01, 0x00, 0x00, 0x6c, 0x51, 0x09, 0x01, 0x79, 0x70, 0x55,
    0x0c, 0x00, 0x79, 0x79, 0x6f, 0x03, 0x00, 0x00, 0x6c, 0x6c, 0x09, 0x01, 0x00, 0x00, 0x76, 0x00,
    0x01, 0x79, 0x5e, 0x25, 0x0c, 0x00, 0x79, 0x0d, 0x1b, 0x09, 0x00, 0x00, 0x1b, 0x6c, 0x03, 0x01,
    0x79, 0x79, 0x6d, 0x04, 0x00, 0x00, 0x1b, 0x51, 0x0a, 0x01, 0x79, 0x79, 0x1b, 0x0a, 0x00, 0x79,
    0x76, 0x01, 0x00, 0x00, 0x00, 0x24, 0x52, 0x09, 0x01, 0x00, 0x1b, 0x51, 0x00, 0x01, 0x00, 0x1b,
    0x1e, 0x0d, 0x01, 0x79, 0x5e, 0x27, 0x0c, 0x00, 0x79, 0x5e, 0x0d, 0x03, 0x00, 0x79, 0x79, 0x76,
    0x04, 0x00, 0x79, 0x28, 0x78, 0x0c, 0x00, 0x79, 0x1f, 0x55, 0x0d, 0x00, 0x79, 0x5e, 0x00, 0x0d,
    0x00, 0x00, 0x1b, 0x1c, 0x0c, 0x01, 0x79, 0x5e, 0x04, 0x03, 0x00, 0x00, 0x51, 0x25, 0x09, 0x01,
    0x79, 0x5e, 0x5d, 0x04, 0x00, 0x79, 0x5e, 0x27, 0x04, 0x00, 0x79, 0x28, 0x1f, 0x0c, 0x00, 0x00,
    0x6c, 0x55, 0x0d, 0x01, 0x00, 0x51, 0x52, 0x0a, 0x01, 0x00, 0x00, 0x00, 0x0a, 0x01, 0x00, 0x51,
    0x6d, 0x03, 0x01, 0x00, 0x6c, 0x0d, 0x03, 0x01, 0x00, 0x51, 0x5a, 0x0d, 0x01, 0x79, 0x5e, 0x00,
    0x04, 0x00, 0x00, 0x51, 0x27, 0x03, 0x01, 0x00, 0x6c, 0x6f, 0x00, 0x01, 0x79, 0x79, 0x03, 0x0d,
    0x00, 0x79, 0x79, 0x00, 0x0d, 0x00, 0x79, 0x79, 0x24, 0x0d, 0x00, 0x00, 0x1b, 0x0c, 0x0a, 0x01,
    0x79, 0x79, 0x5a, 0x03, 0x00, 0x79, 0x79, 0x0d, 0x0c, 0x00, 0x00, 0x1b, 0x1e, 0x0a, 0x01, 0x79,
    0x5e, 0x00, 0x0a, 0x00, 0x00, 0x51, 0x79, 0x09, 0x01, 0x00, 0x1b, 0x78, 0x00, 0x01, 0x79, 0x5e,
    0x25, 0x0a, 0x00, 0x79, 0x1f, 0x25, 0x03, 0x00, 0x00, 0x51, 0x04, 0x0d, 0x01, 0x00, 0x00, 0x6d,
    0x00, 0x01, 0x00, 0x51, 0x78, 0x09, 0x01, 0x79, 0x28, 0x25, 0x09, 0x00, 0x00, 0x00, 0x03, 0x00,
    0x01, 0x00, 0x00, 0x1b, 0x04, 0x01, 0x00, 0x00, 0x6c, 0x01, 0x01, 0x00, 0x00, 0x78, 0x0c, 0x01,
    0x00, 0x00, 0x00, 0x0c, 0x01, 0x00, 0x00, 0x75, 0x00, 0x01, 0x00, 0x51, 0x25, 0x01, 0x01, 0x00,
    0x00, 0x03, 0x03, 0x01, 0x79, 0x79, 0x5d, 0x09, 0x00, 0x79, 0x79, 0x78, 0x00, 0x00, 0x00, 0x00,
    0x03, 0x03, 0x01, 0x00, 0x00, 0x25, 0x03, 0x01, 0x79, 0x28, 0x79, 0x04, 0x00, 0x00, 0x00, 0x6d,
    0x0a, 0x01, 0x79, 0x79, 0x28, 0x04, 0x00, 0x79, 0x79, 0x01, 0x0d, 0x00, 0x79, 0x79, 0x76, 0x09,
    0x00, 0x79, 0x79, 0x28, 0x01, 0x00, 0x00, 0x51, 0x78, 0x09, 0x01, 0x00, 0x00, 0x6d, 0x09, 0x01,
    0x79, 0x79, 0x00, 0x09, 0x00, 0x00, 0x00, 0x01, 0x01, 0x01, 0x79, 0x79, 0x1f, 0x0d, 0x00, 0x00,
    0x00, 0x5d, 0x03, 0x01, 0x79, 0x5e, 0x0d, 0x09, 0x00, 0x00, 0x00, 0x0d, 0x04, 0x01, 0x00, 0x00,
    0x00, 0x0a, 0x01, 0x79, 0x79, 0x01, 0x01, 0x00, 0x00, 0x00, 0x00, 0x01, 0x01, 0x00, 0x00, 0x09,
    0x04, 0x01, 0x00, 0x00, 0x09, 0x0a, 0x01, 0x00, 0x1b, 0x5d, 0x09, 0x01, 0x79, 0x79, 0x1e, 0x01,
    0x00, 0x00, 0x00, 0x0a, 0x04, 0x01, 0x00, 0x00, 0x5e, 0x00, 0x01, 0x79, 0x79, 0x1f, 0x03, 0x00,
    0x79, 0x79, 0x78, 0x00, 0x00, 0x79, 0x79, 0x09, 0x03, 0x00, 0x00, 0x1b, 0x04, 0x09, 0x01, 0x79,
    0x28, 0x24, 0x0c, 0x00, 0x79, 0x79, 0x6f, 0x09, 0x00, 0x79, 0x79, 0x5d, 0x0a, 0x00, 0x79, 0x28,
    0x55, 0x0d, 0x00, 0x79, 0x79, 0x79, 0x04, 0x00, 0x00, 0x00, 0x54, 0x0c, 0x01, 0x00, 0x00, 0x52,
    0x0a, 0x01, 0x79, 0x79, 0x5d, 0x03, 0x00, 0x79, 0x79, 0x0a, 0x03, 0x00, 0x79, 0x79, 0x0a, 0x00,
    0x00, 0x79, 0x79, 0x0a, 0x0a, 0x00, 0x00, 0x1b, 0x01, 0x09, 0x01, 0x79, 0x0d, 0x28, 0x00, 0x00,
    0x79, 0x79, 0x0a, 0x0a, 0x00, 0x79, 0x5e, 0x52, 0x00, 0x00, 0x79, 0x70, 0x25, 0x0d, 0x00, 0x79,
    0x79, 0x70, 0x0c, 0x00, 0x79, 0x28, 0x70, 0x0c, 0x00, 0x79, 0x79, 0x52, 0x0d, 0x00, 0x79, 0x79,
    0x0d, 0x04, 0x00, 0x00, 0x00, 0x27, 0x0d, 0x01, 0x79, 0x28, 0x78, 0x0c, 0x00, 0x79, 0x79, 0x09,
    0x09, 0x00, 0x00, 0x6c, 0x5a, 0x01, 0x01, 0x79, 0x79, 0x5e, 0x04, 0x00, 0x00, 0x00, 0x52, 0x01,
    0x01, 0x00, 0x00, 0x1c, 0x0d, 0x01, 0x79, 0x25, 0x28, 0x04, 0x00, 0x00, 0x6c, 0x0a, 0x01, 0x01,
    0x00, 0x6c, 0x09, 0x0c, 0x01, 0x79, 0x5e, 0x79, 0x09, 0x00, 0x00, 0x00, 0x01, 0x00, 0x01, 0x79,
    0x28, 0x1e, 0x00, 0x00, 0x00, 0x00, 0x0d, 0x0d, 0x01, 0x79, 0x28, 0x27, 0x09, 0x00, 0x00, 0x00,
    0x6f, 0x0a, 0x01, 0x79, 0x79, 0x1c, 0x00, 0x00, 0x00, 0x1b, 0x75, 0x09, 0x01, 0x79, 0x5e, 0x1f,
    0x0c, 0x00, 0x00, 0x1b, 0x0a, 0x01, 0x01, 0x79, 0x28, 0x0c, 0x0d, 0x00, 0x79, 0x25, 0x6c, 0x03,
    0x00, 0x00, 0x1b, 0x09, 0x04, 0x01, 0x79, 0x28, 0x5e, 0x0a, 0x00, 0x79, 0x28, 0x54, 0x09, 0x00,
    0x79, 0x79, 0x75, 0x04, 0x00, 0x79, 0x79, 0x1f, 0x04, 0x00, 0x00, 0x6c, 0x00, 0x09, 0x01, 0x79,
    0x5e, 0x52, 0x00, 0x00, 0x79, 0x79, 0x0d, 0x0c, 0x00, 0x00, 0x1b, 0x03, 0x00, 0x01, 0x79, 0x1f,
    0x5e, 0x09, 0x00, 0x79, 0x0d, 0x1e, 0x0a, 0x00, 0x79, 0x70, 0x52, 0x09, 0x00, 0x00, 0x00, 0x79,
    0x09, 0x01, 0x79, 0x0d, 0x55, 0x0c, 0x00, 0x00, 0x00, 0x1f, 0x01, 0x01, 0x79, 0x28, 0x03, 0x01,
    0x00, 0x00, 0x6c, 0x70, 0x09, 0x01, 0x00, 0x00, 0x55, 0x09, 0x01, 0x79, 0x0d, 0x6f, 0x0c, 0x00,
    0x00, 0x00, 0x04, 0x04, 0x01, 0x00, 0x6c, 0x1c, 0x01, 0x01, 0x00, 0x51, 0x04, 0x01, 0x01, 0x79,
    0x79, 0x78, 0x01, 0x00, 0x79, 0x79, 0x1e, 0x0c, 0x00, 0x00, 0x51, 0x09, 0x0d, 0x01, 0x79, 0x79,
    0x01, 0x09, 0x00, 0x79, 0x28, 0x70, 0x0c, 0x00, 0x00, 0x51, 0x09, 0x0d, 0x01, 0x79, 0x5e, 0x5b,
    0x0d, 0x00, 0x00, 0x1b, 0x6d, 0x0a, 0x01, 0x00, 0x1b, 0x6f, 0x03, 0x01, 0x00, 0x51, 0x75, 0x09,
    0x01, 0x00, 0x00, 0x70, 0x00, 0x01, 0x00, 0x1b, 0x51, 0x04, 0x01, 0x00, 0x00, 0x76, 0x0d, 0x01,
    0x79, 0x79, 0x28, 0x09, 0x00, 0x00, 0x51, 0x76, 0x0c, 0x01, 0x79, 0x28, 0x5b, 0x0a, 0x00, 0x79,
    0x79, 0x54, 0x0d, 0x00, 0x79, 0x79, 0x0c, 0x09, 0x00, 0x00, 0x00, 0x09, 0x0c, 0x01, 0x00, 0x00,
    0x25, 0x03, 0x01, 0x79, 0x79, 0x24, 0x09, 0x00, 0x79, 0x28, 0x55, 0x00, 0x00, 0x79, 0x79, 0x1f,
    0x01, 0x00, 0x00, 0x51, 0x75, 0x03, 0x01, 0x00, 0x51, 0x52, 0x0c, 0x01, 0x79, 0x0d, 0x52, 0x09,
    0x00, 0x00, 0x00, 0x5b, 0x0d, 0x01, 0x79, 0x79, 0x78, 0x03, 0x00, 0x00, 0x00, 0x51, 0x0d, 0x01,
    0x79, 0x28, 0x78, 0x03, 0x00, 0x00, 0x51, 0x75, 0x09, 0x01, 0x00, 0x00, 0x5d, 0x09, 0x01, 0x79,
    0x5e, 0x6f, 0x01, 0x00, 0x00, 0x6c, 0x00, 0x00, 0x01, 0x79, 0x70, 0x1e, 0x0a, 0x00, 0x79, 0x79,
    0x1c, 0x09, 0x00, 0x79, 0x70, 0x01, 0x0a, 0x00, 0x00, 0x6c, 0x5b, 0x09, 0x01, 0x79, 0x79, 0x5b,
    0x04, 0x00, 0x79, 0x28, 0x25, 0x0c, 0x00, 0x79, 0x28, 0x09, 0x0a, 0x00, 0x00, 0x00, 0x55, 0x0c,
    0x01, 0x00, 0x51, 0x5a, 0x03, 0x01, 0x79, 0x79, 0x76, 0x0c, 0x00, 0x00, 0x00, 0x01, 0x04, 0x01,
    0x00, 0x00, 0x75, 0x0c, 0x01, 0x00, 0x51, 0x5d, 0x04, 0x01, 0x00, 0x00, 0x51, 0x0c, 0x01, 0x00,
    0x00, 0x5d, 0x0d, 0x01, 0x00, 0x51, 0x0a, 0x01, 0x01, 0x79, 0x5e, 0x52, 0x01, 0x00, 0x00, 0x00,
    0x76, 0x0d, 0x01, 0x79, 0x5e, 0x79, 0x04, 0x00, 0x79, 0x28, 0x6c, 0x04, 0x00, 0x79, 0x79, 0x51,
    0x0a, 0x00, 0x79, 0x28, 0x6d, 0x09, 0x00, 0x79, 0x0d, 0x79, 0x03, 0x00, 0x00, 0x1b, 0x04, 0x0a,
    0x01, 0x00, 0x51, 0x55, 0x0c, 0x01, 0x79, 0x79, 0x79, 0x00, 0x00, 0x00, 0x51, 0x27, 0x0c, 0x01,
    0x00, 0x09, 0x55, 0x01, 0x01, 0x00, 0x00, 0x1f, 0x01, 0x01, 0x00, 0x6c, 0x1b, 0x03, 0x01, 0x00,
    0x51, 0x01, 0x01, 0x01, 0x00, 0x00, 0x0c, 0x00, 0x01, 0x79, 0x79, 0x51, 0x03, 0x00, 0x79, 0x28,
    0x70, 0x03, 0x00, 0x79, 0x5e, 0x52, 0x04, 0x00, 0x00, 0x51, 0x6c, 0x01, 0x01, 0x79, 0x79, 0x5d,
    0x03, 0x00, 0x79, 0x79, 0x00, 0x03, 0x00, 0x79, 0x79, 0x0d, 0x01, 0x00, 0x79, 0x28, 0x79, 0x0c,
    0x00, 0x79, 0x79, 0x5b, 0x00, 0x00, 0x00, 0x00, 0x52, 0x09, 0x01, 0x00, 0x00, 0x54, 0x0d, 0x01,
    0x79, 0x79, 0x70, 0x0d, 0x00, 0x00, 0x00, 0x1e, 0x09, 0x01, 0x79, 0x5e, 0x1c, 0x09, 0x00, 0x00,
    0x00, 0x1f, 0x00, 0x01, 0x79, 0x28, 0x79, 0x01, 0x00, 0x00, 0x00, 0x1b, 0x04, 0x01, 0x79, 0x79,
    0x52, 0x01, 0x00, 0x00, 0x00, 0x52, 0x0c, 0x01, 0x00, 0x00, 0x1c, 0x09, 0x01, 0x00, 0x00, 0x1c,
    0x09, 0x01, 0x79, 0x79, 0x5d, 0x03, 0x00, 0x00, 0x00, 0x54, 0x04, 0x01, 0x00, 0x00, 0x55, 0x0a,
    0x01, 0x00, 0x00, 0x5d, 0x00, 0x01, 0x79, 0x79, 0x04, 0x00, 0x00, 0x79, 0x5e, 0x79, 0x0a, 0x00,
    0x00, 0x00, 0x28, 0x0d, 0x01, 0x79, 0x28, 0x0c, 0x01, 0x00, 0x00, 0x00, 0x6c, 0x0a, 0x01, 0x00,
    0x00, 0x75, 0x0d, 0x01, 0x00, 0x00, 0x55, 0x01, 0x01, 0x79, 0x79, 0x1e, 0x00, 0x00, 0x00, 0x00,
    0x04, 0x00, 0x01, 0x00, 0x00, 0x6c, 0x01, 0x01, 0x79, 0x28, 0x04, 0x01, 0x00, 0x00, 0x00, 0x70,
    0x0c, 0x01, 0x00, 0x51, 0x5d, 0x0c, 0x01, 0x79, 0x79, 0x5d, 0x00, 0x00, 0x00, 0x6c, 0x75, 0x00,
    0x01, 0x00, 0x00, 0x78, 0x0d, 0x01, 0x00, 0x1b, 0x1f, 0x01, 0x01, 0x00, 0x00, 0x1e, 0x0c, 0x01,
    0x79, 0x79, 0x24, 0x09, 0x00, 0x00, 0x6c, 0x5d, 0x0c, 0x01, 0x00, 0x51, 0x09, 0x0a, 0x01, 0x79,
    0x79, 0x1e, 0x0c, 0x00, 0x79, 0x79, 0x6d, 0x00, 0x00, 0x00, 0x00, 0x55, 0x0c, 0x01, 0x79, 0x79,
    0x28, 0x0d, 0x00, 0x00, 0x24, 0x75, 0x00, 0x01, 0x79, 0x5e, 0x6d, 0x09, 0x00, 0x00, 0x51, 0x24,
    0x0c, 0x01, 0x00, 0x00, 0x1b, 0x0a, 0x01, 0x00, 0x00, 0x78, 0x0a, 0x01, 0x79, 0x79, 0x55, 0x0c,
    0x00, 0x00, 0x00, 0x78, 0x03, 0x01, 0x00, 0x00, 0x5e, 0x0d, 0x01, 0x79, 0x28, 0x1b, 0x00, 0x00,
    0x00, 0x51, 0x70, 0x0c, 0x01, 0x79, 0x28, 0x03, 0x0c, 0x00, 0x00, 0x00, 0x25, 0x04, 0x01, 0x79,
    0x79, 0x1b, 0x0d, 0x00, 0x00, 0x1b, 0x6f, 0x01, 0x01, 0x79, 0x55, 0x52, 0x04, 0x00, 0x00, 0x00,
    0x25, 0x04, 0x01, 0x00, 0x00, 0x0a, 0x03, 0x01, 0x00, 0x1b, 0x04, 0x0d, 0x01, 0x79, 0x28, 0x09,
    0x0a, 0x00, 0x00, 0x51, 0x1e, 0x01, 0x01, 0x00, 0x00, 0x04, 0x09, 0x01, 0x79, 0x28, 0x01, 0x01,
    0x00, 0x00, 0x51, 0x25, 0x00, 0x01, 0x79, 0x79, 0x55, 0x01, 0x00, 0x00, 0x00, 0x01, 0x09, 0x01,
    0x79, 0x79, 0x0d, 0x03, 0x00, 0x00, 0x1b, 0x09, 0x09, 0x01, 0x79, 0x79, 0x75, 0x09, 0x00, 0x79,
    0x5e, 0x03, 0x0c, 0x00, 0x79, 0x28, 0x00, 0x04, 0x00, 0x00, 0x00, 0x51, 0x01, 0x01, 0x79, 0x28,
    0x09, 0x0c, 0x00, 0x00, 0x51, 0x27, 0x04, 0x01, 0x79, 0x79, 0x03, 0x04, 0x00, 0x00, 0x00, 0x55,
    0x01, 0x01, 0x00, 0x00, 0x52, 0x00, 0x01, 0x79, 0x0d, 0x28, 0x0c, 0x00, 0x79, 0x79, 0x27, 0x01,
    0x00, 0x00, 0x00, 0x5b, 0x09, 0x01, 0x79, 0x70, 0x25, 0x00, 0x00, 0x79, 0x79, 0x04, 0x0d, 0x00,
    0x79, 0x79, 0x04, 0x01, 0x00, 0x00, 0x00, 0x75, 0x04, 0x01, 0x79, 0x28, 0x5e, 0x0a, 0x00, 0x79,
    0x28, 0x04, 0x0c, 0x00, 0x79, 0x79, 0x1e, 0x09, 0x00, 0x00, 0x51, 0x5d, 0x04, 0x01, 0x00, 0x00,
    0x75, 0x0c, 0x01, 0x79, 0x79, 0x1e, 0x0c, 0x00, 0x00, 0x51, 0x27, 0x09, 0x01, 0x79, 0x79, 0x6d,
    0x09, 0x00, 0x00, 0x00, 0x6d, 0x04, 0x01, 0x79, 0x79, 0x04, 0x09, 0x00, 0x00, 0x00, 0x52, 0x03,
    0x01, 0x79, 0x79, 0x5e, 0x04, 0x00, 0x79, 0x79, 0x00, 0x03, 0x00, 0x00, 0x09, 0x51, 0x03, 0x01,
    0x00, 0x51, 0x27, 0x0d, 0x01, 0x00, 0x51, 0x78, 0x03, 0x01, 0x00, 0x00, 0x78, 0x09, 0x01, 0x79,
    0x79, 0x0d, 0x0a, 0x00, 0x00, 0x00, 0x5a, 0x04, 0x01, 0x79, 0x70, 0x0d, 0x04, 0x00, 0x79, 0x04,
    0x5e, 0x00, 0x00, 0x79, 0x5e, 0x09, 0x0a, 0x00, 0x00, 0x51, 0x24, 0x09, 0x01, 0x79, 0x79, 0x24,
    0x03, 0x00, 0x79, 0x79, 0x51, 0x0c, 0x00, 0x00, 0x00, 0x28, 0x03, 0x01, 0x00, 0x51, 0x78, 0x0a,
    0x01, 0x00, 0x00, 0x75, 0x0c, 0x01, 0x79, 0x28, 0x76, 0x0c, 0x00, 0x00, 0x00, 0x55, 0x09, 0x01,
    0x00, 0x00, 0x6d, 0x00, 0x01, 0x00, 0x00, 0x75, 0x09, 0x01, 0x00, 0x00, 0x03, 0x03, 0x01, 0x79,
    0x79, 0x28, 0x04, 0x00, 0x00, 0x6c, 0x79, 0x00, 0x01, 0x00, 0x51, 0x04, 0x0d, 0x01, 0x79, 0x79,
    0x52, 0x0a, 0x00, 0x00, 0x00, 0x1f, 0x00, 0x01, 0x79, 0x0d, 0x0a, 0x0d, 0x00, 0x00, 0x00, 0x0a,
    0x01, 0x01, 0x79, 0x79, 0x55, 0x03, 0x00, 0x00, 0x00, 0x55, 0x04, 0x01, 0x79, 0x0d, 0x55, 0x0d,
    0x00, 0x00, 0x1b, 0x09, 0x0c, 0x01, 0x79, 0x1f, 0x5a, 0x04, 0x00, 0x79, 0x5e, 0x1b, 0x03, 0x00,
    0x79, 0x0d, 0x24, 0x0c, 0x00, 0x79, 0x70, 0x1f, 0x01, 0x00, 0x00, 0x00, 0x6f, 0x03, 0x01, 0x79,
    0x5e, 0x79, 0x00, 0x00, 0x00, 0x1b, 0x52, 0x0d, 0x01, 0x00, 0x09, 0x51, 0x0c, 0x01, 0x79, 0x79,
    0x0c, 0x00, 0x00, 0x79, 0x5e, 0x24, 0x03, 0x00, 0x00, 0x51, 0x6c, 0x03, 0x01, 0x00, 0x51, 0x5d,
    0x01, 0x01, 0x79, 0x28, 0x6c, 0x0d, 0x00, 0x79, 0x1f, 0x70, 0x0a, 0x00, 0x79, 0x28, 0x1f, 0x01,
    0x00, 0x00, 0x00, 0x5a, 0x0a, 0x01, 0x79, 0x28, 0x6f, 0x0d, 0x00, 0x00, 0x00, 0x0d, 0x09, 0x01,
    0x79, 0x5e, 0x0d, 0x0d, 0x00, 0x79, 0x79, 0x5b, 0x00, 0x00, 0x79, 0x5e, 0x25, 0x0d, 0x00, 0x79,
    0x0d, 0x1f, 0x00, 0x00, 0x79, 0x79, 0x1c, 0x0a, 0x00, 0x00, 0x5a, 0x1b, 0x03, 0x01, 0x00, 0x00,
    0x79, 0x04, 0x01, 0x00, 0x00, 0x1f, 0x0d, 0x01, 0x79, 0x70, 0x27, 0x00, 0x00, 0x79, 0x5e, 0x00,
    0x09, 0x00, 0x00, 0x1b, 0x76, 0x04, 0x01, 0x79, 0x1f, 0x01, 0x0d, 0x00, 0x00, 0x1b, 0x5b, 0x03,
    0x01, 0x00, 0x00, 0x78, 0x09, 0x01, 0x79, 0x5e, 0x25, 0x04, 0x00, 0x00, 0x1b, 0x5a, 0x0c, 0x01,
    0x00, 0x51, 0x28, 0x0a, 0x01, 0x00, 0x6c, 0x03, 0x09, 0x01, 0x79, 0x79, 0x76, 0x04, 0x00, 0x79,
    0x28, 0x55, 0x0d, 0x00, 0x00, 0x00, 0x0d, 0x04, 0x01, 0x79, 0x79, 0x09, 0x0c, 0x00, 0x00, 0x00,
    0x1f, 0x0a, 0x01, 0x79, 0x28, 0x6f, 0x09, 0x00, 0x79, 0x79, 0x6d, 0x09, 0x00, 0x00, 0x00, 0x1c,
    0x00, 0x01, 0x79, 0x79, 0x00, 0x09, 0x00, 0x00, 0x00, 0x27, 0x0a, 0x01, 0x00, 0x1b, 0x5a, 0x01,
    0x01, 0x79, 0x79, 0x52, 0x01, 0x00, 0x00, 0x00, 0x00, 0x04, 0x01, 0x79, 0x79, 0x6d, 0x0d, 0x00,
    0x00, 0x00, 0x54, 0x01, 0x01, 0x79, 0x79, 0x03, 0x04, 0x00, 0x79, 0x79, 0x1f, 0x0d, 0x00, 0x79,
    0x5e, 0x09, 0x03, 0x00, 0x00, 0x00, 0x00, 0x03, 0x01, 0x00, 0x51, 0x1e, 0x01, 0x01, 0x79, 0x79,
    0x5e, 0x00, 0x00, 0x79, 0x79, 0x1b, 0x04, 0x00, 0x79, 0x79, 0x5b, 0x0c, 0x00, 0x00, 0x1b, 0x5b,
    0x0d, 0x01, 0x79, 0x79, 0x27, 0x0a, 0x00, 0x79, 0x79, 0x79, 0x0a, 0x00, 0x00, 0x00, 0x75, 0x01,
    0x01, 0x79, 0x79, 0x76, 0x01, 0x00, 0x00, 0x51, 0x6c, 0x04, 0x01, 0x00, 0x00, 0x1b, 0x09, 0x01,
    0x00, 0x1b, 0x00, 0x09, 0x01, 0x79, 0x79, 0x03, 0x0d, 0x00, 0x79, 0x0d, 0x55, 0x04, 0x00, 0x00,
    0x00, 0x27, 0x0a, 0x01, 0x79, 0x28, 0x76, 0x01, 0x00, 0x00, 0x00, 0x5d, 0x0d, 0x01, 0x79, 0x0d,
    0x03, 0x03, 0x00, 0x79, 0x28, 0x0a, 0x0c, 0x00, 0x00, 0x00, 0x01, 0x04, 0x01, 0x79, 0x28, 0x55,
    0x01, 0x00, 0x79, 0x79, 0x0d, 0x03, 0x00, 0x00, 0x00, 0x03, 0x04, 0x01, 0x79, 0x5e, 0x25, 0x0d,
    0x00, 0x00, 0x1b, 0x0a, 0x04, 0x01, 0x00, 0x00, 0x54, 0x04, 0x01, 0x00, 0x09, 0x00, 0x0a, 0x01,
    0x79, 0x5e, 0x28, 0x04, 0x00, 0x00, 0x00, 0x1f, 0x00, 0x01, 0x00, 0x1b, 0x51, 0x09, 0x01, 0x79,
    0x28, 0x27, 0x00, 0x00, 0x00, 0x00, 0x6c, 0x03, 0x01, 0x00, 0x00, 0x6d, 0x0d, 0x01, 0x00, 0x51,
    0x27, 0x01, 0x01, 0x79, 0x79, 0x70, 0x0a, 0x00, 0x00, 0x00, 0x09, 0x0a, 0x01, 0x79, 0x79, 0x79,
    0x01, 0x00, 0x79, 0x79, 0x5b, 0x09, 0x00, 0x79, 0x79, 0x00, 0x0c, 0x00, 0x79, 0x1f, 0x76, 0x00,
    0x00, 0x00, 0x6c, 0x5a, 0x09, 0x01, 0x79, 0x0d, 0x1f, 0x0d, 0x00, 0x00, 0x51, 0x6f, 0x03, 0x01,
    0x79, 0x55, 0x79, 0x0a, 0x00, 0x79, 0x79, 0x09, 0x04, 0x00, 0x79, 0x0d, 0x6d, 0x03, 0x00, 0x00,
    0x00, 0x28, 0x03, 0x01, 0x00, 0x00, 0x09, 0x0d, 0x01, 0x00, 0x51, 0x09, 0x00, 0x01, 0x79, 0x79,
    0x70, 0x0d, 0x00, 0x79, 0x79, 0x1f, 0x0c, 0x00, 0x79, 0x28, 0x75, 0x00, 0x00, 0x79, 0x0d, 0x25,
    0x00, 0x00, 0x79, 0x79, 0x5e, 0x09, 0x00, 0x79, 0x5e, 0x00, 0x0d, 0x00, 0x00, 0x00, 0x52, 0x0c,
    0x01, 0x79, 0x5e, 0x04, 0x04, 0x00, 0x00, 0x6c, 0x6f, 0x0a, 0x01, 0x00, 0x1b, 0x04, 0x01, 0x01,
    0x00, 0x00, 0x25, 0x01, 0x01, 0x00, 0x00, 0x76, 0x09, 0x01, 0x79, 0x79, 0x76, 0x0a, 0x00, 0x00,
    0x00, 0x00, 0x09, 0x01, 0x79, 0x79, 0x1f, 0x04, 0x00, 0x79, 0x79, 0x52, 0x03, 0x00, 0x00, 0x24,
    0x51, 0x0d, 0x01, 0x00, 0x1b, 0x54, 0x0a, 0x01, 0x79, 0x79, 0x51, 0x04, 0x00, 0x00, 0x00, 0x54,
    0x03, 0x01, 0x79, 0x79, 0x78, 0x09, 0x00, 0x79, 0x28, 0x0c, 0x0c, 0x00, 0x79, 0x28, 0x70, 0x0a,
    0x00, 0x00, 0x1b, 0x6d, 0x01, 0x01, 0x79, 0x79, 0x75, 0x09, 0x00, 0x79, 0x5e, 0x0d, 0x00, 0x00,
    0x00, 0x00, 0x1b, 0x0d, 0x01, 0x00, 0x00, 0x01, 0x09, 0x01, 0x79, 0x5e, 0x54, 0x03, 0x00, 0x79,
    0x5e, 0x75, 0x00, 0x00, 0x79, 0x5e, 0x03, 0x09, 0x00, 0x00, 0x1b, 0x1b, 0x0c, 0x01, 0x00, 0x6c,
    0x5d, 0x09, 0x01, 0x79, 0x28, 0x27, 0x04, 0x00, 0x00, 0x00, 0x5a, 0x01, 0x01, 0x79, 0x79, 0x75,
    0x09, 0x00, 0x00, 0x00, 0x6f, 0x0d, 0x01, 0x00, 0x51, 0x27, 0x03, 0x01, 0x79, 0x28, 0x52, 0x09,
    0x00, 0x00, 0x51, 0x24, 0x01, 0x01, 0x79, 0x55, 0x6c, 0x0d, 0x00, 0x79, 0x79, 0x1f, 0x03, 0x00,
    0x79, 0x28, 0x5d, 0x03, 0x00, 0x79, 0x28, 0x79, 0x03, 0x00, 0x79, 0x28, 0x6d, 0x0d, 0x00, 0x00,
    0x1b, 0x78, 0x00, 0x01, 0x00, 0x09, 0x75, 0x01, 0x01, 0x79, 0x79, 0x52, 0x00, 0x00, 0x00, 0x09,
    0x24, 0x03, 0x01, 0x00, 0x51, 0x1e, 0x00, 0x01, 0x00, 0x1b, 0x76, 0x0c, 0x01, 0x00, 0x00, 0x00,
    0x0c, 0x01, 0x79, 0x79, 0x0c, 0x0d, 0x00, 0x00, 0x1b, 0x51, 0x0c, 0x01, 0x79, 0x28, 0x0a, 0x0a,
    0x00, 0x79, 0x5e, 0x78, 0x0d, 0x00, 0x00, 0x51, 0x6f, 0x09, 0x01, 0x79, 0x79, 0x03, 0x00, 0x00,
    0x79, 0x79, 0x54, 0x04, 0x00, 0x79, 0x79, 0x5d, 0x0c, 0x00, 0x00, 0x00, 0x01, 0x0a, 0x01, 0x79,
    0x79, 0x0a, 0x09, 0x00, 0x79, 0x28, 0x55, 0x03, 0x00, 0x79, 0x28, 0x1e, 0x04, 0x00, 0x79, 0x70,
    0x5a, 0x0d, 0x00, 0x79, 0x04, 0x75, 0x00, 0x00, 0x79, 0x5e, 0x78, 0x01, 0x00, 0x79, 0x5e, 0x1b,
    0x01, 0x00, 0x00, 0x51, 0x25, 0x0c, 0x01, 0x79, 0x28, 0x24, 0x04, 0x00, 0x00, 0x6c, 0x24, 0x01,
    0x01, 0x00, 0x6c, 0x51, 0x0d, 0x01, 0x79, 0x1f, 0x5d, 0x0c, 0x00, 0x00, 0x1b, 0x52, 0x00, 0x01,
    0x79, 0x79, 0x1b, 0x0a, 0x00, 0x79, 0x55, 0x76, 0x0c, 0x00, 0x00, 0x51, 0x78, 0x00, 0x01, 0x00,
    0x00, 0x5e, 0x00, 0x01, 0x00, 0x00, 0x52, 0x04, 0x01, 0x79, 0x5e, 0x6d, 0x03, 0x00, 0x79, 0x1f,
    0x00, 0x01, 0x00, 0x79, 0x28, 0x5d, 0x03, 0x00, 0x79, 0x1f, 0x0c, 0x0a, 0x00, 0x00, 0x51, 0x28,
    0x00, 0x01, 0x79, 0x28, 0x27, 0x04, 0x00, 0x00, 0x6c, 0x55, 0x0d, 0x01, 0x00, 0x6c, 0x75, 0x04,
    0x01, 0x00, 0x1b, 0x70, 0x0d, 0x01, 0x79, 0x04, 0x01, 0x03, 0x00, 0x00, 0x75, 0x04, 0x01, 0x01,
    0x79, 0x79, 0x1f, 0x0a, 0x00, 0x79, 0x28, 0x1f, 0x01, 0x00, 0x79, 0x28, 0x1c, 0x00, 0x00, 0x00,
    0x51, 0x5d, 0x03, 0x01, 0x00, 0x1b, 0x0c, 0x0c, 0x01, 0x79, 0x0d, 0x78, 0x04, 0x00, 0x00, 0x6c,
    0x54, 0x0a, 0x01, 0x79, 0x28, 0x78, 0x0c, 0x00, 0x00, 0x51, 0x25, 0x03, 0x01, 0x79, 0x5e, 0x78,
    0x0c, 0x00, 0x79, 0x79, 0x0a, 0x0d, 0x00, 0x79, 0x79, 0x75, 0x0d, 0x00, 0x00, 0x00, 0x09, 0x03,
    0x01, 0x00, 0x51, 0x0c, 0x0c, 0x01, 0x79, 0x79, 0x55, 0x00, 0x00, 0x79, 0x5e, 0x55, 0x0a, 0x00,
    0x79, 0x79, 0x5b, 0x09, 0x00, 0x79, 0x79, 0x1b, 0x0c, 0x00, 0x00, 0x51, 0x1c, 0x04, 0x01, 0x79,
    0x79, 0x5a, 0x09, 0x00, 0x00, 0x00, 0x03, 0x00, 0x01, 0x00, 0x1b, 0x09, 0x03, 0x01, 0x79, 0x79,
    0x5a, 0x04, 0x00, 0x00, 0x51, 0x6d, 0x0c, 0x01, 0x79, 0x79, 0x27, 0x0c, 0x00, 0x00, 0x00, 0x5d,
    0x03, 0x01, 0x79, 0x79, 0x55, 0x04, 0x00, 0x79, 0x79, 0x78, 0x00, 0x00, 0x79, 0x79, 0x04, 0x09,
    0x00, 0x00, 0x1b, 0x1c, 0x04, 0x01, 0x79, 0x28, 0x25, 0x0c, 0x00, 0x00, 0x00, 0x5e, 0x00, 0x01,
    0x00, 0x6c, 0x52, 0x01, 0x01, 0x00, 0x00, 0x78, 0x00, 0x01, 0x00, 0x51, 0x24, 0x0a, 0x01, 0x00,
    0x00, 0x5e, 0x0d, 0x01, 0x79, 0x79, 0x03, 0x03, 0x00, 0x79, 0x28, 0x1b, 0x0c, 0x00, 0x79, 0x79,
    0x5b, 0x0a, 0x00, 0x00, 0x51, 0x0c, 0x0c, 0x01, 0x00, 0x51, 0x00, 0x00, 0x01, 0x79, 0x28, 0x76,
    0x09, 0x00, 0x00, 0x51, 0x51, 0x09, 0x01, 0x00, 0x00, 0x04, 0x0d, 0x01, 0x00, 0x51, 0x52, 0x04,
    0x01, 0x79, 0x28, 0x01, 0x0c, 0x00, 0x00, 0x1b, 0x6c, 0x01, 0x01, 0x79, 0x28, 0x5d, 0x0d, 0x00,
    0x00, 0x00, 0x75, 0x0a, 0x01, 0x00, 0x00, 0x79, 0x00, 0x01, 0x00, 0x51, 0x54, 0x03, 0x01, 0x00,
    0x00, 0x6d, 0x04, 0x01, 0x00, 0x51, 0x79, 0x0a, 0x01, 0x00, 0x00, 0x51, 0x01, 0x01, 0x79, 0x70,
    0x5d, 0x03, 0x00, 0x79, 0x79, 0x0a, 0x0d, 0x00, 0x00, 0x51, 0x54, 0x00, 0x01, 0x00, 0x51, 0x04,
    0x09, 0x01, 0x79, 0x79, 0x04, 0x04, 0x00, 0x79, 0x5e, 0x5a, 0x04, 0x00, 0x00, 0x1b, 0x70, 0x03,
    0x01, 0x79, 0x5e, 0x1f, 0x0c, 0x00, 0x00, 0x00, 0x52, 0x0c, 0x01, 0x79, 0x79, 0x5b, 0x00, 0x00,
    0x79, 0x0d, 0x00, 0x0d, 0x00, 0x00, 0x00, 0x5d, 0x09, 0x01, 0x00, 0x00, 0x1f, 0x0d, 0x01, 0x79,
    0x28, 0x79, 0x03, 0x00, 0x00, 0x00, 0x6d, 0x0a, 0x01, 0x00, 0x00, 0x51, 0x0c, 0x01, 0x00, 0x51,
    0x76, 0x0a, 0x01, 0x00, 0x1b, 0x5a, 0x0d, 0x01, 0x00, 0x09, 0x5b, 0x0c, 0x01, 0x00, 0x51, 0x6f,
    0x09, 0x01, 0x79, 0x28, 0x78, 0x01, 0x00, 0x00, 0x1b, 0x79, 0x03, 0x01, 0x79, 0x28, 0x76, 0x0a,
    0x00, 0x79, 0x79, 0x78, 0x0d, 0x00, 0x79, 0x28, 0x5b, 0x0d, 0x00, 0x79, 0x79, 0x75, 0x00, 0x00,
    0x79, 0x28, 0x1c, 0x09, 0x00, 0x00, 0x00, 0x25, 0x00, 0x01, 0x79, 0x79, 0x5b, 0x09, 0x00, 0x00,
    0x1b, 0x00, 0x0d, 0x01, 0x79, 0x79, 0x09, 0x01, 0x00, 0x79, 0x79, 0x52, 0x0c, 0x00, 0x79, 0x5e,
    0x1c, 0x0a, 0x00, 0x79, 0x28, 0x52, 0x09, 0x00, 0x00, 0x00, 0x70, 0x04, 0x01, 0x00, 0x00, 0x25,
    0x0c, 0x01, 0x79, 0x79, 0x55, 0x0d, 0x00, 0x00, 0x00, 0x1c, 0x01, 0x01, 0x79, 0x28, 0x1e, 0x0a,
    0x00, 0x79, 0x28, 0x5b, 0x0c, 0x00, 0x00, 0x00, 0x28, 0x0d, 0x01, 0x00, 0x00, 0x01, 0x01, 0x01,
    0x00, 0x51, 0x79, 0x09, 0x01, 0x79, 0x28, 0x78, 0x0a, 0x00, 0x79, 0x28, 0x6d, 0x01, 0x00, 0x00,
    0x51, 0x28, 0x01, 0x01, 0x79, 0x28, 0x0a, 0x09, 0x00, 0x00, 0x1b, 0x0c, 0x03, 0x01, 0x79, 0x28,
    0x28, 0x00, 0x00, 0x00, 0x00, 0x55, 0x01, 0x01, 0x00, 0x51, 0x6f, 0x01, 0x01, 0x79, 0x79, 0x5a,
    0x04, 0x00, 0x79, 0x5e, 0x25, 0x00, 0x00, 0x00, 0x00, 0x5d, 0x04, 0x01, 0x00, 0x51, 0x09, 0x03,
    0x01, 0x00, 0x51, 0x1b, 0x03, 0x01, 0x00, 0x00, 0x52, 0x0a, 0x01, 0x79, 0x28, 0x00, 0x03, 0x00,
    0x79, 0x5e, 0x5b, 0x00, 0x00, 0x00, 0x00, 0x01, 0x03, 0x01, 0x00, 0x00, 0x52, 0x0a, 0x01, 0x79,
    0x28, 0x75, 0x0c, 0x00, 0x00, 0x51, 0x0d, 0x04, 0x01, 0x79, 0x79, 0x6c, 0x0c, 0x00, 0x00, 0x00,
    0x54, 0x04, 0x01, 0x00, 0x6c, 0x54, 0x03, 0x01, 0x00, 0x75, 0x70, 0x0c, 0x01, 0x00, 0x51, 0x75,
    0x0c, 0x01, 0x79, 0x79, 0x03, 0x0c, 0x00, 0x79, 0x79, 0x0a, 0x04, 0x00, 0x00, 0x51, 0x54, 0x09,
    0x01, 0x00, 0x00, 0x76, 0x0d, 0x01, 0x00, 0x00, 0x0c, 0x09, 0x01, 0x00, 0x00, 0x00, 0x03, 0x01,
    0x00, 0x1b, 0x1c, 0x01, 0x01, 0x00, 0x00, 0x28, 0x0c, 0x01, 0x79, 0x28, 0x1f, 0x0d, 0x00, 0x00,
    0x00, 0x76, 0x09, 0x01, 0x79, 0x28, 0x55, 0x0c, 0x00, 0x00, 0x51, 0x1b, 0x0a, 0x01, 0x00, 0x00,
    0x0a, 0x0c, 0x01, 0x00, 0x00, 0x1e, 0x01, 0x01, 0x00, 0x00, 0x03, 0x04, 0x01, 0x00, 0x00, 0x24,
    0x01, 0x01, 0x79, 0x79, 0x51, 0x04, 0x00, 0x79, 0x28, 0x78, 0x0d, 0x00, 0x79, 0x79, 0x78, 0x03,
    0x00, 0x79, 0x79, 0x04, 0x09, 0x00, 0x00, 0x00, 0x5b, 0x00, 0x01, 0x00, 0x51, 0x79, 0x0a, 0x01,
    0x00, 0x00, 0x51, 0x01, 0x01, 0x00, 0x51, 0x75, 0x09, 0x01, 0x79, 0x28, 0x79, 0x00, 0x00, 0x79,
    0x79, 0x0a, 0x09, 0x00, 0x79, 0x79, 0x28, 0x00, 0x00, 0x79, 0x79, 0x6d, 0x0a, 0x00, 0x00, 0x00,
    0x1b, 0x00, 0x01, 0x79, 0x79, 0x01, 0x09, 0x00, 0x79, 0x28, 0x5d, 0x04, 0x00, 0x00, 0x51, 0x1b,
    0x04, 0x01, 0x00, 0x00, 0x78, 0x04, 0x01, 0x00, 0x00, 0x1f, 0x0d, 0x01, 0x00, 0x00, 0x76, 0x01,
    0x01, 0x79, 0x28, 0x55, 0x09, 0x00, 0x79, 0x28, 0x78, 0x03, 0x00, 0x00, 0x6c, 0x51, 0x0c, 0x01,
    0x79, 0x79, 0x0a, 0x04, 0x00, 0x00, 0x00, 0x79, 0x03, 0x01, 0x79, 0x28, 0x0c, 0x01, 0x00, 0x00,
    0x00, 0x54, 0x0c, 0x01, 0x00, 0x6c, 0x0c, 0x00, 0x01, 0x79, 0x79, 0x01, 0x09, 0x00, 0x00, 0x00,
    0x27, 0x00, 0x01, 0x79, 0x1f, 0x5d, 0x04, 0x00, 0x79, 0x28, 0x28, 0x00, 0x00, 0x00, 0x00, 0x0a,
    0x0d, 0x01, 0x00, 0x51, 0x03, 0x04, 0x01, 0x00, 0x00, 0x5a, 0x01, 0x01, 0x79, 0x28, 0x04, 0x0d,
    0x00, 0x00, 0x00, 0x5e, 0x03, 0x01, 0x79, 0x79, 0x6c, 0x09, 0x00, 0x79, 0x79, 0x79, 0x09, 0x00,
    0x79, 0x79, 0x79, 0x0a, 0x00, 0x79, 0x79, 0x5b, 0x04, 0x00, 0x79, 0x79, 0x52, 0x09, 0x00, 0x00,
    0x00, 0x70, 0x04, 0x01, 0x79, 0x79, 0x0c, 0x0a, 0x00, 0x79, 0x79, 0x54, 0x03, 0x00, 0x00, 0x00,
    0x00, 0x0c, 0x01, 0x00, 0x00, 0x75, 0x04, 0x01, 0x79, 0x79, 0x76, 0x03, 0x00, 0x79, 0x79, 0x79,
    0x00, 0x00, 0x00, 0x00, 0x78, 0x09, 0x01, 0x79, 0x79, 0x04, 0x0d, 0x00, 0x00, 0x00, 0x0a, 0x0d,
    0x01, 0x79, 0x79, 0x6f, 0x0d, 0x00, 0x00, 0x51, 0x76, 0x03, 0x01, 0x79, 0x79, 0x04, 0x01, 0x00,
    0x79, 0x5e, 0x76, 0x09, 0x00, 0x00, 0x51, 0x51, 0x04, 0x01, 0x79, 0x79, 0x55, 0x04, 0x00, 0x00,
    0x51, 0x03, 0x03, 0x01, 0x00, 0x00, 0x5a, 0x04, 0x01, 0x79, 0x79, 0x00, 0x00, 0x00, 0x00, 0x00,
    0x24, 0x09, 0x01, 0x00, 0x00, 0x6f, 0x01, 0x01, 0x00, 0x00, 0x1b, 0x0c, 0x01, 0x79, 0x79, 0x52,
    0x0c, 0x00, 0x00, 0x00, 0x27, 0x09, 0x01, 0x79, 0x79, 0x55, 0x0a, 0x00, 0x79, 0x79, 0x25, 0x04,
    0x00, 0x00, 0x00, 0x27, 0x0c, 0x01, 0x00, 0x00, 0x03, 0x0a, 0x01, 0x00, 0x00, 0x70, 0x00, 0x01,
    0x00, 0x00, 0x0d, 0x0a, 0x01, 0x79, 0x79, 0x54, 0x0a, 0x00, 0x79, 0x79, 0x03, 0x0d, 0x00, 0x00,
    0x51, 0x0a, 0x0a, 0x01, 0x00, 0x51, 0x5a, 0x01, 0x01, 0x79, 0x28, 0x28, 0x03, 0x00, 0x79, 0x79,
    0x76, 0x0d, 0x00, 0x00, 0x51, 0x01, 0x04, 0x01, 0x79, 0x28, 0x5b, 0x0d, 0x00, 0x79, 0x79, 0x0d,
    0x01, 0x00, 0x00, 0x00, 0x00, 0x09, 0x01, 0x79, 0x79, 0x5d, 0x0d, 0x00, 0x79, 0x79, 0x27, 0x03,
    0x00, 0x00, 0x00, 0x24, 0x0c, 0x01, 0x79, 0x0d, 0x6d, 0x0d, 0x00, 0x79, 0x1c, 0x0d, 0x00, 0x00,
    0x00, 0x00, 0x5b, 0x09, 0x01, 0x79, 0x28, 0x03, 0x09, 0x00, 0x79, 0x28, 0x52, 0x00, 0x00, 0x79,
    0x5e, 0x70, 0x0d, 0x00, 0x00, 0x00, 0x55, 0x00, 0x01, 0x00, 0x00, 0x5e, 0x09, 0x01, 0x00, 0x51,
    0x75, 0x01, 0x01, 0x00, 0x51, 0x03, 0x00, 0x01, 0x79, 0x79, 0x6f, 0x0c, 0x00, 0x79, 0x79, 0x04,
    0x0d, 0x00, 0x79, 0x28, 0x51, 0x0a, 0x00, 0x79, 0x5e, 0x24, 0x03, 0x00, 0x00, 0x1b, 0x5a, 0x01,
    0x01, 0x00, 0x00, 0x1e, 0x09, 0x01, 0x79, 0x1f, 0x1c, 0x03, 0x00, 0x79, 0x79, 0x1c, 0x04, 0x00,
    0x00, 0x51, 0x6f, 0x01, 0x01, 0x00, 0x51, 0x1b, 0x0d, 0x01, 0x79, 0x79, 0x1e, 0x03, 0x00, 0x00,
    0x51, 0x5e, 0x0a, 0x01, 0x00, 0x6c, 0x1c, 0x0d, 0x01, 0x00, 0x00, 0x52, 0x00, 0x01, 0x79, 0x28,
    0x0d, 0x09, 0x00, 0x00, 0x00, 0x0d, 0x0c, 0x01, 0x79, 0x79, 0x04, 0x04, 0x00, 0x00, 0x00, 0x0c,
    0x0c, 0x01, 0x00, 0x51, 0x0a, 0x0d, 0x01, 0x79, 0x79, 0x79, 0x09, 0x00, 0x00, 0x00, 0x09, 0x04,
    0x01, 0x00, 0x00, 0x1e, 0x03, 0x01, 0x79, 0x79, 0x25, 0x0c, 0x00, 0x79, 0x5e, 0x0d, 0x0c, 0x00,
    0x00, 0x51, 0x5a, 0x03, 0x01, 0x00, 0x51, 0x28, 0x04, 0x01, 0x00, 0x00, 0x0c, 0x09, 0x01, 0x79,
    0x79, 0x1c, 0x0d, 0x00, 0x00, 0x51, 0x1f, 0x0c, 0x01, 0x00, 0x24, 0x00, 0x0a, 0x01, 0x00, 0x24,
    0x5a, 0x03, 0x01, 0x79, 0x79, 0x0a, 0x0a, 0x00, 0x00, 0x1b, 0x76, 0x0c, 0x01, 0x00, 0x51, 0x28,
    0x00, 0x01, 0x79, 0x79, 0x55, 0x0a, 0x00, 0x79, 0x0d, 0x1c, 0x01, 0x00, 0x00, 0x1b, 0x1b, 0x0d,
    0x01, 0x00, 0x51, 0x0a, 0x01, 0x01, 0x79, 0x5e, 0x03, 0x00, 0x00, 0x00, 0x51, 0x78, 0x04, 0x01,
    0x00, 0x1b, 0x1e, 0x00, 0x01, 0x00, 0x1b, 0x24, 0x04, 0x01, 0x79, 0x79, 0x03, 0x0c, 0x00, 0x00,
    0x1b, 0x70, 0x0a, 0x01, 0x00, 0x51, 0x6c, 0x09, 0x01, 0x79, 0x79, 0x5a, 0x0a, 0x00, 0x79, 0x28,
    0x1e, 0x00, 0x00, 0x79, 0x79, 0x1b, 0x04, 0x00, 0x00, 0x51, 0x6d, 0x01, 0x01, 0x79, 0x79, 0x1b,
    0x09, 0x00, 0x00, 0x00, 0x03, 0x0c, 0x01, 0x79, 0x79, 0x76, 0x0c, 0x00, 0x00, 0x00, 0x04, 0x03,
    0x01, 0x79, 0x0d, 0x79, 0x0c, 0x00, 0x00, 0x00, 0x51, 0x0d, 0x01, 0x79, 0x79, 0x78, 0x0a, 0x00,
    0x00, 0x1b, 0x55, 0x03, 0x01, 0x79, 0x28, 0x25, 0x01, 0x00, 0x00, 0x51, 0x1c, 0x09, 0x01, 0x79,
    0x79, 0x1f, 0x0c, 0x00, 0x00, 0x1b, 0x1f, 0x00, 0x01, 0x00, 0x00, 0x1e, 0x09, 0x01, 0x79, 0x28,
    0x0a, 0x09, 0x00, 0x79, 0x28, 0x52, 0x09, 0x00, 0x00, 0x00, 0x52, 0x01, 0x01, 0x00, 0x1b, 0x5e,
    0x01, 0x01, 0x79, 0x28, 0x27, 0x00, 0x00, 0x79, 0x79, 0x54, 0x03, 0x00, 0x79, 0x28, 0x01, 0x03,
    0x00, 0x00, 0x00, 0x0a, 0x03, 0x01, 0x00, 0x51, 0x00, 0x09, 0x01, 0x79, 0x79, 0x27, 0x0d, 0x00,
    0x00, 0x00, 0x04, 0x03, 0x01, 0x79, 0x79, 0x75, 0x0a, 0x00, 0x79, 0x28, 0x55, 0x00, 0x00, 0x00,
    0x00, 0x5a, 0x03, 0x01, 0x79, 0x28, 0x09, 0x04, 0x00, 0x79, 0x5e, 0x1c, 0x03, 0x00, 0x00, 0x09,
    0x24, 0x0a, 0x01, 0x79, 0x5e, 0x0d, 0x0a, 0x00, 0x79, 0x79, 0x79, 0x0c, 0x00, 0x79, 0x28, 0x1f,
    0x0a, 0x00, 0x79, 0x79, 0x0c, 0x0d, 0x00, 0x00, 0x51, 0x28, 0x0a, 0x01, 0x79, 0x28, 0x04, 0x03,
    0x00, 0x00, 0x00, 0x76, 0x0d, 0x01, 0x79, 0x28, 0x28, 0x09, 0x00, 0x00, 0x00, 0x70, 0x0a, 0x01,
    0x00, 0x00, 0x75, 0x0c, 0x01, 0x00, 0x00, 0x0a, 0x00, 0x01, 0x79, 0x28, 0x52, 0x09, 0x00, 0x79,
    0x79, 0x52, 0x0a, 0x00, 0x79, 0x79, 0x0a, 0x09, 0x00, 0x00, 0x51, 0x1e, 0x04, 0x01, 0x79, 0x79,
    0x28, 0x00, 0x00, 0x79, 0x79, 0x5d, 0x0a, 0x00, 0x79, 0x0d, 0x5a, 0x09, 0x00, 0x00, 0x00, 0x1c,
    0x00, 0x01, 0x00, 0x00, 0x54, 0x04, 0x01, 0x79, 0x79, 0x1c, 0x0c, 0x00, 0x79, 0x0d, 0x28, 0x0d,
    0x00, 0x79, 0x79, 0x54, 0x0d, 0x00, 0x00, 0x00, 0x5b, 0x0c, 0x01, 0x79, 0x55, 0x1c, 0x00, 0x00,
    0x00, 0x1b, 0x51, 0x0a, 0x01, 0x79, 0x28, 0x27, 0x00, 0x00, 0x00, 0x1b, 0x25, 0x0a, 0x01, 0x79,
    0x28, 0x76, 0x09, 0x00, 0x79, 0x79, 0x01, 0x01, 0x00, 0x00, 0x00, 0x24, 0x04, 0x01, 0x00, 0x00,
    0x0c, 0x03, 0x01, 0x00, 0x00, 0x6f, 0x01, 0x01, 0x79, 0x79, 0x5b, 0x00, 0x00, 0x00, 0x00, 0x75,
    0x09, 0x01, 0x00, 0x51, 0x5a, 0x09, 0x01, 0x79, 0x79, 0x0d, 0x0c, 0x00, 0x79, 0x79, 0x55, 0x03,
    0x00, 0x00, 0x00, 0x1e, 0x01, 0x01, 0x79, 0x79, 0x0a, 0x01, 0x00, 0x79, 0x28, 0x04, 0x00, 0x00,
    0x00, 0x51, 0x5a, 0x09, 0x01, 0x79, 0x79, 0x76, 0x01, 0x00, 0x00, 0x00, 0x78, 0x0a, 0x01, 0x79,
    0x79, 0x55, 0x04, 0x00, 0x00, 0x00, 0x6f, 0x0a, 0x01, 0x00, 0x51, 0x54, 0x0c, 0x01, 0x79, 0x79,
    0x51, 0x03, 0x00, 0x79, 0x79, 0x55, 0x0a, 0x00, 0x00, 0x00, 0x00, 0x0a, 0x01, 0x79, 0x79, 0x76,
    0x04, 0x00, 0x79, 0x79, 0x51, 0x0d, 0x00, 0x00, 0x00, 0x52, 0x0d, 0x01, 0x79, 0x79, 0x78, 0x0d,
    0x00, 0x79, 0x79, 0x78, 0x03, 0x00, 0x79, 0x79, 0x55, 0x0d, 0x00, 0x00, 0x00, 0x6d, 0x0c, 0x01,
    0x79, 0x79, 0x0a, 0x01, 0x00, 0x00, 0x51, 0x03, 0x03, 0x01, 0x00, 0x00, 0x0c, 0x01, 0x01, 0x79,
    0x79, 0x03, 0x04, 0x00, 0x79, 0x79, 0x5e, 0x0c, 0x00, 0x00, 0x00, 0x04, 0x0c, 0x01, 0x79, 0x28,
    0x25, 0x04, 0x00, 0x79, 0x79, 0x04, 0x09, 0x00, 0x79, 0x79, 0x5a, 0x0c, 0x00, 0x00, 0x00, 0x52,
    0x00, 0x01, 0x79, 0x79, 0x0a, 0x0a, 0x00, 0x00, 0x51, 0x03, 0x0d, 0x01, 0x79, 0x28, 0x6f, 0x03,
    0x00, 0x79, 0x0d, 0x76, 0x0d, 0x00, 0x00, 0x5a, 0x24, 0x04, 0x01, 0x00, 0x51, 0x1e, 0x03, 0x01,
    0x00, 0x09, 0x6c, 0x01, 0x01, 0x00, 0x51, 0x0a, 0x0c, 0x01, 0x00, 0x00, 0x75, 0x04, 0x01, 0x00,
    0x00, 0x51, 0x0a, 0x01, 0x79, 0x70, 0x54, 0x00, 0x00, 0x79, 0x5e, 0x01, 0x04, 0x00, 0x00, 0x6c,
    0x6c, 0x04, 0x01, 0x79, 0x79, 0x1f, 0x00, 0x00, 0x00, 0x1b, 0x24, 0x01, 0x01, 0x00, 0x51, 0x04,
    0x0a, 0x01, 0x79, 0x28, 0x70, 0x00, 0x00, 0x00, 0x00, 0x70, 0x0d, 0x01, 0x00, 0x00, 0x5a, 0x0c,
    0x01, 0x00, 0x00, 0x01, 0x0c, 0x01, 0x00, 0x00, 0x0c, 0x01, 0x01, 0x00, 0x51, 0x51, 0x0a, 0x01,
    0x00, 0x00, 0x54, 0x04, 0x01, 0x00, 0x00, 0x70, 0x0a, 0x01, 0x79, 0x79, 0x6f, 0x0c, 0x00, 0x79,
    0x79, 0x75, 0x09, 0x00, 0x79, 0x28, 0x1f, 0x0c, 0x00, 0x79, 0x5e, 0x6d, 0x09, 0x00, 0x79, 0x0d,
    0x01, 0x01, 0x00, 0x00, 0x00, 0x1b, 0x09, 0x01, 0x00, 0x51, 0x6c, 0x00, 0x01, 0x79, 0x28, 0x25,
    0x00, 0x00, 0x00, 0x00, 0x55, 0x03, 0x01, 0x00, 0x1b, 0x0a, 0x01, 0x01, 0x00, 0x1b, 0x00, 0x01,
    0x01, 0x79, 0x28, 0x6c, 0x04, 0x00, 0x79, 0x79, 0x75, 0x00, 0x00, 0x79, 0x79, 0x1b, 0x0c, 0x00,
    0x79, 0x28, 0x5b, 0x0c, 0x00, 0x00, 0x00, 0x51, 0x01, 0x01, 0x00, 0x51, 0x1e, 0x09, 0x01, 0x79,
    0x28, 0x6c, 0x09, 0x00, 0x79, 0x79, 0x5e, 0x0a, 0x00, 0x00, 0x51, 0x51, 0x01, 0x01, 0x00, 0x51,
    0x54, 0x03, 0x01, 0x00, 0x00, 0x00, 0x03, 0x01, 0x79, 0x28, 0x1c, 0x09, 0x00, 0x00, 0x00, 0x0a,
    0x04, 0x01, 0x00, 0x00, 0x1e, 0x0d, 0x01, 0x00, 0x00, 0x04, 0x0c, 0x01, 0x79, 0x79, 0x5d, 0x0c,
    0x00, 0x79, 0x79, 0x25, 0x0d, 0x00, 0x00, 0x54, 0x5a, 0x04, 0x01, 0x00, 0x5a, 0x55, 0x00, 0x01,
    0x79, 0x28, 0x28, 0x03, 0x00, 0x00, 0x00, 0x00, 0x03, 0x01, 0x79, 0x79, 0x52, 0x09, 0x00, 0x79,
    0x5e, 0x1e, 0x01, 0x00, 0x79, 0x28, 0x09, 0x0c, 0x00, 0x00, 0x00, 0x28, 0x01, 0x01, 0x79, 0x79,
    0x24, 0x0c, 0x00, 0x79, 0x5e, 0x70, 0x01, 0x00, 0x00, 0x00, 0x76, 0x09, 0x01, 0x00, 0x00, 0x25,
    0x01, 0x01, 0x79, 0x79, 0x5b, 0x0c, 0x00, 0x00, 0x00, 0x52, 0x04, 0x01, 0x00, 0x00, 0x00, 0x0c,
    0x01, 0x00, 0x00, 0x1c, 0x00, 0x01, 0x00, 0x00, 0x1e, 0x0c, 0x01, 0x79, 0x79, 0x54, 0x04, 0x00,
    0x00, 0x51, 0x75, 0x0c, 0x01, 0x79, 0x5e, 0x78, 0x09, 0x00, 0x79, 0x79, 0x0c, 0x0d, 0x00, 0x79,
    0x79, 0x78, 0x0c, 0x00, 0x00, 0x00, 0x5d, 0x0c, 0x01, 0x79, 0x28, 0x79, 0x09, 0x00, 0x00, 0x00,
    0x5e, 0x09, 0x01, 0x00, 0x00, 0x5d, 0x04, 0x01, 0x00, 0x00, 0x70, 0x04, 0x01, 0x00, 0x00, 0x5d,
    0x0c, 0x01, 0x00, 0x51, 0x04, 0x0d, 0x01, 0x79, 0x28, 0x51, 0x00, 0x00, 0x79, 0x79, 0x6d, 0x04,
    0x00, 0x00, 0x00, 0x6d, 0x03, 0x01, 0x79, 0x28, 0x1b, 0x09, 0x00, 0x79, 0x5e, 0x52, 0x0c, 0x00,
    0x79, 0x5e, 0x75, 0x09, 0x00, 0x79, 0x5e, 0x0a, 0x0d, 0x00, 0x79, 0x79, 0x75, 0x04, 0x00, 0x00,
    0x1b, 0x5a, 0x0a, 0x01, 0x79, 0x79, 0x52, 0x00, 0x00, 0x79, 0x79, 0x28, 0x00, 0x00, 0x79, 0x79,
    0x0d, 0x01, 0x00, 0x79, 0x79, 0x0a, 0x0d, 0x00, 0x00, 0x00, 0x24, 0x03, 0x01, 0x00, 0x00, 0x1e,
    0x04, 0x01, 0x79, 0x79, 0x25, 0x03, 0x00, 0x79, 0x79, 0x5a, 0x04, 0x00, 0x00, 0x00, 0x54, 0x00,
    0x01, 0x79, 0x5e, 0x1f, 0x09, 0x00, 0x00, 0x51, 0x54, 0x00, 0x01, 0x79, 0x79, 0x78, 0x00, 0x00,
    0x00, 0x00, 0x28, 0x04, 0x01, 0x00, 0x1b, 0x70, 0x00, 0x01, 0x00, 0x00, 0x01, 0x09, 0x01, 0x00,
    0x6c, 0x76, 0x09, 0x01, 0x00, 0x09, 0x5a, 0x09, 0x01, 0x79, 0x28, 0x00, 0x04, 0x00, 0x00, 0x00,
    0x0a, 0x09, 0x01, 0x79, 0x0d, 0x1e, 0x0a, 0x00, 0x00, 0x1b, 0x1e, 0x01, 0x01, 0x00, 0x51, 0x0a,
    0x0c, 0x01, 0x79, 0x28, 0x55, 0x04, 0x00, 0x00, 0x00, 0x27, 0x03, 0x01, 0x00, 0x00, 0x5a, 0x0d,
    0x01, 0x00, 0x00, 0x03, 0x0a, 0x01, 0x79, 0x79, 0x5b, 0x00, 0x00, 0x79, 0x79, 0x5b, 0x0a, 0x00,
    0x00, 0x00, 0x25, 0x0c, 0x01, 0x79, 0x79, 0x0d, 0x0c, 0x00, 0x79, 0x79, 0x25, 0x04, 0x00, 0x00,
    0x00, 0x00, 0x03, 0x01, 0x79, 0x79, 0x52, 0x0c, 0x00, 0x00, 0x00, 0x52, 0x0a, 0x01, 0x79, 0x25,
    0x24, 0x0c, 0x00, 0x00, 0x00, 0x27, 0x00, 0x01, 0x00, 0x00, 0x09, 0x01, 0x01, 0x00, 0x51, 0x09,
    0x09, 0x01, 0x79, 0x79, 0x1e, 0x03, 0x00, 0x00, 0x00, 0x1b, 0x00, 0x01, 0x79, 0x79, 0x5e, 0x01,
    0x00, 0x00, 0x00, 0x52, 0x04, 0x01, 0x79, 0x79, 0x76, 0x01, 0x00, 0x00, 0x00, 0x24, 0x0d, 0x01,
    0x79, 0x79, 0x0a, 0x0c, 0x00, 0x00, 0x00, 0x00, 0x0c, 0x01, 0x00, 0x00, 0x27, 0x09, 0x01, 0x00,
    0x00, 0x6c, 0x03, 0x01, 0x79, 0x79, 0x0d, 0x0c, 0x00, 0x00, 0x00, 0x51, 0x00, 0x01, 0x79, 0x79,
    0x5e, 0x0c, 0x00, 0x00, 0x00, 0x01, 0x00, 0x01, 0x79, 0x79, 0x70, 0x0a, 0x00, 0x00, 0x00, 0x5b,
    0x01, 0x01, 0x79, 0x28, 0x28, 0x0d, 0x00, 0x00, 0x00, 0x51, 0x0c, 0x01, 0x79, 0x79, 0x0a, 0x09,
    0x00, 0x79, 0x79, 0x6f, 0x03, 0x00, 0x00, 0x00, 0x51, 0x01, 0x01, 0x79, 0x79, 0x79, 0x0c, 0x00,
    0x79, 0x79, 0x70, 0x04, 0x00, 0x00, 0x00, 0x03, 0x0c, 0x01, 0x00, 0x00, 0x75, 0x03, 0x01, 0x79,
    0x79, 0x0a, 0x04, 0x00, 0x00, 0x00, 0x6f, 0x00, 0x01, 0x79, 0x79, 0x70, 0x01, 0x00, 0x00, 0x00,
    0x0c, 0x01, 0x01, 0x00, 0x00, 0x0c, 0x01, 0x01, 0x79, 0x79, 0x1f, 0x09, 0x00, 0x79, 0x79, 0x79,
    0x0a, 0x00, 0x79, 0x79, 0x0d, 0x09, 0x00, 0x79, 0x79, 0x04, 0x0d, 0x00, 0x79, 0x79, 0x79, 0x0a,
    0x00, 0x79, 0x79, 0x55, 0x03, 0x00, 0x00, 0x00, 0x0c, 0x0a, 0x01, 0x79, 0x79, 0x27, 0x04, 0x00,
    0x79, 0x79, 0x5b, 0x00, 0x00, 0x79, 0x79, 0x6f, 0x03, 0x00, 0x79, 0x28, 0x1b, 0x03, 0x00, 0x00,
    0x00, 0x54, 0x00, 0x01, 0x00, 0x00, 0x75, 0x03, 0x01, 0x79, 0x28, 0x52, 0x01, 0x00, 0x79, 0x79,
    0x0a, 0x09, 0x00, 0x79, 0x79, 0x03, 0x04, 0x00, 0x79, 0x79, 0x0d, 0x04, 0x00, 0x00, 0x00, 0x76,
    0x03, 0x01, 0x79, 0x28, 0x0a, 0x00, 0x00, 0x79, 0x79, 0x5b, 0x03, 0x00, 0x79, 0x79, 0x52, 0x0a,
    0x00, 0x79, 0x79, 0x0d, 0x0c, 0x00, 0x79, 0x79, 0x51, 0x0a, 0x00, 0x00, 0x51, 0x09, 0x04, 0x01,
    0x00, 0x6c, 0x51, 0x00, 0x01, 0x00, 0x00, 0x1e, 0x00, 0x01, 0x79, 0x79, 0x70, 0x09, 0x00, 0x00,
    0x51, 0x01, 0x09, 0x01, 0x79, 0x79, 0x55, 0x0c, 0x00, 0x00, 0x00, 0x78, 0x09, 0x01, 0x00, 0x00,
    0x1b, 0x09, 0x01, 0x00, 0x00, 0x1b, 0x09, 0x01, 0x00, 0x00, 0x6f, 0x0d, 0x01, 0x79, 0x79, 0x79,
    0x03, 0x00, 0x79, 0x79, 0x09, 0x04, 0x00, 0x00, 0x00, 0x24, 0x0d, 0x01, 0x79, 0x28, 0x79, 0x00,
    0x00, 0x79, 0x1f, 0x6d, 0x03, 0x00, 0x79, 0x0d, 0x00, 0x0d, 0x00, 0x79, 0x5e, 0x01, 0x0d, 0x00,
    0x79, 0x5e, 0x01, 0x0c, 0x00, 0x00, 0x51, 0x0a, 0x04, 0x01, 0x79, 0x79, 0x70, 0x0a, 0x00, 0x79,
    0x28, 0x1c, 0x0a, 0x00, 0x00, 0x51, 0x55, 0x09, 0x01, 0x00, 0x00, 0x51, 0x0d, 0x01, 0x00, 0x00,
    0x5b, 0x0a, 0x01, 0x79, 0x5e, 0x55, 0x09, 0x00, 0x00, 0x00, 0x6c, 0x03, 0x01, 0x00, 0x00, 0x24,
    0x0a, 0x01, 0x79, 0x79, 0x76, 0x01, 0x00, 0x79, 0x79, 0x70, 0x0c, 0x00, 0x00, 0x00, 0x76, 0x0a,
    0x01, 0x00, 0x51, 0x0d, 0x00, 0x01, 0x79, 0x28, 0x6c, 0x03, 0x00, 0x00, 0x51, 0x00, 0x0c, 0x01,
    0x00, 0x00, 0x03, 0x0a, 0x01, 0x00, 0x1b, 0x27, 0x04, 0x01, 0x00, 0x51, 0x6c, 0x09, 0x01, 0x79,
    0x79, 0x1f, 0x00, 0x00, 0x79, 0x0d, 0x79, 0x04, 0x00, 0x00, 0x6c, 0x1e, 0x0d, 0x01, 0x00, 0x1b,
    0x0a, 0x0d, 0x01, 0x79, 0x28, 0x78, 0x0c, 0x00, 0x79, 0x28, 0x75, 0x00, 0x00, 0x00, 0x1b, 0x52,
    0x09, 0x01, 0x79, 0x79, 0x75, 0x0a, 0x00, 0x79, 0x79, 0x28, 0x0c, 0x00, 0x00, 0x00, 0x04, 0x01,
    0x01, 0x00, 0x00, 0x51, 0x04, 0x01, 0x00, 0x00, 0x1e, 0x00, 0x01, 0x79, 0x28, 0x76, 0x03, 0x00,
    0x00, 0x00, 0x51, 0x0d, 0x01, 0x79, 0x79, 0x76, 0x0c, 0x00, 0x79, 0x28, 0x28, 0x0c, 0x00, 0x79,
    0x28, 0x24, 0x03, 0x00, 0x79, 0x79, 0x01, 0x03, 0x00, 0x00, 0x00, 0x6d, 0x00, 0x01, 0x00, 0x51,
    0x51, 0x01, 0x01, 0x79, 0x5e, 0x27, 0x04, 0x00, 0x00, 0x00, 0x1b, 0x0a, 0x01, 0x00, 0x00, 0x55,
    0x0d, 0x01, 0x00, 0x51, 0x0c, 0x0d, 0x01, 0x00, 0x00, 0x5a, 0x0d, 0x01, 0x00, 0x1b, 0x6f, 0x09,
    0x01, 0x00, 0x75, 0x79, 0x0a, 0x01, 0x79, 0x25, 0x27, 0x0a, 0x00, 0x79, 0x79, 0x51, 0x03, 0x00,
    0x79, 0x5e, 0x1f, 0x00, 0x00, 0x79, 0x5e, 0x5b, 0x03, 0x00, 0x00, 0x00, 0x76, 0x04, 0x01, 0x79,
    0x79, 0x01, 0x00, 0x00, 0x00, 0x00, 0x6f, 0x01, 0x01, 0x00, 0x51, 0x0c, 0x01, 0x01, 0x79, 0x79,
    0x0a, 0x00, 0x00, 0x79, 0x79, 0x28, 0x01, 0x00, 0x79, 0x79, 0x1c, 0x00, 0x00, 0x00, 0x1b, 0x03,
    0x0a, 0x01, 0x79, 0x79, 0x5b, 0x04, 0x00, 0x00, 0x00, 0x1c, 0x0c, 0x01, 0x79, 0x28, 0x76, 0x01,
    0x00, 0x00, 0x00, 0x55, 0x0a, 0x01, 0x00, 0x00, 0x76, 0x01, 0x01, 0x00, 0x00, 0x1c, 0x09, 0x01,
    0x00, 0x51, 0x5a, 0x04, 0x01, 0x00, 0x00, 0x75, 0x0a, 0x01, 0x79, 0x79, 0x1f, 0x0d, 0x00, 0x79,
    0x79, 0x1f, 0x0d, 0x00, 0x00, 0x24, 0x75, 0x00, 0x01, 0x79, 0x28, 0x00, 0x0a, 0x00, 0x00, 0x00,
    0x5b, 0x00, 0x01, 0x79, 0x28, 0x51, 0x0a, 0x00, 0x79, 0x1f, 0x00, 0x04, 0x00, 0x79, 0x5e, 0x79,
    0x04, 0x00, 0x79, 0x1f, 0x24, 0x03, 0x00, 0x00, 0x00, 0x0c, 0x0c, 0x01, 0x00, 0x09, 0x6c, 0x00,
    0x01, 0x79, 0x79, 0x1f, 0x00, 0x00, 0x79, 0x79, 0x76, 0x0a, 0x00, 0x00, 0x00, 0x6f, 0x09, 0x01,
    0x79, 0x28, 0x0d, 0x0c, 0x00, 0x00, 0x51, 0x03, 0x0c, 0x01, 0x00, 0x09, 0x0d, 0x00, 0x01, 0x00,
    0x00, 0x1f, 0x01, 0x01, 0x00, 0x00, 0x09, 0x0a, 0x01, 0x00, 0x51, 0x1e, 0x0d, 0x01, 0x00, 0x51,
    0x1f, 0x04, 0x01, 0x00, 0x00, 0x1c, 0x04, 0x01, 0x00, 0x00, 0x00, 0x03, 0x01, 0x00, 0x00, 0x0a,
    0x03, 0x01, 0x79, 0x79, 0x76, 0x01, 0x00, 0x79, 0x28, 0x5b, 0x09, 0x00, 0x00, 0x00, 0x52, 0x0a,
    0x01, 0x00, 0x00, 0x25, 0x0d, 0x01, 0x79, 0x79, 0x6c, 0x01, 0x00, 0x00, 0x00, 0x6c, 0x0d, 0x01,
    0x79, 0x70, 0x28, 0x00, 0x00, 0x00, 0x00, 0x1f, 0x01, 0x01, 0x00, 0x1b, 0x25, 0x0c, 0x01, 0x00,
    0x00, 0x79, 0x04, 0x01, 0x79, 0x28, 0x79, 0x0c, 0x00, 0x00, 0x51, 0x79, 0x03, 0x01, 0x79, 0x79,
    0x24, 0x00, 0x00, 0x79, 0x79, 0x78, 0x0a, 0x00, 0x00, 0x00, 0x03, 0x04, 0x01, 0x00, 0x00, 0x01,
    0x00, 0x01, 0x00, 0x00, 0x51, 0x0c, 0x01, 0x00, 0x00, 0x1e, 0x00, 0x01, 0x00, 0x00, 0x00, 0x00,
    0x01, 0x00, 0x00, 0x51, 0x0c, 0x01, 0x79, 0x79, 0x0d, 0x09, 0x00, 0x79, 0x79, 0x5e, 0x04, 0x00,
    0x79, 0x79, 0x70, 0x0d, 0x00, 0x79, 0x79, 0x04, 0x01, 0x00, 0x00, 0x00, 0x27, 0x03, 0x01, 0x79,
    0x79, 0x5e, 0x03, 0x00, 0x00, 0x00, 0x51, 0x04, 0x01, 0x79, 0x79, 0x28, 0x0d, 0x00, 0x79, 0x79,
    0x5b, 0x04, 0x00, 0x79, 0x79, 0x0d, 0x0c, 0x00, 0x00, 0x00, 0x09, 0x00, 0x01, 0x00, 0x00, 0x01,
    0x0c, 0x01, 0x79, 0x79, 0x25, 0x00, 0x00, 0x00, 0x00, 0x09, 0x0d, 0x01, 0x79, 0x79, 0x04, 0x09,
    0x00, 0x00, 0x00, 0x03, 0x04, 0x01, 0x00, 0x00, 0x1e, 0x03, 0x01, 0x00, 0x00, 0x6c, 0x0c, 0x01,
    0x79, 0x28, 0x52, 0x00, 0x00, 0x79, 0x79, 0x76, 0x01, 0x00, 0x00, 0x00, 0x78, 0x0d, 0x01, 0x79,
    0x79, 0x79, 0x0c, 0x00, 0x00, 0x00, 0x54, 0x09, 0x01, 0x79, 0x79, 0x1f, 0x00, 0x00, 0x00, 0x00,
    0x1e, 0x01, 0x01, 0x00, 0x51, 0x5d, 0x0c, 0x01, 0x00, 0x51, 0x0c, 0x0c, 0x01, 0x79, 0x79, 0x09,
    0x09, 0x00, 0x79, 0x79, 0x76, 0x01, 0x00, 0x00, 0x00, 0x09, 0x01, 0x01, 0x79, 0x0d, 0x75, 0x00,
    0x00, 0x00, 0x51, 0x52, 0x0c, 0x01, 0x00, 0x00, 0x00, 0x0c, 0x01, 0x00, 0x51, 0x09, 0x0c, 0x01,
    0x79, 0x79, 0x70, 0x0a, 0x00, 0x00, 0x00, 0x78, 0x09, 0x01, 0x00, 0x00, 0x09, 0x0d, 0x01, 0x79,
    0x79, 0x00, 0x0c, 0x00, 0x79, 0x79, 0x76, 0x01, 0x00, 0x00, 0x51, 0x03, 0x09, 0x01, 0x00, 0x00,
    0x5b, 0x0d, 0x01, 0x79, 0x79, 0x70, 0x0c, 0x00, 0x00, 0x00, 0x00, 0x01, 0x01, 0x79, 0x79, 0x6f,
    0x00, 0x00, 0x00, 0x51, 0x75, 0x01, 0x01, 0x00, 0x00, 0x01, 0x0c, 0x01, 0x79, 0x79, 0x25, 0x04,
    0x00, 0x00, 0x00, 0x54, 0x04, 0x01, 0x00, 0x51, 0x00, 0x0a, 0x01, 0x00, 0x00, 0x0a, 0x01, 0x01,
    0x00, 0x51, 0x28, 0x00, 0x01, 0x79, 0x79, 0x55, 0x0a, 0x00, 0x00, 0x00, 0x0a, 0x04, 0x01, 0x00,
    0x51, 0x00, 0x0d, 0x01, 0x79, 0x28, 0x70, 0x00, 0x00, 0x00, 0x00, 0x1f, 0x04, 0x01, 0x79, 0x28,
    0x27, 0x09, 0x00, 0x79, 0x79, 0x54, 0x0d, 0x00, 0x79, 0x79, 0x51, 0x0d, 0x00, 0x79, 0x79, 0x0c,
    0x09, 0x00, 0x79, 0x70, 0x25, 0x04, 0x00, 0x00, 0x51, 0x5a, 0x0c, 0x01, 0x79, 0x79, 0x25, 0x01,
    0x00, 0x00, 0x51, 0x01, 0x09, 0x01, 0x79, 0x79, 0x70, 0x09, 0x00, 0x00, 0x00, 0x1c, 0x0a, 0x01,
    0x79, 0x79, 0x00, 0x00, 0x00, 0x79, 0x28, 0x55, 0x0a, 0x00, 0x79, 0x79, 0x70, 0x0c, 0x00, 0x79,
    0x79, 0x1b, 0x09, 0x00, 0x79, 0x79, 0x6f, 0x03, 0x00, 0x79, 0x28, 0x1c, 0x0c, 0x00, 0x00, 0x00,
    0x5b, 0x0d, 0x01, 0x79, 0x79, 0x6d, 0x04, 0x00, 0x00, 0x00, 0x24, 0x0d, 0x01, 0x00, 0x00, 0x1e,
    0x01, 0x01, 0x00, 0x00, 0x28, 0x09, 0x01, 0x79, 0x79, 0x76, 0x01, 0x00, 0x79, 0x79, 0x1e, 0x01,
    0x00, 0x79, 0x5e, 0x6c, 0x09, 0x00, 0x00, 0x1b, 0x75, 0x09, 0x01, 0x00, 0x1b, 0x24, 0x09, 0x01,
    0x79, 0x0d, 0x55, 0x00, 0x00, 0x00, 0x6c, 0x6c, 0x0c, 0x01, 0x79, 0x79, 0x09, 0x03, 0x00, 0x79,
    0x79, 0x04, 0x0c, 0x00, 0x00, 0x00, 0x6c, 0x0d, 0x01, 0x79, 0x28, 0x76, 0x01, 0x00, 0x00, 0x00,
    0x1e, 0x0d, 0x01, 0x00, 0x00, 0x5b, 0x04, 0x01, 0x79, 0x79, 0x0d, 0x0a, 0x00, 0x79, 0x28, 0x51,
    0x0a, 0x00, 0x00, 0x00, 0x55, 0x03, 0x01, 0x79, 0x79, 0x03, 0x01, 0x00, 0x79, 0x79, 0x03, 0x03,
    0x00, 0x00, 0x00, 0x75, 0x0a, 0x01, 0x79, 0x79, 0x1c, 0x0a, 0x00, 0x79, 0x79, 0x52, 0x01, 0x00,
    0x00, 0x00, 0x1b, 0x09, 0x01, 0x00, 0x51, 0x51, 0x09, 0x01, 0x00, 0x00, 0x78, 0x04, 0x01, 0x00,
    0x00, 0x0d, 0x09, 0x01, 0x79, 0x79, 0x27, 0x03, 0x00, 0x79, 0x28, 0x70, 0x01, 0x00, 0x00, 0x00,
    0x24, 0x0d, 0x01, 0x00, 0x00, 0x5e, 0x09, 0x01, 0x00, 0x00, 0x5a, 0x00, 0x01, 0x00, 0x00, 0x1c,
    0x01, 0x01, 0x00, 0x00, 0x6f, 0x0d, 0x01, 0x79, 0x79, 0x28, 0x04, 0x00, 0x00, 0x00, 0x52, 0x01,
    0x01, 0x00, 0x51, 0x75, 0x03, 0x01, 0x79, 0x28, 0x5b, 0x0c, 0x00, 0x79, 0x79, 0x6d, 0x0c, 0x00,
    0x00, 0x00, 0x01, 0x01, 0x01, 0x00, 0x00, 0x04, 0x09, 0x01, 0x79, 0x79, 0x55, 0x0c, 0x00, 0x79,
    0x79, 0x76, 0x0a, 0x00, 0x79, 0x79, 0x5e, 0x03, 0x00, 0x00, 0x00, 0x1e, 0x0a, 0x01, 0x00, 0x00,
    0x00, 0x03, 0x01, 0x79, 0x79, 0x00, 0x0c, 0x00, 0x79, 0x79, 0x04, 0x0a, 0x00, 0x79, 0x79, 0x1c,
    0x00, 0x00, 0x00, 0x00, 0x5d, 0x09, 0x01, 0x00, 0x00, 0x5a, 0x0d, 0x01, 0x00, 0x00, 0x54, 0x00,
    0x01, 0x00, 0x00, 0x1e, 0x00, 0x01, 0x00, 0x1b, 0x52, 0x0a, 0x01, 0x79, 0x28, 0x0d, 0x01, 0x00,
    0x00, 0x00, 0x24, 0x01, 0x01, 0x00, 0x00, 0x0c, 0x04, 0x01, 0x79, 0x79, 0x0a, 0x04, 0x00, 0x79,
    0x28, 0x79, 0x04, 0x00, 0x00, 0x00, 0x51, 0x00, 0x01, 0x79, 0x79, 0x00, 0x0a, 0x00, 0x79, 0x28,
    0x1e, 0x0d, 0x00, 0x79, 0x79, 0x1c, 0x0d, 0x00, 0x00, 0x51, 0x75, 0x00, 0x01, 0x00, 0x24, 0x5e,
    0x00, 0x01, 0x79, 0x28, 0x6d, 0x0a, 0x00, 0x00, 0x00, 0x78, 0x01, 0x01, 0x00, 0x00, 0x6c, 0x01,
    0x01, 0x00, 0x00, 0x78, 0x0d, 0x01, 0x79, 0x5e, 0x27, 0x0c, 0x00, 0x00, 0x51, 0x51, 0x0d, 0x01,
    0x00, 0x00, 0x03, 0x04, 0x01, 0x79, 0x79, 0x04, 0x00, 0x00, 0x79, 0x79, 0x5a, 0x09, 0x00, 0x00,
    0x00, 0x1c, 0x03, 0x01, 0x00, 0x51, 0x75, 0x03, 0x01, 0x79, 0x55, 0x25, 0x0c, 0x00, 0x79, 0x79,
    0x51, 0x04, 0x00, 0x79, 0x28, 0x0d, 0x04, 0x00, 0x00, 0x51, 0x70, 0x01, 0x01, 0x79, 0x79, 0x55,
    0x03, 0x00, 0x00, 0x00, 0x0d, 0x00, 0x01, 0x00, 0x00, 0x1e, 0x01, 0x01, 0x79, 0x79, 0x52, 0x0a,
    0x00, 0x00, 0x00, 0x54, 0x0d, 0x01, 0x79, 0x79, 0x54, 0x01, 0x00, 0x00, 0x00, 0x6c, 0x0d, 0x01,
    0x00, 0x00, 0x54, 0x03, 0x01, 0x79, 0x79, 0x0d, 0x0c, 0x00, 0x00, 0x00, 0x03, 0x01, 0x01, 0x79,
    0x79, 0x1f, 0x01, 0x00, 0x00, 0x00, 0x09, 0x01, 0x01, 0x79, 0x79, 0x70, 0x0c, 0x00, 0x00, 0x00,
    0x03, 0x04, 0x01, 0x00, 0x00, 0x24, 0x04, 0x01, 0x00, 0x00, 0x6c, 0x03, 0x01, 0x79, 0x79, 0x52,
    0x01, 0x00, 0x79, 0x79, 0x0d, 0x0a, 0x00, 0x79, 0x79, 0x79, 0x04, 0x00, 0x79, 0x79, 0x5e, 0x0c,
    0x00, 0x00, 0x00, 0x6f, 0x01, 0x01, 0x00, 0x00, 0x00, 0x04, 0x01, 0x79, 0x79, 0x55, 0x0c, 0x00,
    0x00, 0x00, 0x03, 0x09, 0x01, 0x79, 0x79, 0x04, 0x09, 0x00, 0x00, 0x00, 0x03, 0x0a, 0x01, 0x79,
    0x79, 0x28, 0x0c, 0x00, 0x00, 0x00, 0x27, 0x00, 0x01, 0x79, 0x79, 0x6d, 0x03, 0x00, 0x00, 0x51,
    0x24, 0x0d, 0x01, 0x79, 0x79, 0x5e, 0x03, 0x00, 0x79, 0x79, 0x76, 0x0c, 0x00, 0x00, 0x00, 0x6c,
    0x09, 0x01, 0x79, 0x79, 0x76, 0x09, 0x00, 0x79, 0x79, 0x28, 0x09, 0x00, 0x79, 0x79, 0x76, 0x0a,
    0x00, 0x00, 0x00, 0x54, 0x03, 0x01, 0x79, 0x79, 0x79, 0x0d, 0x00, 0x00, 0x00, 0x54, 0x03, 0x01,
    0x79, 0x79, 0x79, 0x0c, 0x00, 0x00, 0x00, 0x75, 0x09, 0x01, 0x00, 0x00, 0x6c, 0x03, 0x01, 0x79,
    0x79, 0x0d, 0x00, 0x00, 0x00, 0x00, 0x5a, 0x04, 0x01, 0x00, 0x00, 0x51, 0x0a, 0x01, 0x79, 0x79,
    0x25, 0x04, 0x00, 0x79, 0x79, 0x5e, 0x03, 0x00, 0x79, 0x79, 0x55, 0x03, 0x00, 0x79, 0x79, 0x6f,
    0x04, 0x00, 0x79, 0x79, 0x25, 0x0c, 0x00, 0x79, 0x79, 0x79, 0x03, 0x00, 0x00, 0x00, 0x54, 0x09,
    0x01, 0x00, 0x51, 0x75, 0x00, 0x01, 0x00, 0x00, 0x24, 0x0a, 0x01, 0x00, 0x51, 0x1e, 0x0d, 0x01,
    0x00, 0x00, 0x1c, 0x04, 0x01, 0x00, 0x1b, 0x55, 0x0a, 0x01, 0x00, 0x6c, 0x04, 0x09, 0x01, 0x00,
    0x00, 0x1b, 0x0c, 0x01, 0x79, 0x79, 0x0c, 0x09, 0x00, 0x79, 0x79, 0x24, 0x09, 0x00, 0x79, 0x79,
    0x0c, 0x09, 0x00, 0x79, 0x79, 0x04, 0x09, 0x00, 0x79, 0x1f, 0x1e, 0x09, 0x00, 0x79, 0x28, 0x04,
    0x00, 0x00, 0x79, 0x79, 0x5a, 0x01, 0x00, 0x79, 0x79, 0x1e, 0x0a, 0x00, 0x79, 0x79, 0x28, 0x0d,
    0x00, 0x00, 0x00, 0x5a, 0x03, 0x01, 0x00, 0x51, 0x00, 0x04, 0x01, 0x79, 0x79, 0x76, 0x0d, 0x00,
    0x00, 0x00, 0x70, 0x0d, 0x01, 0x79, 0x28, 0x78, 0x0d, 0x00, 0x79, 0x79, 0x6d, 0x0a, 0x00, 0x79,
    0x79, 0x0c, 0x04, 0x00, 0x00, 0x00, 0x78, 0x04, 0x01, 0x00, 0x00, 0x51, 0x0a, 0x01, 0x79, 0x79,
    0x52, 0x04, 0x00, 0x00, 0x00, 0x51, 0x0a, 0x01, 0x00, 0x00, 0x75, 0x03, 0x01, 0x79, 0x79, 0x75,
    0x0c, 0x00, 0x00, 0x51, 0x51, 0x01, 0x01, 0x79, 0x79, 0x25, 0x09, 0x00, 0x79, 0x79, 0x1f, 0x01,
    0x00, 0x00, 0x00, 0x76, 0x0c, 0x01, 0x00, 0x00, 0x75, 0x01, 0x01, 0x00, 0x51, 0x27, 0x03, 0x01,
    0x00, 0x00, 0x78, 0x00, 0x01, 0x79, 0x79, 0x1f, 0x0a, 0x00, 0x79, 0x79, 0x1f, 0x03, 0x00, 0x00,
    0x00, 0x78, 0x00, 0x01, 0x00, 0x00, 0x1e, 0x04, 0x01, 0x00, 0x1b, 0x79, 0x04, 0x01, 0x00, 0x00,
    0x52, 0x01, 0x01, 0x79, 0x28, 0x5e, 0x0d, 0x00, 0x79, 0x28, 0x52, 0x01, 0x00, 0x79, 0x79, 0x76,
    0x0a, 0x00, 0x79, 0x79, 0x25, 0x03, 0x00, 0x79, 0x28, 0x5e, 0x09, 0x00, 0x00, 0x51, 0x1e, 0x01,
    0x01, 0x00, 0x00, 0x52, 0x0d, 0x01, 0x00, 0x00, 0x24, 0x0d, 0x01, 0x79, 0x79, 0x6c, 0x0c, 0x00,
    0x00, 0x51, 0x52, 0x09, 0x01, 0x00, 0x00, 0x6c, 0x09, 0x01, 0x79, 0x79, 0x09, 0x0c, 0x00, 0x79,
    0x79, 0x01, 0x00, 0x00, 0x00, 0x00, 0x52, 0x03, 0x01, 0x00, 0x00, 0x24, 0x03, 0x01, 0x00, 0x00,
    0x0c, 0x01, 0x01, 0x79, 0x79, 0x54, 0x04, 0x00, 0x00, 0x00, 0x0d, 0x09, 0x01, 0x00, 0x00, 0x76,
    0x0c, 0x01, 0x00, 0x00, 0x0a, 0x0a, 0x01, 0x79, 0x79, 0x1b, 0x01, 0x00, 0x00, 0x00, 0x70, 0x00,
    0x01, 0x79, 0x28, 0x00, 0x00, 0x00, 0x79, 0x5e, 0x28, 0x03, 0x00, 0x79, 0x28, 0x1f, 0x0d, 0x00,
    0x79, 0x79, 0x70, 0x01, 0x00, 0x00, 0x00, 0x75, 0x0d, 0x01, 0x79, 0x79, 0x27, 0x03, 0x00, 0x00,
    0x00, 0x78, 0x00, 0x01, 0x00, 0x00, 0x52, 0x03, 0x01, 0x79, 0x79, 0x76, 0x00, 0x00, 0x79, 0x79,
    0x25, 0x00, 0x00, 0x00, 0x00, 0x0a, 0x09, 0x01, 0x00, 0x00, 0x1c, 0x0d, 0x01, 0x79, 0x79, 0x1f,
    0x03, 0x00, 0x79, 0x79, 0x76, 0x01, 0x00, 0x79, 0x79, 0x00, 0x00, 0x00, 0x00, 0x00, 0x27, 0x03,
    0x01, 0x79, 0x79, 0x1f, 0x03, 0x00, 0x79, 0x79, 0x0d, 0x04, 0x00, 0x00, 0x00, 0x52, 0x0c, 0x01,
    0x00, 0x00, 0x5d, 0x0c, 0x01, 0x79, 0x79, 0x28, 0x03, 0x00, 0x00, 0x00, 0x0a, 0x09, 0x01, 0x79,
    0x79, 0x25, 0x0a, 0x00, 0x79, 0x79, 0x0d, 0x0a, 0x00, 0x00, 0x00, 0x5a, 0x01, 0x01, 0x00, 0x00,
    0x03, 0x09, 0x01, 0x79, 0x79, 0x1f, 0x0a, 0x00, 0x00, 0x51, 0x03, 0x0d, 0x01, 0x79, 0x79, 0x01,
    0x04, 0x00, 0x00, 0x00, 0x04, 0x0a, 0x01, 0x79, 0x79, 0x78, 0x0c, 0x00, 0x00, 0x00, 0x78, 0x00,
    0x01, 0x00, 0x51, 0x51, 0x01, 0x01, 0x00, 0x00, 0x04, 0x09, 0x01, 0x79, 0x79, 0x79, 0x0c, 0x00,
    0x79, 0x79, 0x75, 0x04, 0x00, 0x79, 0x79, 0x79, 0x0a, 0x00, 0x00, 0x51, 0x75, 0x03, 0x01, 0x79,
    0x28, 0x04, 0x0d, 0x00, 0x00, 0x00, 0x78, 0x0d, 0x01, 0x00, 0x00, 0x5b, 0x03, 0x01, 0x79, 0x79,
    0x25, 0x0c, 0x00, 0x00, 0x51, 0x03, 0x00, 0x01, 0x00, 0x51, 0x09, 0x09, 0x01, 0x00, 0x00, 0x04,
    0x0d, 0x01, 0x79, 0x79, 0x6f, 0x0a, 0x00, 0x79, 0x79, 0x6d, 0x09, 0x00, 0x79, 0x79, 0x55, 0x0a,
    0x00, 0x00, 0x00, 0x0d, 0x0d, 0x01, 0x79, 0x79, 0x6f, 0x04, 0x00, 0x00, 0x6c, 0x76, 0x04, 0x01,
    0x79, 0x79, 0x79, 0x0c, 0x00, 0x79, 0x5e, 0x5b, 0x03, 0x00, 0x00, 0x00, 0x78, 0x01, 0x01, 0x79,
    0x79, 0x0c, 0x0c, 0x00, 0x00, 0x51, 0x03, 0x04, 0x01, 0x00, 0x00, 0x01, 0x09, 0x01, 0x79, 0x79,
    0x75, 0x00, 0x00, 0x00, 0x00, 0x0a, 0x09, 0x01, 0x00, 0x00, 0x78, 0x0d, 0x01, 0x00, 0x00, 0x75,
    0x09, 0x01, 0x79, 0x79, 0x5e, 0x0a, 0x00, 0x79, 0x79, 0x5d, 0x09, 0x00, 0x79, 0x79, 0x27, 0x0a,
    0x00, 0x79, 0x79, 0x0c, 0x00, 0x00, 0x79, 0x28, 0x70, 0x03, 0x00, 0x00, 0x00, 0x6f, 0x04, 0x01,
    0x00, 0x00, 0x78, 0x09, 0x01, 0x79, 0x79, 0x70, 0x03, 0x00, 0x79, 0x79, 0x79, 0x0d, 0x00, 0x00,
    0x51, 0x6c, 0x04, 0x01, 0x79, 0x79, 0x70, 0x04, 0x00, 0x00, 0x00, 0x78, 0x09, 0x01, 0x79, 0x79,
    0x0c, 0x0c, 0x00, 0x00, 0x00, 0x52, 0x00, 0x01, 0x79, 0x79, 0x28, 0x0a, 0x00, 0x00, 0x00, 0x5a,
    0x0a, 0x01, 0x79, 0x79, 0x28, 0x09, 0x00, 0x00, 0x00, 0x79, 0x00, 0x01, 0x00, 0x00, 0x04, 0x00,
    0x01, 0x00, 0x00, 0x6c, 0x03, 0x01, 0x00, 0x00, 0x09, 0x04, 0x01, 0x00, 0x1b, 0x55, 0x09, 0x01,
    0x79, 0x79, 0x1c, 0x04, 0x00, 0x79, 0x79, 0x1c, 0x09, 0x00, 0x00, 0x00, 0x27, 0x09, 0x01, 0x00,
    0x00, 0x0a, 0x0c, 0x01, 0x00, 0x00, 0x1e, 0x00, 0x01, 0x79, 0x79, 0x51, 0x04, 0x00, 0x00, 0x51,
    0x09, 0x04, 0x01, 0x79, 0x79, 0x0c, 0x0c, 0x00, 0x00, 0x00, 0x6f, 0x0a, 0x01, 0x00, 0x00, 0x01,
    0x0a, 0x01, 0x79, 0x28, 0x1f, 0x0c, 0x00, 0x79, 0x79, 0x5d, 0x0c, 0x00, 0x00, 0x00, 0x27, 0x09,
    0x01, 0x00, 0x00, 0x54, 0x00, 0x01, 0x79, 0x79, 0x79, 0x0d, 0x00, 0x79, 0x79, 0x28, 0x03, 0x00,
    0x00, 0x00, 0x51, 0x0d, 0x01, 0x79, 0x79, 0x78, 0x0a, 0x00, 0x79, 0x79, 0x76, 0x0a, 0x00, 0x00,
    0x00, 0x25, 0x00, 0x01, 0x79, 0x79, 0x70, 0x04, 0x00, 0x79, 0x79, 0x04, 0x01, 0x00, 0x00, 0x51,
    0x24, 0x04, 0x01, 0x00, 0x6c, 0x5d, 0x0c, 0x01, 0x00, 0x1b, 0x24, 0x03, 0x01, 0x00, 0x00, 0x03,
    0x03, 0x01, 0x79, 0x79, 0x0c, 0x0a, 0x00, 0x79, 0x28, 0x0d, 0x0a, 0x00, 0x79, 0x79, 0x1b, 0x0a,
    0x00, 0x00, 0x00, 0x01, 0x01, 0x01, 0x00, 0x00, 0x6c, 0x0a, 0x01, 0x79, 0x79, 0x55, 0x0c, 0x00,
    0x00, 0x00, 0x70, 0x0a, 0x01, 0x00, 0x51, 0x01, 0x0d, 0x01, 0x00, 0x00, 0x24, 0x04, 0x01, 0x79,
    0x28, 0x79, 0x01, 0x00, 0x79, 0x79, 0x78, 0x0a, 0x00, 0x00, 0x1b, 0x5b, 0x0a, 0x01, 0x00, 0x1b,
    0x1b, 0x03, 0x01, 0x79, 0x28, 0x79, 0x0d, 0x00, 0x00, 0x1b, 0x5d, 0x09, 0x01, 0x00, 0x00, 0x01,
    0x01, 0x01, 0x79, 0x79, 0x5d, 0x0a, 0x00, 0x79, 0x79, 0x01, 0x0c, 0x00, 0x79, 0x79, 0x5b, 0x04,
    0x00, 0x00, 0x00, 0x54, 0x0c, 0x01, 0x79, 0x28, 0x55, 0x09, 0x00, 0x79, 0x79, 0x1f, 0x0a, 0x00,
    0x79, 0x79, 0x1f, 0x0c, 0x00, 0x79, 0x79, 0x5d, 0x09, 0x00, 0x00, 0x00, 0x1c, 0x01, 0x01, 0x00,
    0x00, 0x09, 0x00, 0x01, 0x79, 0x79, 0x24, 0x0d, 0x00, 0x00, 0x00, 0x25, 0x01, 0x01, 0x79, 0x5e,
    0x28, 0x0c, 0x00, 0x79, 0x79, 0x28, 0x09, 0x00, 0x00, 0x00, 0x70, 0x0d, 0x01, 0x00, 0x00, 0x27,
    0x0a, 0x01, 0x00, 0x51, 0x00, 0x01, 0x01, 0x00, 0x00, 0x09, 0x00, 0x01, 0x79, 0x79, 0x0c, 0x0a,
    0x00, 0x00, 0x00, 0x78, 0x00, 0x01, 0x79, 0x79, 0x03, 0x01, 0x00, 0x79, 0x0d, 0x03, 0x0c, 0x00,
    0x79, 0x70, 0x25, 0x09, 0x00, 0x00, 0x51, 0x76, 0x0a, 0x01, 0x00, 0x00, 0x03, 0x0d, 0x01, 0x00,
    0x51, 0x1c, 0x00, 0x01, 0x00, 0x1b, 0x28, 0x09, 0x01, 0x00, 0x00, 0x5d, 0x09, 0x01, 0x00, 0x51,
    0x01, 0x09, 0x01, 0x79, 0x70, 0x28, 0x03, 0x00, 0x79, 0x28, 0x5e, 0x0a, 0x00, 0x00, 0x1b, 0x00,
    0x0c, 0x01, 0x79, 0x79, 0x78, 0x03, 0x00, 0x79, 0x79, 0x5d, 0x04, 0x00, 0x79, 0x79, 0x27, 0x01,
    0x00, 0x00, 0x00, 0x1e, 0x0a, 0x01, 0x00, 0x51, 0x51, 0x00, 0x01, 0x79, 0x79, 0x0c, 0x00, 0x00,
    0x79, 0x0d, 0x1b, 0x0a, 0x00, 0x00, 0x51, 0x00, 0x0c, 0x01, 0x00, 0x00, 0x27, 0x00, 0x01, 0x79,
    0x79, 0x0a, 0x0d, 0x00, 0x00, 0x00, 0x5a, 0x0d, 0x01, 0x79, 0x79, 0x5b, 0x03, 0x00, 0x79, 0x5e,
    0x6d, 0x0d, 0x00, 0x79, 0x79, 0x5b, 0x0c, 0x00, 0x79, 0x79, 0x28, 0x0c, 0x00, 0x79, 0x28, 0x0a,
    0x09, 0x00, 0x00, 0x51, 0x6c, 0x0a, 0x01, 0x79, 0x79, 0x27, 0x0a, 0x00, 0x00, 0x00, 0x5a, 0x0c,
    0x01, 0x00, 0x00, 0x6f, 0x0c, 0x01, 0x00, 0x00, 0x25, 0x0d, 0x01, 0x00, 0x00, 0x6c, 0x0d, 0x01,
    0x00, 0x00, 0x09, 0x09, 0x01,
};
inline constexpr unsigned long long BPP9000_TASK_SIZE = sizeof(BPP9000_TASK_BYTES);
static_assert(BPP9000_TASK_SIZE == 45589ULL);
